price.beach,price.pier,price.boat,price.charter,catch.beach,catch.pier,catch.boat,catch.charter,income,fishing_y
0.784081287044877,0.784081287044877,0.925486875529212,0.920406435224386,0.196020321761219,0.262489415749365,0.863674851820491,0.577476714648603,0.895850973751058,3
0.165961049957663,0.165961049957663,0.200677392040644,0.119390347163421,0.44030482641829,0.168924640135478,0.573666384419983,0.516088060965284,0.0740897544453853,3
0.792548687552921,0.792548687552921,0.407281964436918,0.464860287891617,0.867061812023709,0.890770533446232,0.781117696867062,0.780270956816257,0.527519051651143,2
0.168501270110076,0.168501270110076,0.670194750211685,0.665114309906859,0.196020321761219,0.430567315834039,0.61727349703641,0.577476714648603,0.190939881456393,1
0.647756138865368,0.647756138865368,0.570702794242168,0.576629974597799,0.196020321761219,0.262489415749365,0.542760372565622,0.422946655376799,0.663844199830652,2
0.841659610499577,0.841659610499577,0.458933107535986,0.52116850127011,0.867061812023709,0.890770533446232,0.660880609652837,0.441574936494496,0.663844199830652,3
0.386960203217612,0.386960203217612,0.954276037256562,0.954276037256562,0.196020321761219,0.430567315834039,0.61727349703641,0.577476714648603,0.945808636748518,0
0.168501270110076,0.168501270110076,0.377222692633362,0.437764606265876,0.196020321761219,0.430567315834039,0.10965283657917,0.216342082980525,0.190939881456393,3
0.301439458086367,0.301439458086367,0.515664690939881,0.404318374259102,0.610922946655377,0.660457239627434,0.25952582557155,0.257832345469941,0.527519051651143,2
0.25571549534293,0.25571549534293,0.457239627434378,0.295512277730737,0.610922946655377,0.660457239627434,0.25952582557155,0.257832345469941,0.356900931414056,2
0.301439458086367,0.301439458086367,0.407281964436918,0.320491109229467,0.44030482641829,0.168924640135478,0.573666384419983,0.516088060965284,0.527519051651143,1
0.945808636748518,0.945808636748518,0.313293818797629,0.389500423370025,0.867061812023709,0.890770533446232,0.781117696867062,0.780270956816257,0.895850973751058,2
0.187976291278577,0.187976291278577,0.0300592718035563,0.00804403048264183,0.44030482641829,0.168924640135478,0.0465707027942422,0.0779000846740051,0.0740897544453853,1
0.168501270110076,0.168501270110076,0.670194750211685,0.665114309906859,0.196020321761219,0.430567315834039,0.0135478408128704,0.0258255715495343,0.190939881456393,1
0.498729889923793,0.498729889923793,0.76545300592718,0.702794242167655,0.610922946655377,0.660457239627434,0.696443691786621,0.647332768839966,0.945808636748518,0
0.292125317527519,0.292125317527519,0.88653683319221,0.883149872988992,0.196020321761219,0.430567315834039,0.61727349703641,0.577476714648603,0.767146486028789,1
0.370448772226926,0.370448772226926,0.499153259949196,0.455122777307367,0.44030482641829,0.168924640135478,0.573666384419983,0.516088060965284,0.767146486028789,0
0.288314987298899,0.288314987298899,0.120237087214225,0.0732430143945809,0.44030482641829,0.12108382726503,0.465707027942422,0.404741744284505,0.356900931414056,1
0.85774767146486,0.85774767146486,0.206604572396274,0.291278577476715,0.867061812023709,0.0842506350550381,0.330651989839119,0.47883149872989,0.663844199830652,2
0.378492802709568,0.378492802709568,0.206604572396274,0.144369178662151,0.44030482641829,0.168924640135478,0.573666384419983,0.516088060965284,0.663844199830652,2
0.965707027942422,0.965707027942422,0.333192209991533,0.406858594411516,0.867061812023709,0.890770533446232,0.209991532599492,0.164267569856054,0.926333615580017,3
0.572396274343776,0.572396274343776,0.36917866215072,0.261642675698561,0.44030482641829,0.168924640135478,0.0465707027942422,0.0779000846740051,0.945808636748518,3
0.632514817950889,0.632514817950889,0.281117696867062,0.355207451312447,0.867061812023709,0.890770533446232,0.660880609652837,0.441574936494496,0.190939881456393,2
0.25571549534293,0.25571549534293,0.358171041490262,0.256138865368332,0.44030482641829,0.12108382726503,0.465707027942422,0.404741744284505,0.356900931414056,3
0.288314987298899,0.288314987298899,0.508467400508044,0.558001693480102,0.196020321761219,0.430567315834039,0.431837425910246,0.690093141405589,0.356900931414056,3
0.461049957662997,0.461049957662997,0.327688399661304,0.399661303979678,0.867061812023709,0.890770533446232,0.781117696867062,0.780270956816257,0.0740897544453853,0
0.384419983065199,0.384419983065199,0.623624047417443,0.592718035563082,0.44030482641829,0.168924640135478,0.573666384419983,0.516088060965284,0.663844199830652,1
0.494072819644369,0.494072819644369,0.761642675698561,0.782811176968671,0.196020321761219,0.430567315834039,0.511854360711262,0.866638441998307,0.895850973751058,2
0.476291278577477,0.476291278577477,0.200677392040644,0.287468247248095,0.867061812023709,0.890770533446232,0.209991532599492,0.164267569856054,0.0740897544453853,3
0.721422523285351,0.721422523285351,0.358171041490262,0.420829805249788,0.867061812023709,0.890770533446232,0.209991532599492,0.164267569856054,0.356900931414056,3
0.25571549534293,0.25571549534293,0.358171041490262,0.256138865368332,0.44030482641829,0.168924640135478,0.0465707027942422,0.0779000846740051,0.356900931414056,3
0.378492802709568,0.378492802709568,0.206604572396274,0.144369178662151,0.44030482641829,0.12108382726503,0.465707027942422,0.404741744284505,0.663844199830652,3
0.288314987298899,0.288314987298899,0.120237087214225,0.0732430143945809,0.44030482641829,0.168924640135478,0.0465707027942422,0.0779000846740051,0.356900931414056,2
0.0977984758679085,0.0977984758679085,0.779000846740051,0.775613886536833,0.196020321761219,0.430567315834039,0.0135478408128704,0.0258255715495343,0.527519051651143,0
0.237933954276037,0.237933954276037,0.0766299745977985,0.0368331922099915,0.44030482641829,0.12108382726503,0.465707027942422,0.404741744284505,0.190939881456393,1
0.750635055038103,0.750635055038103,0.120237087214225,0.243437764606266,0.867061812023709,0.0842506350550381,0.330651989839119,0.47883149872989,0.356900931414056,3
0.693056731583404,0.693056731583404,0.986875529212532,0.983488569009314,0.196020321761219,0.430567315834039,0.0135478408128704,0.0258255715495343,0.987298899237934,1
0.235393734123624,0.235393734123624,0.787468247248095,0.762912785774767,0.610922946655377,0.660457239627434,0.389923793395428,0.116426756985605,0.0740897544453853,2
0.674005080440305,0.674005080440305,0.426333615580017,0.475444538526672,0.867061812023709,0.890770533446232,0.209991532599492,0.164267569856054,0.190939881456393,3
0.275613886536833,0.275613886536833,0.725232853513971,0.726079593564776,0.196020321761219,0.430567315834039,0.61727349703641,0.577476714648603,0.356900931414056,1
0.118543607112616,0.118543607112616,0.606265876375953,0.610922946655377,0.196020321761219,0.430567315834039,0.61727349703641,0.577476714648603,0.356900931414056,2
0.118543607112616,0.118543607112616,0.656646909398815,0.68458933107536,0.196020321761219,0.430567315834039,0.511854360711262,0.866638441998307,0.356900931414056,3
0.88653683319221,0.88653683319221,0.270110076206605,0.34801016088061,0.867061812023709,0.890770533446232,0.781117696867062,0.780270956816257,0.663844199830652,2
0.42506350550381,0.42506350550381,0.952582557154953,0.946655376799323,0.610922946655377,0.660457239627434,0.986028789161727,0.986028789161727,0.527519051651143,3
0.88653683319221,0.88653683319221,0.270110076206605,0.34801016088061,0.867061812023709,0.890770533446232,0.781117696867062,0.780270956816257,0.663844199830652,3
0.201524132091448,0.201524132091448,0.804826418289585,0.806096528365792,0.196020321761219,0.430567315834039,0.0135478408128704,0.0258255715495343,0.842506350550381,1
0.959779847586791,0.959779847586791,0.39415749364945,0.45004233700254,0.867061812023709,0.890770533446232,0.781117696867062,0.780270956816257,0.895850973751058,3
0.546570702794242,0.546570702794242,0.317104149026249,0.393310753598645,0.867061812023709,0.890770533446232,0.781117696867062,0.780270956816257,0.0740897544453853,3
0.225656223539373,0.225656223539373,0.806096528365792,0.808636748518205,0.196020321761219,0.430567315834039,0.61727349703641,0.577476714648603,0.527519051651143,0
0.127857747671465,0.127857747671465,0.814140558848434,0.814563928873836,0.196020321761219,0.430567315834039,0.61727349703641,0.577476714648603,0.663844199830652,0
0.814140558848434,0.814140558848434,0.150719729043184,0.264606265876376,0.867061812023709,0.890770533446232,0.209991532599492,0.164267569856054,0.527519051651143,3
0.0537679932260796,0.0537679932260796,0.618543607112616,0.62108382726503,0.196020321761219,0.430567315834039,0.61727349703641,0.577476714648603,0.190939881456393,1
0.814140558848434,0.814140558848434,0.150719729043184,0.264606265876376,0.867061812023709,0.890770533446232,0.781117696867062,0.780270956816257,0.527519051651143,2
0.476291278577477,0.476291278577477,0.200677392040644,0.287468247248095,0.867061812023709,0.0842506350550381,0.330651989839119,0.47883149872989,0.0740897544453853,2
0.335309060118544,0.335309060118544,0.458933107535986,0.403048264182896,0.44030482641829,0.12108382726503,0.465707027942422,0.404741744284505,0.663844199830652,3
0.20956816257409,0.20956816257409,0.281117696867062,0.191363251481795,0.44030482641829,0.168924640135478,0.0465707027942422,0.0779000846740051,0.190939881456393,3
0.750635055038103,0.750635055038103,0.120237087214225,0.243437764606266,0.867061812023709,0.890770533446232,0.209991532599492,0.164267569856054,0.356900931414056,3
0.237933954276037,0.237933954276037,0.0766299745977985,0.0368331922099915,0.44030482641829,0.12108382726503,0.465707027942422,0.404741744284505,0.190939881456393,2
0.898391193903472,0.898391193903472,0.250635055038103,0.316680779000847,0.867061812023709,0.890770533446232,0.209991532599492,0.164267569856054,0.767146486028789,2
0.750635055038103,0.750635055038103,0.120237087214225,0.243437764606266,0.867061812023709,0.890770533446232,0.781117696867062,0.780270956816257,0.356900931414056,3
0.0537679932260796,0.0537679932260796,0.618543607112616,0.62108382726503,0.196020321761219,0.430567315834039,0.0135478408128704,0.0258255715495343,0.190939881456393,1
0.597798475867909,0.597798475867909,0.814140558848434,0.805249788314987,0.196020321761219,0.262489415749365,0.863674851820491,0.577476714648603,0.663844199830652,1
0.814140558848434,0.814140558848434,0.150719729043184,0.264606265876376,0.867061812023709,0.0842506350550381,0.330651989839119,0.47883149872989,0.527519051651143,3
0.331498729889924,0.331498729889924,0.150719729043184,0.104149026248942,0.44030482641829,0.168924640135478,0.573666384419983,0.516088060965284,0.527519051651143,2
0.0977984758679085,0.0977984758679085,0.779000846740051,0.775613886536833,0.196020321761219,0.430567315834039,0.61727349703641,0.577476714648603,0.527519051651143,1
0.527942421676545,0.527942421676545,0.0300592718035563,0.190093141405588,0.867061812023709,0.890770533446232,0.781117696867062,0.780270956816257,0.0740897544453853,3
0.814140558848434,0.814140558848434,0.150719729043184,0.264606265876376,0.867061812023709,0.890770533446232,0.781117696867062,0.780270956816257,0.527519051651143,2
0.814140558848434,0.814140558848434,0.150719729043184,0.264606265876376,0.867061812023709,0.890770533446232,0.660880609652837,0.441574936494496,0.527519051651143,3
0.898391193903472,0.898391193903472,0.250635055038103,0.316680779000847,0.867061812023709,0.890770533446232,0.781117696867062,0.780270956816257,0.767146486028789,2
0.288314987298899,0.288314987298899,0.120237087214225,0.0732430143945809,0.44030482641829,0.168924640135478,0.573666384419983,0.516088060965284,0.356900931414056,1
0.288314987298899,0.288314987298899,0.120237087214225,0.0732430143945809,0.44030482641829,0.168924640135478,0.0465707027942422,0.0779000846740051,0.356900931414056,2
0.0537679932260796,0.0537679932260796,0.428027095681626,0.477138018628281,0.196020321761219,0.430567315834039,0.10965283657917,0.216342082980525,0.190939881456393,3
0.965707027942422,0.965707027942422,0.333192209991533,0.406858594411516,0.867061812023709,0.890770533446232,0.660880609652837,0.441574936494496,0.926333615580017,3
0.898391193903472,0.898391193903472,0.250635055038103,0.316680779000847,0.867061812023709,0.0842506350550381,0.330651989839119,0.47883149872989,0.767146486028789,2
0.44623200677392,0.44623200677392,0.263336155800169,0.186282811176969,0.44030482641829,0.168924640135478,0.0465707027942422,0.0779000846740051,0.842506350550381,2
0.0977984758679085,0.0977984758679085,0.779000846740051,0.775613886536833,0.196020321761219,0.430567315834039,0.61727349703641,0.577476714648603,0.527519051651143,0
0.227773073666384,0.227773073666384,0.856900931414056,0.856900931414056,0.196020321761219,0.430567315834039,0.61727349703641,0.577476714648603,0.926333615580017,0
0.294665537679932,0.294665537679932,0.507197290431837,0.462320067739204,0.196020321761219,0.262489415749365,0.863674851820491,0.577476714648603,0.0740897544453853,2
0.750635055038103,0.750635055038103,0.120237087214225,0.243437764606266,0.867061812023709,0.0842506350550381,0.330651989839119,0.47883149872989,0.356900931414056,3
0.665537679932261,0.665537679932261,0.0766299745977985,0.21930567315834,0.867061812023709,0.890770533446232,0.781117696867062,0.780270956816257,0.190939881456393,2
0.527942421676545,0.527942421676545,0.0300592718035563,0.190093141405588,0.867061812023709,0.890770533446232,0.209991532599492,0.164267569856054,0.0740897544453853,3
0.0791701947502117,0.0791701947502117,0.704487722269263,0.699407281964437,0.196020321761219,0.430567315834039,0.0135478408128704,0.0258255715495343,0.356900931414056,0
0.814140558848434,0.814140558848434,0.150719729043184,0.264606265876376,0.867061812023709,0.890770533446232,0.660880609652837,0.441574936494496,0.527519051651143,2
0.187976291278577,0.187976291278577,0.0300592718035563,0.00804403048264183,0.44030482641829,0.168924640135478,0.573666384419983,0.516088060965284,0.0740897544453853,2
0.288314987298899,0.288314987298899,0.495766299745978,0.391193903471634,0.610922946655377,0.00169348010160881,0.480101608806097,0.39034716342083,0.356900931414056,3
0.0906011854360711,0.0906011854360711,0.55969517358171,0.530059271803556,0.610922946655377,0.660457239627434,0.927603725656224,0.927603725656224,0.0143945808636749,2
0.322184589331075,0.322184589331075,0.655376799322608,0.683319220999153,0.196020321761219,0.430567315834039,0.431837425910246,0.690093141405589,0.842506350550381,3
0.225656223539373,0.225656223539373,0.515664690939881,0.563082133784928,0.196020321761219,0.430567315834039,0.511854360711262,0.866638441998307,0.527519051651143,2
0.632514817950889,0.632514817950889,0.281117696867062,0.355207451312447,0.867061812023709,0.890770533446232,0.781117696867062,0.780270956816257,0.190939881456393,1
0.637595258255716,0.637595258255716,0.840812870448772,0.816257408975445,0.610922946655377,0.660457239627434,0.696443691786621,0.647332768839966,0.987298899237934,1
0.792548687552921,0.792548687552921,0.407281964436918,0.464860287891617,0.867061812023709,0.890770533446232,0.209991532599492,0.164267569856054,0.527519051651143,3
0.370448772226926,0.370448772226926,0.499153259949196,0.455122777307367,0.44030482641829,0.168924640135478,0.573666384419983,0.516088060965284,0.767146486028789,3
0.44623200677392,0.44623200677392,0.712955122777307,0.739627434377646,0.196020321761219,0.430567315834039,0.10965283657917,0.216342082980525,0.842506350550381,2
0.494072819644369,0.494072819644369,0.761642675698561,0.782811176968671,0.196020321761219,0.430567315834039,0.10965283657917,0.216342082980525,0.895850973751058,3
0.985605419136325,0.985605419136325,0.85774767146486,0.867908552074513,0.867061812023709,0.890770533446232,0.0715495342929721,0.780270956816257,0.973327688399661,2
0.415749364944962,0.415749364944962,0.681625740897544,0.704064352243861,0.196020321761219,0.430567315834039,0.10965283657917,0.216342082980525,0.767146486028789,3
0.494072819644369,0.494072819644369,0.761642675698561,0.782811176968671,0.196020321761219,0.430567315834039,0.511854360711262,0.866638441998307,0.895850973751058,2
0.856900931414056,0.856900931414056,0.632091447925487,0.636748518204911,0.196020321761219,0.0474174428450466,0.488145639288738,0.339119390347163,0.842506350550381,3
0.346316680779001,0.346316680779001,0.643945808636749,0.57493649449619,0.610922946655377,0.660457239627434,0.696443691786621,0.647332768839966,0.767146486028789,1
0.272226926333616,0.272226926333616,0.54995766299746,0.43649449618967,0.610922946655377,0.660457239627434,0.696443691786621,0.647332768839966,0.527519051651143,0
0.199830651989839,0.199830651989839,0.400508044030483,0.23454699407282,0.610922946655377,0.660457239627434,0.696443691786621,0.647332768839966,0.190939881456393,0
0.272226926333616,0.272226926333616,0.54995766299746,0.43649449618967,0.610922946655377,0.660457239627434,0.696443691786621,0.647332768839966,0.527519051651143,1
0.409398814563929,0.409398814563929,0.431837425910246,0.480101608806097,0.196020321761219,0.0190516511430991,0.143099068585944,0.35393734123624,0.356900931414056,3
0.343776460626588,0.343776460626588,0.363251481795089,0.422523285351397,0.196020321761219,0.430567315834039,0.431837425910246,0.690093141405589,0.190939881456393,3
0.919983065198984,0.919983065198984,0.696443691786621,0.693056731583404,0.196020321761219,0.0474174428450466,0.488145639288738,0.339119390347163,0.926333615580017,3
0.933954276037257,0.933954276037257,0.913632514817951,0.919559695173582,0.867061812023709,0.890770533446232,0.660880609652837,0.441574936494496,0.945808636748518,3
0.406858594411516,0.406858594411516,0.975444538526672,0.968670618120237,0.610922946655377,0.660457239627434,0.927603725656224,0.927603725656224,0.895850973751058,3
0.785351397121084,0.785351397121084,0.535139712108383,0.547417442845047,0.196020321761219,0.0474174428450466,0.488145639288738,0.339119390347163,0.663844199830652,3
0.182049110922947,0.182049110922947,0.484335309060119,0.502963590177815,0.196020321761219,0.430567315834039,0.61727349703641,0.577476714648603,0.0143945808636749,1
0.708298052497883,0.708298052497883,0.7307366638442,0.75571549534293,0.867061812023709,0.890770533446232,0.781117696867062,0.780270956816257,0.527519051651143,2
0.415749364944962,0.415749364944962,0.681625740897544,0.704064352243861,0.196020321761219,0.0190516511430991,0.143099068585944,0.35393734123624,0.767146486028789,2
0.237933954276037,0.237933954276037,0.437764606265876,0.489415749364945,0.196020321761219,0.0190516511430991,0.143099068585944,0.35393734123624,0.190939881456393,3
0.354784081287045,0.354784081287045,0.331922099915326,0.302286198137172,0.196020321761219,0.0474174428450466,0.488145639288738,0.339119390347163,0.0740897544453853,3
0.339119390347163,0.339119390347163,0.571972904318374,0.48264182895851,0.610922946655377,0.660457239627434,0.25952582557155,0.257832345469941,0.527519051651143,0
0.44623200677392,0.44623200677392,0.712955122777307,0.739627434377646,0.196020321761219,0.430567315834039,0.431837425910246,0.690093141405589,0.842506350550381,3
0.339119390347163,0.339119390347163,0.56731583403895,0.531752751905165,0.44030482641829,0.168924640135478,0.573666384419983,0.516088060965284,0.527519051651143,3
0.424216765453006,0.424216765453006,0.681625740897544,0.616426756985605,0.610922946655377,0.660457239627434,0.25952582557155,0.257832345469941,0.767146486028789,2
0.530059271803556,0.530059271803556,0.75571549534293,0.78069432684166,0.196020321761219,0.430567315834039,0.10965283657917,0.216342082980525,0.527519051651143,3
0.767146486028789,0.767146486028789,0.698560541913632,0.724809483488569,0.867061812023709,0.890770533446232,0.781117696867062,0.780270956816257,0.356900931414056,3
0.736663844199831,0.736663844199831,0.989839119390347,0.990685859441152,0.196020321761219,0.430567315834039,0.61727349703641,0.0520745131244708,0.895850973751058,3
0.49618966977138,0.49618966977138,0.75571549534293,0.697713801862828,0.610922946655377,0.660457239627434,0.696443691786621,0.647332768839966,0.527519051651143,0
0.850127011007621,0.850127011007621,0.819644369178662,0.834885690093141,0.196020321761219,0.430567315834039,0.511854360711262,0.866638441998307,0.987298899237934,2
0.409398814563929,0.409398814563929,0.431837425910246,0.480101608806097,0.196020321761219,0.430567315834039,0.511854360711262,0.866638441998307,0.356900931414056,3
0.430143945808637,0.430143945808637,0.758679085520745,0.700254022015241,0.610922946655377,0.660457239627434,0.696443691786621,0.647332768839966,0.926333615580017,0
0.696443691786621,0.696443691786621,0.660457239627434,0.687976291278578,0.196020321761219,0.430567315834039,0.10965283657917,0.216342082980525,0.895850973751058,2
0.75952582557155,0.75952582557155,0.721845893310754,0.74809483488569,0.196020321761219,0.430567315834039,0.10965283657917,0.216342082980525,0.945808636748518,3
0.406858594411516,0.406858594411516,0.718035563082134,0.668077900084674,0.610922946655377,0.660457239627434,0.696443691786621,0.647332768839966,0.895850973751058,1
0.732006773920406,0.732006773920406,0.477984758679086,0.48645215918713,0.196020321761219,0.0474174428450466,0.488145639288738,0.339119390347163,0.527519051651143,3
0.383573243014395,0.383573243014395,0.68458933107536,0.628281117696867,0.610922946655377,0.660457239627434,0.696443691786621,0.647332768839966,0.842506350550381,1
0.850127011007621,0.850127011007621,0.819644369178662,0.834885690093141,0.196020321761219,0.430567315834039,0.10965283657917,0.216342082980525,0.987298899237934,2
0.850127011007621,0.850127011007621,0.819644369178662,0.834885690093141,0.196020321761219,0.0190516511430991,0.143099068585944,0.35393734123624,0.987298899237934,2
0.649872988992379,0.649872988992379,0.632091447925487,0.661303979678239,0.196020321761219,0.430567315834039,0.431837425910246,0.690093141405589,0.842506350550381,3
0.919983065198984,0.919983065198984,0.696443691786621,0.693056731583404,0.196020321761219,0.0474174428450466,0.488145639288738,0.339119390347163,0.926333615580017,2
0.654106689246401,0.654106689246401,0.431837425910246,0.426333615580017,0.196020321761219,0.262489415749365,0.16723116003387,0.290008467400508,0.356900931414056,2
0.939034716342083,0.939034716342083,0.721845893310754,0.723962743437765,0.196020321761219,0.262489415749365,0.16723116003387,0.290008467400508,0.945808636748518,2
0.976291278577477,0.976291278577477,0.963590177815411,0.964436917866215,0.867061812023709,0.890770533446232,0.209991532599492,0.164267569856054,0.987298899237934,2
0.470787468247248,0.470787468247248,0.477984758679086,0.539796782387807,0.196020321761219,0.0190516511430991,0.143099068585944,0.35393734123624,0.527519051651143,3
0.470787468247248,0.470787468247248,0.477984758679086,0.539796782387807,0.196020321761219,0.430567315834039,0.431837425910246,0.690093141405589,0.527519051651143,3
0.461049957662997,0.461049957662997,0.327688399661304,0.399661303979678,0.867061812023709,0.0842506350550381,0.330651989839119,0.47883149872989,0.0740897544453853,3
0.825571549534293,0.825571549534293,0.623624047417443,0.654530059271804,0.867061812023709,0.890770533446232,0.781117696867062,0.780270956816257,0.663844199830652,3
0.450465707027942,0.450465707027942,0.712955122777307,0.663844199830652,0.610922946655377,0.660457239627434,0.696443691786621,0.647332768839966,0.842506350550381,2
0.323454699407282,0.323454699407282,0.173581710414903,0.275190516511431,0.867061812023709,0.890770533446232,0.660880609652837,0.441574936494496,0.0143945808636749,3
0.494072819644369,0.494072819644369,0.761642675698561,0.782811176968671,0.196020321761219,0.430567315834039,0.511854360711262,0.866638441998307,0.895850973751058,2
0.378492802709568,0.378492802709568,0.635055038103302,0.66723116003387,0.196020321761219,0.0190516511430991,0.143099068585944,0.35393734123624,0.663844199830652,3
0.955122777307367,0.955122777307367,0.817950889077053,0.831498729889924,0.867061812023709,0.890770533446232,0.781117696867062,0.780270956816257,0.842506350550381,2
0.56731583403895,0.56731583403895,0.688823031329382,0.65580016934801,0.44030482641829,0.168924640135478,0.0465707027942422,0.0779000846740051,0.527519051651143,3
0.801016088060965,0.801016088060965,0.931414055884843,0.922946655376799,0.610922946655377,0.00169348010160881,0.480101608806097,0.39034716342083,0.926333615580017,3
0.906011854360711,0.906011854360711,0.747248094834886,0.771803556308213,0.867061812023709,0.890770533446232,0.209991532599492,0.164267569856054,0.663844199830652,3
0.712108382726503,0.712108382726503,0.95004233700254,0.953429297205758,0.196020321761219,0.430567315834039,0.511854360711262,0.866638441998307,0.945808636748518,2
0.860287891617273,0.860287891617273,0.688823031329382,0.711685012701101,0.867061812023709,0.890770533446232,0.209991532599492,0.164267569856054,0.527519051651143,3
0.860287891617273,0.860287891617273,0.688823031329382,0.711685012701101,0.867061812023709,0.890770533446232,0.209991532599492,0.164267569856054,0.527519051651143,3
0.5961049957663,0.5961049957663,0.436071126164268,0.484335309060119,0.867061812023709,0.890770533446232,0.209991532599492,0.164267569856054,0.0740897544453853,3
0.743437764606266,0.743437764606266,0.703217612193057,0.674851820491109,0.44030482641829,0.12108382726503,0.465707027942422,0.404741744284505,0.895850973751058,2
0.661303979678239,0.661303979678239,0.628281117696867,0.598221845893311,0.44030482641829,0.12108382726503,0.465707027942422,0.404741744284505,0.767146486028789,2
0.952582557154953,0.952582557154953,0.674851820491109,0.695173581710415,0.867061812023709,0.890770533446232,0.781117696867062,0.780270956816257,0.842506350550381,2
0.479254868755292,0.479254868755292,0.743861134631668,0.71930567315834,0.196020321761219,0.262489415749365,0.294665537679932,0.0258255715495343,0.356900931414056,2
0.603302286198137,0.603302286198137,0.579593564775614,0.543607112616427,0.44030482641829,0.168924640135478,0.573666384419983,0.516088060965284,0.663844199830652,2
0.661303979678239,0.661303979678239,0.628281117696867,0.598221845893311,0.44030482641829,0.168924640135478,0.0465707027942422,0.0779000846740051,0.767146486028789,3
0.382303132938188,0.382303132938188,0.874682472480948,0.87891617273497,0.196020321761219,0.430567315834039,0.61727349703641,0.577476714648603,0.767146486028789,1
0.853513971210838,0.853513971210838,0.520745131244708,0.571549534292972,0.867061812023709,0.890770533446232,0.781117696867062,0.780270956816257,0.527519051651143,3
0.90008467400508,0.90008467400508,0.579593564775614,0.624894157493649,0.867061812023709,0.890770533446232,0.0715495342929721,0.780270956816257,0.663844199830652,3
0.853513971210838,0.853513971210838,0.520745131244708,0.571549534292972,0.867061812023709,0.890770533446232,0.781117696867062,0.780270956816257,0.527519051651143,3
0.444538526672312,0.444538526672312,0.932260795935648,0.92887383573243,0.610922946655377,0.660457239627434,0.927603725656224,0.927603725656224,0.356900931414056,3
0.344623200677392,0.344623200677392,0.842506350550381,0.842929720575783,0.196020321761219,0.430567315834039,0.61727349703641,0.577476714648603,0.663844199830652,0
0.952582557154953,0.952582557154953,0.674851820491109,0.695173581710415,0.867061812023709,0.0842506350550381,0.330651989839119,0.47883149872989,0.842506350550381,3
0.171041490262489,0.171041490262489,0.547417442845047,0.545723962743438,0.196020321761219,0.430567315834039,0.61727349703641,0.577476714648603,0.0740897544453853,0
0.479254868755292,0.479254868755292,0.743861134631668,0.71930567315834,0.196020321761219,0.262489415749365,0.863674851820491,0.577476714648603,0.356900931414056,2
0.638865368331922,0.638865368331922,0.817104149026249,0.821337849280271,0.196020321761219,0.262489415749365,0.16723116003387,0.290008467400508,0.663844199830652,2
0.707027942421677,0.707027942421677,0.887383573243014,0.864521591871296,0.610922946655377,0.660457239627434,0.696443691786621,0.647332768839966,0.842506350550381,0
0.638865368331922,0.638865368331922,0.842506350550381,0.830651989839119,0.196020321761219,0.262489415749365,0.863674851820491,0.577476714648603,0.663844199830652,3
0.806096528365792,0.806096528365792,0.940728196443692,0.931414055884843,0.610922946655377,0.660457239627434,0.25952582557155,0.257832345469941,0.842506350550381,2
0.955969517358171,0.955969517358171,0.752328535139712,0.779000846740051,0.867061812023709,0.0842506350550381,0.330651989839119,0.47883149872989,0.767146486028789,2
0.895850973751058,0.895850973751058,0.646909398814564,0.679085520745131,0.867061812023709,0.890770533446232,0.209991532599492,0.164267569856054,0.527519051651143,3
0.215918712955123,0.215918712955123,0.654530059271804,0.652836579170195,0.196020321761219,0.430567315834039,0.61727349703641,0.577476714648603,0.190939881456393,0
0.853513971210838,0.853513971210838,0.520745131244708,0.571549534292972,0.867061812023709,0.0842506350550381,0.330651989839119,0.47883149872989,0.527519051651143,3
0.259102455546147,0.259102455546147,0.707874682472481,0.732006773920406,0.196020321761219,0.430567315834039,0.511854360711262,0.866638441998307,0.356900931414056,3
0.952582557154953,0.952582557154953,0.674851820491109,0.695173581710415,0.867061812023709,0.890770533446232,0.0715495342929721,0.780270956816257,0.842506350550381,2
0.303979678238781,0.303979678238781,0.786198137171888,0.799745977984759,0.196020321761219,0.430567315834039,0.431837425910246,0.690093141405589,0.527519051651143,3
0.972904318374259,0.972904318374259,0.703217612193057,0.729043183742591,0.867061812023709,0.890770533446232,0.781117696867062,0.780270956816257,0.895850973751058,2
0.479254868755292,0.479254868755292,0.707874682472481,0.706181202370872,0.196020321761219,0.262489415749365,0.542760372565622,0.422946655376799,0.356900931414056,3
0.382303132938188,0.382303132938188,0.874682472480948,0.87891617273497,0.196020321761219,0.430567315834039,0.61727349703641,0.577476714648603,0.767146486028789,0
0.771380186282811,0.771380186282811,0.483065198983912,0.549110922946655,0.867061812023709,0.890770533446232,0.781117696867062,0.780270956816257,0.356900931414056,3
0.8268416596105,0.8268416596105,0.564775613886537,0.608806096528366,0.867061812023709,0.890770533446232,0.781117696867062,0.780270956816257,0.527519051651143,3
0.5961049957663,0.5961049957663,0.436071126164268,0.484335309060119,0.867061812023709,0.0842506350550381,0.330651989839119,0.47883149872989,0.0740897544453853,2
0.317104149026249,0.317104149026249,0.679932260795936,0.674005080440305,0.196020321761219,0.430567315834039,0.0135478408128704,0.0258255715495343,0.190939881456393,2
0.723962743437765,0.723962743437765,0.531329381879763,0.582557154953429,0.867061812023709,0.890770533446232,0.781117696867062,0.780270956816257,0.190939881456393,3
0.906011854360711,0.906011854360711,0.747248094834886,0.771803556308213,0.867061812023709,0.0842506350550381,0.330651989839119,0.47883149872989,0.663844199830652,3
0.906011854360711,0.906011854360711,0.747248094834886,0.771803556308213,0.867061812023709,0.0842506350550381,0.330651989839119,0.47883149872989,0.663844199830652,2
0.301439458086367,0.301439458086367,0.515664690939881,0.404318374259102,0.610922946655377,0.660457239627434,0.696443691786621,0.647332768839966,0.527519051651143,0
0.442845046570703,0.442845046570703,0.812023708721422,0.827265029635902,0.196020321761219,0.430567315834039,0.10965283657917,0.216342082980525,0.842506350550381,3
0.741744284504657,0.741744284504657,0.816257408975445,0.804403048264183,0.44030482641829,0.12108382726503,0.465707027942422,0.404741744284505,0.961049957662998,3
0.872565622353937,0.872565622353937,0.616426756985605,0.651566469093988,0.867061812023709,0.890770533446232,0.0715495342929721,0.780270956816257,0.663844199830652,3
0.853513971210838,0.853513971210838,0.520745131244708,0.571549534292972,0.867061812023709,0.890770533446232,0.660880609652837,0.441574936494496,0.527519051651143,2
0.20956816257409,0.20956816257409,0.377222692633362,0.207451312447079,0.610922946655377,0.660457239627434,0.696443691786621,0.647332768839966,0.190939881456393,1
0.123624047417443,0.123624047417443,0.277307366638442,0.351820491109229,0.196020321761219,0.430567315834039,0.10965283657917,0.216342082980525,0.0740897544453853,3
0.853513971210838,0.853513971210838,0.520745131244708,0.571549534292972,0.867061812023709,0.890770533446232,0.781117696867062,0.780270956816257,0.527519051651143,3
0.906011854360711,0.906011854360711,0.747248094834886,0.771803556308213,0.867061812023709,0.890770533446232,0.660880609652837,0.441574936494496,0.663844199830652,3
0.51735817104149,0.51735817104149,0.767146486028789,0.737510584250635,0.196020321761219,0.262489415749365,0.863674851820491,0.577476714648603,0.356900931414056,1
0.242167654530059,0.242167654530059,0.52878916172735,0.58086367485182,0.196020321761219,0.0190516511430991,0.143099068585944,0.35393734123624,0.0740897544453853,3
0.21930567315834,0.21930567315834,0.372142252328535,0.359017781541067,0.196020321761219,0.262489415749365,0.0266723116003387,0.314563928873836,0.0143945808636749,3
0.485605419136325,0.485605419136325,0.83657917019475,0.846740050804403,0.196020321761219,0.430567315834039,0.431837425910246,0.690093141405589,0.663844199830652,2
0.687976291278578,0.687976291278578,0.946655376799323,0.945808636748518,0.196020321761219,0.430567315834039,0.61727349703641,0.577476714648603,0.926333615580017,0
0.988569009314141,0.988569009314141,0.89034716342083,0.896274343776461,0.867061812023709,0.0842506350550381,0.330651989839119,0.47883149872989,0.945808636748518,3
0.242167654530059,0.242167654530059,0.565622353937341,0.557154953429297,0.196020321761219,0.0190516511430991,0.36155800169348,0.375529212531753,0.0740897544453853,1
0.723962743437765,0.723962743437765,0.531329381879763,0.582557154953429,0.867061812023709,0.890770533446232,0.781117696867062,0.780270956816257,0.190939881456393,3
0.474174428450466,0.474174428450466,0.736663844199831,0.679932260795936,0.610922946655377,0.660457239627434,0.696443691786621,0.647332768839966,0.356900931414056,2
0.474174428450466,0.474174428450466,0.62108382726503,0.590601185436071,0.44030482641829,0.168924640135478,0.0465707027942422,0.0779000846740051,0.356900931414056,2
0.477561388653683,0.477561388653683,0.616426756985605,0.580016934801016,0.44030482641829,0.168924640135478,0.573666384419983,0.516088060965284,0.663844199830652,2
0.680355630821338,0.680355630821338,0.871295512277731,0.863674851820491,0.196020321761219,0.262489415749365,0.294665537679932,0.0258255715495343,0.767146486028789,3
0.368755292125318,0.368755292125318,0.835309060118544,0.83276883996613,0.196020321761219,0.430567315834039,0.0135478408128704,0.0258255715495343,0.663844199830652,1
0.546570702794242,0.546570702794242,0.317104149026249,0.393310753598645,0.867061812023709,0.890770533446232,0.781117696867062,0.780270956816257,0.0740897544453853,3
0.668924640135478,0.668924640135478,0.997459779847587,0.997459779847587,0.610922946655377,0.660457239627434,0.927603725656224,0.927603725656224,0.926333615580017,3
0.939881456392887,0.939881456392887,0.70194750211685,0.728196443691787,0.867061812023709,0.890770533446232,0.209991532599492,0.164267569856054,0.842506350550381,3
0.275613886536833,0.275613886536833,0.725232853513971,0.726079593564776,0.196020321761219,0.430567315834039,0.61727349703641,0.577476714648603,0.356900931414056,1
0.309060118543607,0.309060118543607,0.527519051651143,0.500423370025402,0.196020321761219,0.0474174428450466,0.55376799322608,0.375529212531753,0.0740897544453853,3
0.3268416596105,0.3268416596105,0.0804403048264183,0.220152413209145,0.867061812023709,0.890770533446232,0.781117696867062,0.780270956816257,0.0143945808636749,3
0.693056731583404,0.693056731583404,0.986875529212532,0.983488569009314,0.196020321761219,0.430567315834039,0.61727349703641,0.577476714648603,0.987298899237934,0
0.632514817950889,0.632514817950889,0.281117696867062,0.355207451312447,0.867061812023709,0.890770533446232,0.209991532599492,0.164267569856054,0.190939881456393,3
0.876375952582557,0.876375952582557,0.499153259949196,0.551651143099069,0.867061812023709,0.890770533446232,0.209991532599492,0.164267569856054,0.767146486028789,3
0.792548687552921,0.792548687552921,0.407281964436918,0.464860287891617,0.867061812023709,0.890770533446232,0.209991532599492,0.164267569856054,0.527519051651143,3
0.988569009314141,0.988569009314141,0.89034716342083,0.896274343776461,0.867061812023709,0.890770533446232,0.781117696867062,0.780270956816257,0.945808636748518,3
0.906011854360711,0.906011854360711,0.747248094834886,0.771803556308213,0.867061812023709,0.890770533446232,0.209991532599492,0.164267569856054,0.663844199830652,3
0.911939034716342,0.911939034716342,0.945808636748518,0.939881456392887,0.44030482641829,0.168924640135478,0.573666384419983,0.516088060965284,0.987298899237934,2
0.485605419136325,0.485605419136325,0.855207451312447,0.855207451312447,0.196020321761219,0.430567315834039,0.533446232006774,0.324301439458086,0.663844199830652,3
0.5961049957663,0.5961049957663,0.436071126164268,0.484335309060119,0.867061812023709,0.890770533446232,0.781117696867062,0.780270956816257,0.0740897544453853,2
0.549534292972058,0.549534292972058,0.657917019475021,0.637595258255716,0.44030482641829,0.168924640135478,0.573666384419983,0.516088060965284,0.767146486028789,3
0.368755292125318,0.368755292125318,0.835309060118544,0.83276883996613,0.196020321761219,0.430567315834039,0.0135478408128704,0.0258255715495343,0.663844199830652,1
0.872565622353937,0.872565622353937,0.616426756985605,0.651566469093988,0.867061812023709,0.0842506350550381,0.330651989839119,0.47883149872989,0.663844199830652,3
0.123624047417443,0.123624047417443,0.277307366638442,0.351820491109229,0.196020321761219,0.430567315834039,0.10965283657917,0.216342082980525,0.0740897544453853,3
0.0537679932260796,0.0537679932260796,0.0766299745977985,0.054614733276884,0.196020321761219,0.262489415749365,0.863674851820491,0.577476714648603,0.190939881456393,1
0.127857747671465,0.127857747671465,0.206604572396274,0.151143099068586,0.196020321761219,0.262489415749365,0.294665537679932,0.0258255715495343,0.663844199830652,1
0.0626587637595258,0.0626587637595258,0.0876375952582557,0.13082133784928,0.196020321761219,0.430567315834039,0.61727349703641,0.577476714648603,0.663844199830652,1
0.190516511430991,0.190516511430991,0.330228619813717,0.297629127857748,0.196020321761219,0.430567315834039,0.0135478408128704,0.0258255715495343,0.527519051651143,2
0.190516511430991,0.190516511430991,0.330228619813717,0.251481795088908,0.196020321761219,0.262489415749365,0.240050804403048,0.324301439458086,0.527519051651143,3
0.190516511430991,0.190516511430991,0.330228619813717,0.297629127857748,0.196020321761219,0.430567315834039,0.61727349703641,0.577476714648603,0.527519051651143,3
0.348856900931414,0.348856900931414,0.596951735817104,0.563928873835732,0.196020321761219,0.262489415749365,0.863674851820491,0.577476714648603,0.969093988145639,2
0.207027942421677,0.207027942421677,0.373835732430144,0.292972057578323,0.196020321761219,0.0474174428450466,0.55376799322608,0.375529212531753,0.663844199830652,0
0.0977984758679085,0.0977984758679085,0.150719729043184,0.11727349703641,0.196020321761219,0.262489415749365,0.863674851820491,0.577476714648603,0.527519051651143,0
0.947502116850127,0.947502116850127,0.639288738357324,0.672311600338696,0.867061812023709,0.890770533446232,0.781117696867062,0.780270956816257,0.527519051651143,2
0.274343776460627,0.274343776460627,0.0766299745977985,0.126164267569856,0.196020321761219,0.430567315834039,0.0135478408128704,0.0258255715495343,0.190939881456393,2
0.0977984758679085,0.0977984758679085,0.150719729043184,0.11727349703641,0.196020321761219,0.262489415749365,0.294665537679932,0.0258255715495343,0.527519051651143,1
0.127857747671465,0.127857747671465,0.206604572396274,0.151143099068586,0.196020321761219,0.262489415749365,0.294665537679932,0.0258255715495343,0.663844199830652,2
0.0977984758679085,0.0977984758679085,0.150719729043184,0.11727349703641,0.196020321761219,0.262489415749365,0.294665537679932,0.0258255715495343,0.527519051651143,0
0.481371718882303,0.481371718882303,0.250635055038103,0.233276883996613,0.196020321761219,0.430567315834039,0.61727349703641,0.577476714648603,0.767146486028789,0
0.160880609652837,0.160880609652837,0.262489415749365,0.202370872142252,0.196020321761219,0.262489415749365,0.863674851820491,0.577476714648603,0.767146486028789,2
0.0922946655376799,0.0922946655376799,0.143522438611346,0.10584250635055,0.196020321761219,0.0474174428450466,0.55376799322608,0.375529212531753,0.356900931414056,3
0.414055884843353,0.414055884843353,0.210414902624894,0.227773073666384,0.196020321761219,0.0190516511430991,0.36155800169348,0.375529212531753,0.663844199830652,3
0.193903471634208,0.193903471634208,0.334462320067739,0.253175275190517,0.196020321761219,0.262489415749365,0.863674851820491,0.577476714648603,0.895850973751058,3
0.0922946655376799,0.0922946655376799,0.143522438611346,0.10584250635055,0.196020321761219,0.262489415749365,0.863674851820491,0.577476714648603,0.356900931414056,1
0.97121083827265,0.97121083827265,1,1,0.610922946655377,0.660457239627434,0.389923793395428,0.116426756985605,0.945808636748518,2
0.259949195596952,0.259949195596952,0.0961049957662997,0.14606265876376,0.196020321761219,0.0190516511430991,0.36155800169348,0.375529212531753,0.190939881456393,3
0.733276883996613,0.733276883996613,0.370872142252329,0.428450465707028,0.867061812023709,0.890770533446232,0.781117696867062,0.780270956816257,0.0740897544453853,2
0.0406435224386113,0.0406435224386113,0.0541913632514818,0.0355630821337849,0.196020321761219,0.262489415749365,0.240050804403048,0.324301439458086,0.0740897544453853,3
0.0702794242167655,0.0702794242167655,0.0961049957662997,0.0702794242167655,0.196020321761219,0.262489415749365,0.0643522438611346,0.0520745131244708,0.190939881456393,2
0.270110076206605,0.270110076206605,0.473327688399661,0.435224386113463,0.196020321761219,0.0474174428450466,0.55376799322608,0.375529212531753,0.895850973751058,2
0.229043183742591,0.229043183742591,0.414479254868755,0.339966130397968,0.196020321761219,0.0474174428450466,0.55376799322608,0.375529212531753,0.767146486028789,3
0.157493649449619,0.157493649449619,0.259949195596952,0.246401354784081,0.196020321761219,0.0190516511430991,0.36155800169348,0.375529212531753,0.190939881456393,1
0.262489415749365,0.262489415749365,0.463166807790008,0.46740050804403,0.196020321761219,0.430567315834039,0.61727349703641,0.577476714648603,0.767146486028789,3
0.864944961896698,0.864944961896698,0.0436071126164268,0.195173581710415,0.867061812023709,0.890770533446232,0.0715495342929721,0.780270956816257,0.356900931414056,2
0.922946655376799,0.922946655376799,0.0596951735817104,0.209144792548688,0.867061812023709,0.890770533446232,0.209991532599492,0.164267569856054,0.527519051651143,2
0.0330228619813717,0.0330228619813717,0.0436071126164268,0.098645215918713,0.196020321761219,0.430567315834039,0.533446232006774,0.324301439458086,0.356900931414056,3
0.0245554614733277,0.0245554614733277,0.0300592718035563,0.0207451312447079,0.196020321761219,0.262489415749365,0.863674851820491,0.577476714648603,0.0740897544453853,0
0.0537679932260796,0.0537679932260796,0.0766299745977985,0.054614733276884,0.196020321761219,0.262489415749365,0.294665537679932,0.0258255715495343,0.190939881456393,1
0.481371718882303,0.481371718882303,0.250635055038103,0.233276883996613,0.196020321761219,0.0190516511430991,0.36155800169348,0.375529212531753,0.767146486028789,0
0.0537679932260796,0.0537679932260796,0.0766299745977985,0.054614733276884,0.196020321761219,0.262489415749365,0.294665537679932,0.0258255715495343,0.190939881456393,2
0.175275190516511,0.175275190516511,0.297629127857748,0.216342082980525,0.196020321761219,0.262489415749365,0.294665537679932,0.0258255715495343,0.527519051651143,1
0.0685859441151566,0.0685859441151566,0.0241320914479255,0.0889077053344623,0.196020321761219,0.430567315834039,0.0135478408128704,0.0258255715495343,0.0143945808636749,2
0.132091447925487,0.132091447925487,0.210414902624894,0.162150719729043,0.196020321761219,0.262489415749365,0.294665537679932,0.0258255715495343,0.663844199830652,2
0.0702794242167655,0.0702794242167655,0.0961049957662997,0.0702794242167655,0.196020321761219,0.0474174428450466,0.55376799322608,0.375529212531753,0.190939881456393,2
0.0702794242167655,0.0702794242167655,0.0961049957662997,0.0702794242167655,0.196020321761219,0.262489415749365,0.863674851820491,0.577476714648603,0.190939881456393,1
0.0791701947502117,0.0791701947502117,0.120237087214225,0.0880609652836579,0.196020321761219,0.262489415749365,0.294665537679932,0.0258255715495343,0.356900931414056,3
0.796359017781541,0.796359017781541,0.0148179508890771,0.183742591024555,0.867061812023709,0.890770533446232,0.660880609652837,0.441574936494496,0.190939881456393,2
0.044030482641829,0.044030482641829,0.0596951735817104,0.0414902624894158,0.196020321761219,0.262489415749365,0.294665537679932,0.0258255715495343,0.527519051651143,3
0.0148179508890771,0.0148179508890771,0.0148179508890771,0.0838272650296359,0.196020321761219,0.430567315834039,0.0135478408128704,0.0258255715495343,0.190939881456393,2
0.044030482641829,0.044030482641829,0.0596951735817104,0.107959356477561,0.196020321761219,0.430567315834039,0.533446232006774,0.324301439458086,0.527519051651143,3
0.00592718035563082,0.00592718035563082,0.00296359017781541,0.0622353937341236,0.196020321761219,0.430567315834039,0.533446232006774,0.324301439458086,0.0740897544453853,1
0.922946655376799,0.922946655376799,0.0596951735817104,0.209144792548688,0.867061812023709,0.890770533446232,0.0715495342929721,0.780270956816257,0.527519051651143,2
0.0766299745977985,0.0766299745977985,0.113039796782388,0.149449618966977,0.196020321761219,0.430567315834039,0.0135478408128704,0.0258255715495343,0.767146486028789,3
0.156223539373412,0.156223539373412,0.256138865368332,0.237510584250635,0.196020321761219,0.430567315834039,0.61727349703641,0.0520745131244708,0.969093988145639,0
0.864944961896698,0.864944961896698,0.0436071126164268,0.195173581710415,0.867061812023709,0.890770533446232,0.781117696867062,0.780270956816257,0.356900931414056,3
0.0330228619813717,0.0330228619813717,0.0436071126164268,0.0287891617273497,0.196020321761219,0.262489415749365,0.240050804403048,0.324301439458086,0.356900931414056,3
0.799745977984759,0.799745977984759,0.113039796782388,0.0622353937341236,0.44030482641829,0.12108382726503,0.465707027942422,0.404741744284505,0.767146486028789,3
0.0626587637595258,0.0626587637595258,0.0876375952582557,0.13082133784928,0.196020321761219,0.430567315834039,0.533446232006774,0.324301439458086,0.663844199830652,3
0.828535139712108,0.828535139712108,0.138865368331922,0.0838272650296359,0.44030482641829,0.12108382726503,0.465707027942422,0.404741744284505,0.842506350550381,2
0.796359017781541,0.796359017781541,0.0148179508890771,0.183742591024555,0.867061812023709,0.0842506350550381,0.330651989839119,0.47883149872989,0.190939881456393,3
0.0330228619813717,0.0330228619813717,0.0436071126164268,0.098645215918713,0.196020321761219,0.0190516511430991,0.36155800169348,0.375529212531753,0.356900931414056,3
0.668077900084674,0.668077900084674,0.00296359017781541,0.160880609652837,0.867061812023709,0.890770533446232,0.781117696867062,0.780270956816257,0.0740897544453853,3
0.00592718035563082,0.00592718035563082,0.00296359017781541,0.0622353937341236,0.196020321761219,0.430567315834039,0.61727349703641,0.577476714648603,0.0740897544453853,1
0.51354784081287,0.51354784081287,0.766299745977985,0.705334462320068,0.610922946655377,0.660457239627434,0.25952582557155,0.257832345469941,0.190939881456393,1
0.0330228619813717,0.0330228619813717,0.0436071126164268,0.098645215918713,0.196020321761219,0.430567315834039,0.61727349703641,0.577476714648603,0.356900931414056,1
0.864944961896698,0.864944961896698,0.0436071126164268,0.195173581710415,0.867061812023709,0.890770533446232,0.0715495342929721,0.780270956816257,0.356900931414056,2
0.51354784081287,0.51354784081287,0.0148179508890771,0.00254022015241321,0.44030482641829,0.168924640135478,0.573666384419983,0.516088060965284,0.190939881456393,2
0.130397967823878,0.130397967823878,0.103725656223539,0.147332768839966,0.196020321761219,0.430567315834039,0.533446232006774,0.324301439458086,0.0740897544453853,3
0.2692633361558,0.2692633361558,0.343776460626588,0.309060118543607,0.196020321761219,0.430567315834039,0.61727349703641,0.577476714648603,0.663844199830652,3
0.293395427603726,0.293395427603726,0.504233700254022,0.4614733276884,0.196020321761219,0.262489415749365,0.863674851820491,0.577476714648603,0.945808636748518,3
1,1,0.650296359017781,0.68077900084674,0.867061812023709,0.890770533446232,0.781117696867062,0.780270956816257,0.987298899237934,2
0.973751058425063,0.973751058425063,0.113039796782388,0.237510584250635,0.867061812023709,0.890770533446232,0.0715495342929721,0.780270956816257,0.767146486028789,3
0.946655376799323,0.946655376799323,0.0876375952582557,0.220999153259949,0.867061812023709,0.890770533446232,0.781117696867062,0.780270956816257,0.663844199830652,3
0.044030482641829,0.044030482641829,0.0596951735817104,0.0414902624894158,0.196020321761219,0.262489415749365,0.240050804403048,0.324301439458086,0.527519051651143,3
0.922946655376799,0.922946655376799,0.0596951735817104,0.209144792548688,0.867061812023709,0.890770533446232,0.781117696867062,0.780270956816257,0.527519051651143,2
0.0766299745977985,0.0766299745977985,0.113039796782388,0.149449618966977,0.196020321761219,0.430567315834039,0.533446232006774,0.324301439458086,0.767146486028789,3
0.619390347163421,0.619390347163421,0.0436071126164268,0.012701100762066,0.44030482641829,0.168924640135478,0.0465707027942422,0.0779000846740051,0.356900931414056,2
0.0148179508890771,0.0148179508890771,0.0148179508890771,0.012701100762066,0.196020321761219,0.262489415749365,0.294665537679932,0.0258255715495343,0.190939881456393,1
0.0884843353090601,0.0884843353090601,0.138865368331922,0.098645215918713,0.196020321761219,0.262489415749365,0.863674851820491,0.577476714648603,0.842506350550381,0
0.125317527519052,0.125317527519052,0.203217612193057,0.14606265876376,0.196020321761219,0.262489415749365,0.294665537679932,0.0258255715495343,0.527519051651143,3
0.126164267569856,0.126164267569856,0.204064352243861,0.148179508890771,0.196020321761219,0.262489415749365,0.863674851820491,0.577476714648603,0.190939881456393,0
0.324301439458086,0.324301439458086,0.55376799322608,0.518204911092295,0.196020321761219,0.262489415749365,0.863674851820491,0.577476714648603,0.945808636748518,0
0.0922946655376799,0.0922946655376799,0.143522438611346,0.10584250635055,0.196020321761219,0.262489415749365,0.294665537679932,0.0258255715495343,0.356900931414056,2
0.325148179508891,0.325148179508891,0.143522438611346,0.162150719729043,0.196020321761219,0.0190516511430991,0.36155800169348,0.375529212531753,0.356900931414056,3
0.0330228619813717,0.0330228619813717,0.0436071126164268,0.0287891617273497,0.196020321761219,0.262489415749365,0.863674851820491,0.577476714648603,0.356900931414056,3
0.0330228619813717,0.0330228619813717,0.0436071126164268,0.0287891617273497,0.196020321761219,0.262489415749365,0.294665537679932,0.0258255715495343,0.356900931414056,2
0.51354784081287,0.51354784081287,0.0148179508890771,0.00254022015241321,0.44030482641829,0.168924640135478,0.0465707027942422,0.0779000846740051,0.190939881456393,3
0.864944961896698,0.864944961896698,0.0436071126164268,0.195173581710415,0.867061812023709,0.890770533446232,0.0715495342929721,0.780270956816257,0.356900931414056,2
0.044030482641829,0.044030482641829,0.0596951735817104,0.0414902624894158,0.196020321761219,0.262489415749365,0.294665537679932,0.0258255715495343,0.527519051651143,2
0.747671464860288,0.747671464860288,0.0876375952582557,0.0414902624894158,0.44030482641829,0.168924640135478,0.573666384419983,0.516088060965284,0.663844199830652,3
0.0330228619813717,0.0330228619813717,0.0436071126164268,0.0287891617273497,0.196020321761219,0.0474174428450466,0.55376799322608,0.375529212531753,0.356900931414056,3
0.0626587637595258,0.0626587637595258,0.0876375952582557,0.13082133784928,0.196020321761219,0.430567315834039,0.61727349703641,0.577476714648603,0.663844199830652,3
0.0626587637595258,0.0626587637595258,0.0876375952582557,0.0622353937341236,0.196020321761219,0.262489415749365,0.863674851820491,0.577476714648603,0.663844199830652,2
0.0330228619813717,0.0330228619813717,0.0436071126164268,0.0287891617273497,0.196020321761219,0.262489415749365,0.294665537679932,0.0258255715495343,0.356900931414056,3
0.0148179508890771,0.0148179508890771,0.0148179508890771,0.012701100762066,0.196020321761219,0.0474174428450466,0.55376799322608,0.375529212531753,0.190939881456393,1
0.244707874682472,0.244707874682472,0.0148179508890771,0.0838272650296359,0.196020321761219,0.430567315834039,0.61727349703641,0.0520745131244708,0.190939881456393,3
0.0330228619813717,0.0330228619813717,0.0436071126164268,0.0287891617273497,0.196020321761219,0.262489415749365,0.863674851820491,0.577476714648603,0.356900931414056,1
0.00592718035563082,0.00592718035563082,0.00296359017781541,0.00254022015241321,0.196020321761219,0.262489415749365,0.863674851820491,0.577476714648603,0.0740897544453853,1
0.00592718035563082,0.00592718035563082,0.00296359017781541,0.00254022015241321,0.196020321761219,0.262489415749365,0.863674851820491,0.577476714648603,0.0740897544453853,1
0.0330228619813717,0.0330228619813717,0.0436071126164268,0.0287891617273497,0.196020321761219,0.262489415749365,0.863674851820491,0.577476714648603,0.356900931414056,0
0.0884843353090601,0.0884843353090601,0.138865368331922,0.098645215918713,0.196020321761219,0.262489415749365,0.863674851820491,0.577476714648603,0.842506350550381,2
0.0766299745977985,0.0766299745977985,0.113039796782388,0.0838272650296359,0.196020321761219,0.262489415749365,0.863674851820491,0.577476714648603,0.767146486028789,2
0.156223539373412,0.156223539373412,0.256138865368332,0.183742591024555,0.196020321761219,0.262489415749365,0.863674851820491,0.577476714648603,0.969093988145639,1
0.0148179508890771,0.0148179508890771,0.0148179508890771,0.012701100762066,0.196020321761219,0.262489415749365,0.240050804403048,0.324301439458086,0.190939881456393,2
0.0626587637595258,0.0626587637595258,0.0876375952582557,0.0622353937341236,0.196020321761219,0.0474174428450466,0.55376799322608,0.375529212531753,0.663844199830652,2
0.244707874682472,0.244707874682472,0.0148179508890771,0.0838272650296359,0.196020321761219,0.430567315834039,0.533446232006774,0.324301439458086,0.190939881456393,3
0.0330228619813717,0.0330228619813717,0.0436071126164268,0.0287891617273497,0.196020321761219,0.262489415749365,0.294665537679932,0.0258255715495343,0.356900931414056,2
0.0626587637595258,0.0626587637595258,0.0876375952582557,0.0622353937341236,0.196020321761219,0.262489415749365,0.294665537679932,0.0258255715495343,0.663844199830652,2
0.499576629974598,0.499576629974598,0.312447078746825,0.289585097375106,0.196020321761219,0.0190516511430991,0.36155800169348,0.375529212531753,0.842506350550381,3
0.0330228619813717,0.0330228619813717,0.0436071126164268,0.0287891617273497,0.196020321761219,0.262489415749365,0.863674851820491,0.577476714648603,0.356900931414056,1
0.0626587637595258,0.0626587637595258,0.0876375952582557,0.0622353937341236,0.196020321761219,0.262489415749365,0.863674851820491,0.577476714648603,0.663844199830652,3
0.00592718035563082,0.00592718035563082,0.00296359017781541,0.00254022015241321,0.196020321761219,0.262489415749365,0.294665537679932,0.0258255715495343,0.0740897544453853,0
0.044030482641829,0.044030482641829,0.0596951735817104,0.0414902624894158,0.196020321761219,0.262489415749365,0.294665537679932,0.0258255715495343,0.527519051651143,1
0.0148179508890771,0.0148179508890771,0.0148179508890771,0.012701100762066,0.196020321761219,0.262489415749365,0.294665537679932,0.0258255715495343,0.190939881456393,2
0.00592718035563082,0.00592718035563082,0.00296359017781541,0.00254022015241321,0.196020321761219,0.262489415749365,0.294665537679932,0.0258255715495343,0.0740897544453853,2
0.295512277730737,0.295512277730737,0.0436071126164268,0.098645215918713,0.196020321761219,0.430567315834039,0.0135478408128704,0.0258255715495343,0.356900931414056,2
0.0626587637595258,0.0626587637595258,0.0876375952582557,0.0622353937341236,0.196020321761219,0.262489415749365,0.294665537679932,0.0258255715495343,0.663844199830652,3
0.0944115156646909,0.0944115156646909,0.145639288738357,0.107959356477561,0.196020321761219,0.262489415749365,0.863674851820491,0.577476714648603,0.895850973751058,2
0.944961896697714,0.944961896697714,0.571972904318374,0.618966977138019,0.867061812023709,0.890770533446232,0.781117696867062,0.780270956816257,0.527519051651143,0
0.449618966977138,0.449618966977138,0.976291278577477,0.977984758679086,0.196020321761219,0.430567315834039,0.511854360711262,0.866638441998307,0.767146486028789,2
0.0884843353090601,0.0884843353090601,0.138865368331922,0.098645215918713,0.196020321761219,0.262489415749365,0.294665537679932,0.0258255715495343,0.842506350550381,2
0.722269263336156,0.722269263336156,0.508467400508044,0.459779847586791,0.44030482641829,0.12108382726503,0.465707027942422,0.404741744284505,0.356900931414056,3
0.244707874682472,0.244707874682472,0.0148179508890771,0.0838272650296359,0.196020321761219,0.430567315834039,0.0135478408128704,0.0258255715495343,0.190939881456393,3
0.0766299745977985,0.0766299745977985,0.113039796782388,0.0838272650296359,0.196020321761219,0.262489415749365,0.863674851820491,0.577476714648603,0.767146486028789,3
0.386113463166808,0.386113463166808,0.465707027942422,0.47121083827265,0.196020321761219,0.430567315834039,0.61727349703641,0.577476714648603,0.926333615580017,2
0.264182895850974,0.264182895850974,0.465707027942422,0.429297205757832,0.196020321761219,0.262489415749365,0.863674851820491,0.577476714648603,0.926333615580017,2
0.145215918712955,0.145215918712955,0.235817104149026,0.175698560541914,0.196020321761219,0.262489415749365,0.294665537679932,0.0258255715495343,0.356900931414056,2
0.212108382726503,0.212108382726503,0.384843353090601,0.296359017781541,0.196020321761219,0.262489415749365,0.240050804403048,0.324301439458086,0.767146486028789,3
0.229043183742591,0.229043183742591,0.414479254868755,0.339966130397968,0.196020321761219,0.262489415749365,0.863674851820491,0.577476714648603,0.767146486028789,0
0.207027942421677,0.207027942421677,0.373835732430144,0.358171041490262,0.196020321761219,0.430567315834039,0.61727349703641,0.577476714648603,0.663844199830652,3
0.989839119390347,0.989839119390347,0.569009314140559,0.614309906858594,0.867061812023709,0.0842506350550381,0.330651989839119,0.47883149872989,0.842506350550381,3
0.145215918712955,0.145215918712955,0.235817104149026,0.175698560541914,0.196020321761219,0.262489415749365,0.863674851820491,0.577476714648603,0.356900931414056,2
0.689246401354784,0.689246401354784,0.979678238780694,0.977138018628281,0.610922946655377,0.660457239627434,0.389923793395428,0.116426756985605,0.356900931414056,3
0.175275190516511,0.175275190516511,0.297629127857748,0.216342082980525,0.196020321761219,0.262489415749365,0.863674851820491,0.577476714648603,0.527519051651143,2
0.232430143945809,0.232430143945809,0.419983065198984,0.342506350550381,0.196020321761219,0.262489415749365,0.863674851820491,0.577476714648603,0.842506350550381,2
0.356477561388654,0.356477561388654,0.452159187129551,0.442845046570703,0.196020321761219,0.430567315834039,0.61727349703641,0.0520745131244708,0.895850973751058,3
0.0245554614733277,0.0245554614733277,0.0300592718035563,0.0207451312447079,0.196020321761219,0.262489415749365,0.863674851820491,0.577476714648603,0.0740897544453853,0
0.0245554614733277,0.0245554614733277,0.0300592718035563,0.0207451312447079,0.196020321761219,0.262489415749365,0.863674851820491,0.577476714648603,0.0740897544453853,1
0.720575783234547,0.720575783234547,0.892887383573243,0.883996613039797,0.196020321761219,0.262489415749365,0.863674851820491,0.577476714648603,0.663844199830652,2
0.691363251481795,0.691363251481795,0.75571549534293,0.722692633361558,0.44030482641829,0.168924640135478,0.279000846740051,0.309483488569009,0.527519051651143,2
0.350550381033023,0.350550381033023,0.764182895850974,0.785351397121084,0.196020321761219,0.430567315834039,0.511854360711262,0.866638441998307,0.190939881456393,2
0.350550381033023,0.350550381033023,0.764182895850974,0.785351397121084,0.196020321761219,0.430567315834039,0.431837425910246,0.690093141405589,0.190939881456393,3
0.691363251481795,0.691363251481795,0.75571549534293,0.722692633361558,0.44030482641829,0.168924640135478,0.573666384419983,0.516088060965284,0.527519051651143,2
0.270956816257409,0.270956816257409,0.63844199830652,0.671464860287892,0.196020321761219,0.430567315834039,0.10965283657917,0.216342082980525,0.0740897544453853,3
0.64606265876376,0.64606265876376,0.474174428450466,0.537679932260796,0.867061812023709,0.0842506350550381,0.330651989839119,0.47883149872989,0.0740897544453853,3
0.313293818797629,0.313293818797629,0.52878916172735,0.536833192209991,0.196020321761219,0.430567315834039,0.61727349703641,0.577476714648603,0.0740897544453853,0
0.20575783234547,0.20575783234547,0.372142252328535,0.344623200677392,0.196020321761219,0.430567315834039,0.61727349703641,0.577476714648603,0.0143945808636749,1
0.981371718882303,0.981371718882303,0.919559695173582,0.924640135478408,0.867061812023709,0.890770533446232,0.209991532599492,0.164267569856054,0.767146486028789,3
0.811176968670618,0.811176968670618,0.737510584250635,0.760372565622354,0.867061812023709,0.0842506350550381,0.330651989839119,0.47883149872989,0.190939881456393,3
0.250635055038103,0.250635055038103,0.443691786621507,0.39034716342083,0.196020321761219,0.0474174428450466,0.55376799322608,0.375529212531753,0.0143945808636749,3
0.664690939881456,0.664690939881456,0.854360711261643,0.845046570702794,0.196020321761219,0.262489415749365,0.863674851820491,0.577476714648603,0.527519051651143,3
0.77307366638442,0.77307366638442,0.980524978831499,0.981371718882303,0.196020321761219,0.430567315834039,0.10965283657917,0.216342082980525,0.767146486028789,2
0.993226079593565,0.993226079593565,0.995766299745978,0.995766299745978,0.44030482641829,0.168924640135478,0.0465707027942422,0.0779000846740051,0.987298899237934,2
0.970364098221846,0.970364098221846,0.892887383573243,0.90008467400508,0.867061812023709,0.890770533446232,0.781117696867062,0.780270956816257,0.663844199830652,3
0.462320067739204,0.462320067739204,0.848433530906012,0.862828111769687,0.196020321761219,0.430567315834039,0.431837425910246,0.690093141405589,0.190939881456393,2
0.587214225232853,0.587214225232853,0.807366638441998,0.811176968670618,0.196020321761219,0.430567315834039,0.0135478408128704,0.0258255715495343,0.356900931414056,1
0.727349703640982,0.727349703640982,0.807366638441998,0.80186282811177,0.44030482641829,0.168924640135478,0.0465707027942422,0.0779000846740051,0.356900931414056,2
0.587214225232853,0.587214225232853,0.897967823878069,0.89415749364945,0.196020321761219,0.0474174428450466,0.488145639288738,0.339119390347163,0.356900931414056,3
0.447925486875529,0.447925486875529,0.439458086367485,0.499576629974598,0.867061812023709,0.890770533446232,0.781117696867062,0.780270956816257,0.0143945808636749,3
0.867485182049111,0.867485182049111,0.802709568162574,0.81922099915326,0.867061812023709,0.890770533446232,0.209991532599492,0.164267569856054,0.356900931414056,3
0.949195596951736,0.949195596951736,0.983488569009314,0.982218458933108,0.44030482641829,0.12108382726503,0.465707027942422,0.404741744284505,0.767146486028789,2
0.940728196443692,0.940728196443692,0.868755292125318,0.850973751058425,0.44030482641829,0.168924640135478,0.573666384419983,0.516088060965284,0.895850973751058,2
0.768416596104996,0.768416596104996,0.935647756138865,0.935647756138865,0.196020321761219,0.430567315834039,0.61727349703641,0.577476714648603,0.767146486028789,1
0.974597798475868,0.974597798475868,0.917866215071973,0.922099915325995,0.867061812023709,0.890770533446232,0.781117696867062,0.780270956816257,0.767146486028789,3
0.802709568162574,0.802709568162574,0.973751058425063,0.975444538526672,0.196020321761219,0.0190516511430991,0.143099068585944,0.35393734123624,0.842506350550381,3
0.575359864521592,0.575359864521592,0.866215071972904,0.876375952582557,0.196020321761219,0.430567315834039,0.431837425910246,0.690093141405589,0.356900931414056,3
0.358594411515665,0.358594411515665,0.649449618966977,0.648602878916173,0.196020321761219,0.430567315834039,0.61727349703641,0.577476714648603,0.0740897544453853,0
0.715918712955123,0.715918712955123,0.914902624894158,0.912362404741744,0.196020321761219,0.430567315834039,0.61727349703641,0.577476714648603,0.663844199830652,1
0.657917019475021,0.657917019475021,0.885690093141406,0.882303132938188,0.196020321761219,0.430567315834039,0.61727349703641,0.577476714648603,0.527519051651143,1
0.995766299745978,0.995766299745978,0.977138018628281,0.97883149872989,0.867061812023709,0.890770533446232,0.781117696867062,0.780270956816257,0.945808636748518,3
0.575359864521592,0.575359864521592,0.833192209991533,0.829805249788315,0.196020321761219,0.430567315834039,0.61727349703641,0.577476714648603,0.356900931414056,3
0.948348856900931,0.948348856900931,0.891617273497036,0.897544453852667,0.867061812023709,0.890770533446232,0.660880609652837,0.441574936494496,0.663844199830652,3
0.645215918712955,0.645215918712955,0.933954276037257,0.929720575783235,0.610922946655377,0.660457239627434,0.927603725656224,0.927603725656224,0.190939881456393,3
0.745977984758679,0.745977984758679,0.927180355630821,0.923793395427604,0.196020321761219,0.0190516511430991,0.36155800169348,0.375529212531753,0.527519051651143,3
0.803979678238781,0.803979678238781,0.909398814563929,0.899237933954276,0.44030482641829,0.168924640135478,0.573666384419983,0.516088060965284,0.527519051651143,2
0.803979678238781,0.803979678238781,0.990685859441152,0.989839119390347,0.610922946655377,0.660457239627434,0.389923793395428,0.116426756985605,0.527519051651143,2
0.65198983911939,0.65198983911939,0.903471634208298,0.90770533446232,0.196020321761219,0.430567315834039,0.431837425910246,0.690093141405589,0.527519051651143,3
0.670194750211685,0.670194750211685,0.784081287044877,0.751481795088908,0.44030482641829,0.168924640135478,0.0465707027942422,0.0779000846740051,0.663844199830652,2
0.927180355630821,0.927180355630821,0.784081287044877,0.798475867908552,0.867061812023709,0.0842506350550381,0.330651989839119,0.47883149872989,0.663844199830652,3
0.569432684165961,0.569432684165961,0.538103302286198,0.501693480101609,0.44030482641829,0.168924640135478,0.0465707027942422,0.0779000846740051,0.356900931414056,2
0.423370025402202,0.423370025402202,0.209144792548688,0.292125317527519,0.867061812023709,0.0842506350550381,0.330651989839119,0.47883149872989,0.0143945808636749,2
0.569432684165961,0.569432684165961,0.538103302286198,0.501693480101609,0.44030482641829,0.168924640135478,0.0465707027942422,0.0779000846740051,0.356900931414056,2
0.56731583403895,0.56731583403895,0.688823031329382,0.65580016934801,0.44030482641829,0.168924640135478,0.0465707027942422,0.0779000846740051,0.527519051651143,3
0.860287891617273,0.860287891617273,0.688823031329382,0.711685012701101,0.867061812023709,0.890770533446232,0.209991532599492,0.164267569856054,0.527519051651143,3
0.860287891617273,0.860287891617273,0.688823031329382,0.711685012701101,0.867061812023709,0.890770533446232,0.209991532599492,0.164267569856054,0.527519051651143,3
0.474174428450466,0.474174428450466,0.62108382726503,0.590601185436071,0.44030482641829,0.168924640135478,0.0465707027942422,0.0779000846740051,0.356900931414056,3
0.56731583403895,0.56731583403895,0.795935647756139,0.758679085520745,0.610922946655377,0.660457239627434,0.25952582557155,0.257832345469941,0.527519051651143,0
0.395427603725656,0.395427603725656,0.531329381879763,0.498729889923793,0.44030482641829,0.168924640135478,0.573666384419983,0.516088060965284,0.190939881456393,2
0.805249788314987,0.805249788314987,0.62108382726503,0.653683319220999,0.867061812023709,0.890770533446232,0.781117696867062,0.780270956816257,0.356900931414056,2
0.860287891617273,0.860287891617273,0.688823031329382,0.711685012701101,0.867061812023709,0.0842506350550381,0.330651989839119,0.47883149872989,0.527519051651143,3
0.878069432684166,0.878069432684166,0.714648602878916,0.741744284504657,0.867061812023709,0.890770533446232,0.781117696867062,0.780270956816257,0.527519051651143,1
0.298475867908552,0.298475867908552,0.512701100762066,0.519051651143099,0.196020321761219,0.430567315834039,0.61727349703641,0.577476714648603,0.190939881456393,1
0.972057578323455,0.972057578323455,0.773920406435224,0.79043183742591,0.867061812023709,0.890770533446232,0.209991532599492,0.164267569856054,0.767146486028789,3
0.298475867908552,0.298475867908552,0.512701100762066,0.474174428450466,0.196020321761219,0.262489415749365,0.294665537679932,0.0258255715495343,0.190939881456393,3
0.918712955122777,0.918712955122777,0.672311600338696,0.691363251481795,0.867061812023709,0.890770533446232,0.209991532599492,0.164267569856054,0.527519051651143,3
0.45385266723116,0.45385266723116,0.920406435224386,0.925486875529212,0.196020321761219,0.430567315834039,0.431837425910246,0.690093141405589,0.663844199830652,3
0.530906011854361,0.530906011854361,0.773920406435224,0.768839966130398,0.196020321761219,0.430567315834039,0.533446232006774,0.324301439458086,0.767146486028789,3
0.926333615580017,0.926333615580017,0.853090601185436,0.866215071972904,0.867061812023709,0.890770533446232,0.781117696867062,0.780270956816257,0.527519051651143,3
0.839119390347163,0.839119390347163,0.707874682472481,0.732006773920406,0.867061812023709,0.890770533446232,0.781117696867062,0.780270956816257,0.356900931414056,3
0.909398814563929,0.909398814563929,0.951312447078747,0.944538526672312,0.44030482641829,0.168924640135478,0.0465707027942422,0.0779000846740051,0.961049957662998,2
0.839119390347163,0.839119390347163,0.707874682472481,0.732006773920406,0.867061812023709,0.0842506350550381,0.330651989839119,0.47883149872989,0.356900931414056,3
0.381033022861981,0.381033022861981,0.723539373412362,0.749788314987299,0.196020321761219,0.430567315834039,0.511854360711262,0.866638441998307,0.190939881456393,2
0.839119390347163,0.839119390347163,0.707874682472481,0.732006773920406,0.867061812023709,0.0842506350550381,0.330651989839119,0.47883149872989,0.356900931414056,2
0.635901778154107,0.635901778154107,0.510160880609653,0.558848433530906,0.867061812023709,0.890770533446232,0.0715495342929721,0.780270956816257,0.0740897544453853,2
0.839119390347163,0.839119390347163,0.707874682472481,0.732006773920406,0.867061812023709,0.890770533446232,0.660880609652837,0.441574936494496,0.356900931414056,3
0.758255715495343,0.758255715495343,0.625740897544454,0.657493649449619,0.867061812023709,0.0842506350550381,0.330651989839119,0.47883149872989,0.190939881456393,3
0.89415749364945,0.89415749364945,0.786198137171888,0.799745977984759,0.867061812023709,0.0842506350550381,0.330651989839119,0.47883149872989,0.527519051651143,3
0.296359017781541,0.296359017781541,0.547417442845047,0.545723962743438,0.196020321761219,0.430567315834039,0.61727349703641,0.577476714648603,0.0740897544453853,1
0.459779847586791,0.459779847586791,0.625740897544454,0.596951735817104,0.44030482641829,0.12108382726503,0.465707027942422,0.404741744284505,0.190939881456393,3
0.203217612193057,0.203217612193057,0.368331922099915,0.337849280270957,0.196020321761219,0.430567315834039,0.61727349703641,0.577476714648603,0.0740897544453853,1
0.497883149872989,0.497883149872989,0.600762066045724,0.560541913632515,0.44030482641829,0.168924640135478,0.0465707027942422,0.0779000846740051,0.190939881456393,2
0.839119390347163,0.839119390347163,0.707874682472481,0.732006773920406,0.867061812023709,0.890770533446232,0.781117696867062,0.780270956816257,0.356900931414056,2
0.950889077053345,0.950889077053345,0.823454699407282,0.83657917019475,0.867061812023709,0.890770533446232,0.660880609652837,0.441574936494496,0.767146486028789,3
0.830228619813717,0.830228619813717,0.665537679932261,0.689669771380186,0.867061812023709,0.890770533446232,0.781117696867062,0.780270956816257,0.356900931414056,2
0.99237933954276,0.99237933954276,0.683319220999153,0.707874682472481,0.867061812023709,0.890770533446232,0.781117696867062,0.780270956816257,0.926333615580017,3
0.51354784081287,0.51354784081287,0.35393734123624,0.252328535139712,0.44030482641829,0.12108382726503,0.465707027942422,0.404741744284505,0.190939881456393,3
0.900931414055885,0.900931414055885,0.464013547840813,0.534292972057578,0.867061812023709,0.890770533446232,0.781117696867062,0.780270956816257,0.527519051651143,3
0.305673158340389,0.305673158340389,0.525825571549534,0.497883149872989,0.196020321761219,0.262489415749365,0.863674851820491,0.577476714648603,0.663844199830652,3
0.154106689246401,0.154106689246401,0.254022015241321,0.236240474174428,0.196020321761219,0.430567315834039,0.61727349703641,0.577476714648603,0.0740897544453853,1
0.95004233700254,0.95004233700254,0.933107535986452,0.937341236240474,0.867061812023709,0.890770533446232,0.660880609652837,0.441574936494496,0.663844199830652,2
0.497036409822185,0.497036409822185,0.75952582557155,0.701100762066046,0.610922946655377,0.660457239627434,0.0012701100762066,0.0012701100762066,0.0740897544453853,0
0.996613039796782,0.996613039796782,0.993226079593565,0.994072819644369,0.867061812023709,0.890770533446232,0.781117696867062,0.780270956816257,0.945808636748518,3
0.742591024555461,0.742591024555461,0.867061812023709,0.850127011007621,0.44030482641829,0.168924640135478,0.573666384419983,0.516088060965284,0.356900931414056,3
0.845893310753599,0.845893310753599,0.585097375105842,0.626587637595258,0.867061812023709,0.0842506350550381,0.330651989839119,0.47883149872989,0.356900931414056,3
0.891193903471634,0.891193903471634,0.7307366638442,0.75571549534293,0.867061812023709,0.890770533446232,0.209991532599492,0.164267569856054,0.527519051651143,2
0.728619813717189,0.728619813717189,0.901778154106689,0.892040643522439,0.196020321761219,0.0474174428450466,0.55376799322608,0.375529212531753,0.926333615580017,3
0.610076206604572,0.610076206604572,0.823454699407282,0.820491109229467,0.196020321761219,0.430567315834039,0.61727349703641,0.577476714648603,0.767146486028789,1
0.728619813717189,0.728619813717189,0.901778154106689,0.892040643522439,0.196020321761219,0.262489415749365,0.294665537679932,0.0258255715495343,0.926333615580017,3
0.710414902624894,0.710414902624894,0.791278577476715,0.76545300592718,0.44030482641829,0.12108382726503,0.465707027942422,0.404741744284505,0.663844199830652,2
0.358594411515665,0.358594411515665,0.510160880609653,0.460626587637595,0.44030482641829,0.12108382726503,0.465707027942422,0.404741744284505,0.0740897544453853,3
0.661303979678239,0.661303979678239,0.874682472480948,0.87891617273497,0.196020321761219,0.430567315834039,0.61727349703641,0.577476714648603,0.767146486028789,0
0.776460626587638,0.776460626587638,0.918712955122777,0.916172734970364,0.196020321761219,0.262489415749365,0.863674851820491,0.577476714648603,0.895850973751058,2
0.909398814563929,0.909398814563929,0.951312447078747,0.944538526672312,0.44030482641829,0.12108382726503,0.465707027942422,0.404741744284505,0.961049957662998,3
0.823878069432684,0.823878069432684,0.65198983911939,0.682049110922947,0.867061812023709,0.890770533446232,0.781117696867062,0.780270956816257,0.356900931414056,3
0.534292972057578,0.534292972057578,0.65198983911939,0.627434377646063,0.44030482641829,0.168924640135478,0.0465707027942422,0.0779000846740051,0.356900931414056,2
0.640135478408129,0.640135478408129,0.889077053344623,0.884843353090601,0.196020321761219,0.430567315834039,0.0135478408128704,0.0258255715495343,0.842506350550381,2
0.975444538526672,0.975444538526672,0.753598645215919,0.779847586790855,0.867061812023709,0.890770533446232,0.781117696867062,0.780270956816257,0.842506350550381,3
0.353513971210838,0.353513971210838,0.602878916172735,0.56731583403895,0.196020321761219,0.0474174428450466,0.55376799322608,0.375529212531753,0.356900931414056,2
0.353513971210838,0.353513971210838,0.602878916172735,0.604572396274344,0.196020321761219,0.430567315834039,0.61727349703641,0.0520745131244708,0.356900931414056,1
0.646909398814564,0.646909398814564,0.7307366638442,0.70194750211685,0.44030482641829,0.168924640135478,0.0465707027942422,0.0779000846740051,0.527519051651143,3
0.891193903471634,0.891193903471634,0.7307366638442,0.75571549534293,0.867061812023709,0.0842506350550381,0.330651989839119,0.47883149872989,0.527519051651143,2
0.760795935647756,0.760795935647756,0.823454699407282,0.807366638441998,0.44030482641829,0.168924640135478,0.0465707027942422,0.0779000846740051,0.767146486028789,2
0.760795935647756,0.760795935647756,0.823454699407282,0.807366638441998,0.44030482641829,0.168924640135478,0.279000846740051,0.309483488569009,0.767146486028789,2
0.830228619813717,0.830228619813717,0.665537679932261,0.689669771380186,0.867061812023709,0.890770533446232,0.781117696867062,0.780270956816257,0.356900931414056,3
0.451735817104149,0.451735817104149,0.576629974597799,0.54233700254022,0.44030482641829,0.12108382726503,0.465707027942422,0.404741744284505,0.190939881456393,3
0.936071126164268,0.936071126164268,0.791278577476715,0.803132938187976,0.867061812023709,0.890770533446232,0.660880609652837,0.441574936494496,0.663844199830652,2
0.891193903471634,0.891193903471634,0.7307366638442,0.75571549534293,0.867061812023709,0.890770533446232,0.209991532599492,0.164267569856054,0.527519051651143,3
0.451735817104149,0.451735817104149,0.576629974597799,0.54233700254022,0.44030482641829,0.168924640135478,0.279000846740051,0.309483488569009,0.190939881456393,3
0.936071126164268,0.936071126164268,0.791278577476715,0.803132938187976,0.867061812023709,0.0842506350550381,0.330651989839119,0.47883149872989,0.663844199830652,3
0.409398814563929,0.409398814563929,0.665537679932261,0.641828958509738,0.196020321761219,0.0474174428450466,0.55376799322608,0.375529212531753,0.356900931414056,3
0.470787468247248,0.470787468247248,0.7307366638442,0.727349703640982,0.196020321761219,0.430567315834039,0.61727349703641,0.577476714648603,0.527519051651143,1
0.337849280270957,0.337849280270957,0.930567315834039,0.93649449618967,0.196020321761219,0.430567315834039,0.511854360711262,0.866638441998307,0.767146486028789,2
0.305673158340389,0.305673158340389,0.525825571549534,0.533022861981372,0.196020321761219,0.430567315834039,0.61727349703641,0.577476714648603,0.663844199830652,2
0.154106689246401,0.154106689246401,0.254022015241321,0.181625740897544,0.196020321761219,0.262489415749365,0.863674851820491,0.577476714648603,0.0740897544453853,3
0.619390347163421,0.619390347163421,0.42506350550381,0.337002540220152,0.44030482641829,0.168924640135478,0.0465707027942422,0.0779000846740051,0.356900931414056,2
0.305673158340389,0.305673158340389,0.525825571549534,0.533022861981372,0.196020321761219,0.0190516511430991,0.36155800169348,0.375529212531753,0.663844199830652,2
0.154106689246401,0.154106689246401,0.254022015241321,0.181625740897544,0.196020321761219,0.262489415749365,0.240050804403048,0.324301439458086,0.0740897544453853,3
0.657917019475021,0.657917019475021,0.90770533446232,0.911092294665538,0.196020321761219,0.430567315834039,0.431837425910246,0.690093141405589,0.527519051651143,3
0.867485182049111,0.867485182049111,0.802709568162574,0.81922099915326,0.867061812023709,0.0842506350550381,0.330651989839119,0.47883149872989,0.356900931414056,3
0.745131244707875,0.745131244707875,0.853090601185436,0.841659610499577,0.44030482641829,0.168924640135478,0.573666384419983,0.516088060965284,0.527519051651143,2
0.66723116003387,0.66723116003387,0.802709568162574,0.791701947502117,0.44030482641829,0.168924640135478,0.0465707027942422,0.0779000846740051,0.356900931414056,3
0.715918712955123,0.715918712955123,0.914902624894158,0.912362404741744,0.196020321761219,0.430567315834039,0.61727349703641,0.577476714648603,0.663844199830652,1
0.758255715495343,0.758255715495343,0.625740897544454,0.657493649449619,0.867061812023709,0.0842506350550381,0.330651989839119,0.47883149872989,0.190939881456393,3
0.570702794242168,0.570702794242168,0.798475867908552,0.793395427603726,0.196020321761219,0.262489415749365,0.863674851820491,0.577476714648603,0.527519051651143,0
0.983065198983912,0.983065198983912,0.904318374259102,0.908552074513124,0.867061812023709,0.890770533446232,0.781117696867062,0.780270956816257,0.895850973751058,3
0.603302286198137,0.603302286198137,0.842506350550381,0.842929720575783,0.196020321761219,0.430567315834039,0.61727349703641,0.577476714648603,0.663844199830652,2
0.453005927180356,0.453005927180356,0.788314987298899,0.78662150719729,0.196020321761219,0.430567315834039,0.61727349703641,0.577476714648603,0.527519051651143,0
0.333615580016935,0.333615580016935,0.636325148179509,0.638865368331922,0.196020321761219,0.430567315834039,0.61727349703641,0.577476714648603,0.190939881456393,3
0.968670618120237,0.968670618120237,0.844623200677392,0.85393734123624,0.867061812023709,0.890770533446232,0.209991532599492,0.164267569856054,0.842506350550381,2
0.333615580016935,0.333615580016935,0.636325148179509,0.638865368331922,0.196020321761219,0.0190516511430991,0.36155800169348,0.375529212531753,0.190939881456393,1
0.589331075359865,0.589331075359865,0.864521591871296,0.859441151566469,0.196020321761219,0.430567315834039,0.0135478408128704,0.0258255715495343,0.767146486028789,1
0.670194750211685,0.670194750211685,0.784081287044877,0.751481795088908,0.44030482641829,0.12108382726503,0.465707027942422,0.404741744284505,0.663844199830652,3
0.333615580016935,0.333615580016935,0.693056731583404,0.717188823031329,0.196020321761219,0.430567315834039,0.431837425910246,0.690093141405589,0.190939881456393,3
0.385266723116003,0.385266723116003,0.693056731583404,0.685859441151566,0.196020321761219,0.0474174428450466,0.488145639288738,0.339119390347163,0.190939881456393,3
0.74428450465707,0.74428450465707,0.569856054191363,0.615580016934801,0.867061812023709,0.890770533446232,0.209991532599492,0.164267569856054,0.190939881456393,3
0.968670618120237,0.968670618120237,0.844623200677392,0.85393734123624,0.867061812023709,0.0842506350550381,0.330651989839119,0.47883149872989,0.842506350550381,3
0.397967823878069,0.397967823878069,0.711261642675699,0.708721422523285,0.196020321761219,0.430567315834039,0.61727349703641,0.577476714648603,0.356900931414056,1
0.823878069432684,0.823878069432684,0.65198983911939,0.682049110922947,0.867061812023709,0.890770533446232,0.781117696867062,0.780270956816257,0.356900931414056,3
0.257832345469941,0.257832345469941,0.517781541066892,0.52878916172735,0.196020321761219,0.0190516511430991,0.36155800169348,0.375529212531753,0.0740897544453853,3
0.222692633361558,0.222692633361558,0.403048264182896,0.235393734123624,0.610922946655377,0.660457239627434,0.25952582557155,0.257832345469941,0.0143945808636749,1
0.398814563928874,0.398814563928874,0.309060118543607,0.372565622353937,0.867061812023709,0.890770533446232,0.209991532599492,0.164267569856054,0.0143945808636749,3
0.257832345469941,0.257832345469941,0.517781541066892,0.52878916172735,0.196020321761219,0.430567315834039,0.0135478408128704,0.0258255715495343,0.0740897544453853,2
0.411939034716342,0.411939034716342,0.809483488569009,0.825148179508891,0.196020321761219,0.430567315834039,0.10965283657917,0.216342082980525,0.527519051651143,3
0.917019475021169,0.917019475021169,0.716342082980525,0.743437764606266,0.867061812023709,0.890770533446232,0.209991532599492,0.164267569856054,0.663844199830652,3
0.941574936494496,0.941574936494496,0.773920406435224,0.79043183742591,0.867061812023709,0.890770533446232,0.660880609652837,0.441574936494496,0.767146486028789,3
0.298475867908552,0.298475867908552,0.595258255715495,0.593988145639289,0.196020321761219,0.430567315834039,0.533446232006774,0.324301439458086,0.190939881456393,2
0.59229466553768,0.59229466553768,0.672311600338696,0.640135478408129,0.44030482641829,0.168924640135478,0.279000846740051,0.309483488569009,0.527519051651143,3
0.977984758679086,0.977984758679086,0.830651989839119,0.84419983065199,0.867061812023709,0.890770533446232,0.781117696867062,0.780270956816257,0.895850973751058,2
0.917019475021169,0.917019475021169,0.716342082980525,0.743437764606266,0.867061812023709,0.890770533446232,0.209991532599492,0.164267569856054,0.663844199830652,3
0.298475867908552,0.298475867908552,0.595258255715495,0.593988145639289,0.196020321761219,0.430567315834039,0.0135478408128704,0.0258255715495343,0.190939881456393,1
0.616426756985605,0.616426756985605,0.828958509737511,0.81541066892464,0.196020321761219,0.0474174428450466,0.55376799322608,0.375529212531753,0.767146486028789,0
0.34801016088061,0.34801016088061,0.595258255715495,0.556308213378493,0.196020321761219,0.262489415749365,0.863674851820491,0.577476714648603,0.190939881456393,0
0.396274343776461,0.396274343776461,0.257408975444539,0.330228619813717,0.867061812023709,0.890770533446232,0.209991532599492,0.164267569856054,0.0143945808636749,3
0.505080440304826,0.505080440304826,0.941998306519898,0.938611346316681,0.610922946655377,0.660457239627434,0.389923793395428,0.116426756985605,0.356900931414056,3
0.754445385266723,0.754445385266723,0.910245554614733,0.895004233700254,0.610922946655377,0.660457239627434,0.25952582557155,0.257832345469941,0.842506350550381,1
0.59229466553768,0.59229466553768,0.974597798475868,0.966977138018628,0.610922946655377,0.660457239627434,0.927603725656224,0.927603725656224,0.527519051651143,3
0.737933954276037,0.737933954276037,0.512701100762066,0.561812023708721,0.867061812023709,0.890770533446232,0.660880609652837,0.441574936494496,0.190939881456393,1
0.754445385266723,0.754445385266723,0.800169348010161,0.789161727349704,0.44030482641829,0.168924640135478,0.0465707027942422,0.0779000846740051,0.842506350550381,2
0.411939034716342,0.411939034716342,0.740050804403048,0.734970364098222,0.196020321761219,0.430567315834039,0.61727349703641,0.577476714648603,0.527519051651143,0
0.80186282811177,0.80186282811177,0.964436917866215,0.965283657917019,0.196020321761219,0.430567315834039,0.61727349703641,0.577476714648603,0.987298899237934,3
0.737933954276037,0.737933954276037,0.512701100762066,0.561812023708721,0.867061812023709,0.0842506350550381,0.330651989839119,0.47883149872989,0.190939881456393,3
0.917019475021169,0.917019475021169,0.716342082980525,0.743437764606266,0.867061812023709,0.890770533446232,0.781117696867062,0.780270956816257,0.663844199830652,3
0.962320067739204,0.962320067739204,0.800169348010161,0.817527519051651,0.867061812023709,0.890770533446232,0.660880609652837,0.441574936494496,0.842506350550381,2
0.505080440304826,0.505080440304826,0.941998306519898,0.938611346316681,0.610922946655377,0.660457239627434,0.927603725656224,0.927603725656224,0.356900931414056,3
0.891193903471634,0.891193903471634,0.7307366638442,0.75571549534293,0.867061812023709,0.890770533446232,0.781117696867062,0.780270956816257,0.527519051651143,2
0.962320067739204,0.962320067739204,0.800169348010161,0.817527519051651,0.867061812023709,0.890770533446232,0.0715495342929721,0.780270956816257,0.842506350550381,3
0.868755292125318,0.868755292125318,0.672311600338696,0.691363251481795,0.867061812023709,0.890770533446232,0.781117696867062,0.780270956816257,0.527519051651143,3
0.571549534292972,0.571549534292972,0.856054191363251,0.856054191363251,0.196020321761219,0.0190516511430991,0.36155800169348,0.375529212531753,0.842506350550381,1
0.810330228619814,0.810330228619814,0.602878916172735,0.640982218458933,0.867061812023709,0.890770533446232,0.209991532599492,0.164267569856054,0.356900931414056,3
0.636748518204911,0.636748518204911,0.739204064352244,0.707027942421677,0.44030482641829,0.168924640135478,0.573666384419983,0.516088060965284,0.895850973751058,2
0.771380186282811,0.771380186282811,0.483065198983912,0.549110922946655,0.867061812023709,0.890770533446232,0.209991532599492,0.164267569856054,0.356900931414056,3
0.634208298052498,0.634208298052498,0.965707027942422,0.966130397967824,0.196020321761219,0.430567315834039,0.533446232006774,0.324301439458086,0.969093988145639,3
0.674005080440305,0.674005080440305,0.426333615580017,0.475444538526672,0.867061812023709,0.890770533446232,0.781117696867062,0.780270956816257,0.190939881456393,3
0.979254868755292,0.979254868755292,0.573666384419983,0.622777307366638,0.867061812023709,0.890770533446232,0.781117696867062,0.780270956816257,0.895850973751058,3
0.98645215918713,0.98645215918713,0.608806096528366,0.64606265876376,0.867061812023709,0.0842506350550381,0.330651989839119,0.47883149872989,0.926333615580017,2
0.490685859441152,0.490685859441152,0.358171041490262,0.256138865368332,0.44030482641829,0.168924640135478,0.0465707027942422,0.0779000846740051,0.356900931414056,3
0.579170194750212,0.579170194750212,0.407281964436918,0.320491109229467,0.44030482641829,0.12108382726503,0.465707027942422,0.404741744284505,0.527519051651143,3
0.943691786621507,0.943691786621507,0.366215071972904,0.423793395427604,0.867061812023709,0.0842506350550381,0.330651989839119,0.47883149872989,0.842506350550381,2
0.943691786621507,0.943691786621507,0.366215071972904,0.423793395427604,0.867061812023709,0.0842506350550381,0.330651989839119,0.47883149872989,0.842506350550381,2
0.402624894157494,0.402624894157494,0.186706181202371,0.112193056731583,0.44030482641829,0.12108382726503,0.465707027942422,0.404741744284505,0.356900931414056,2
0.78069432684166,0.78069432684166,0.186706181202371,0.278577476714649,0.867061812023709,0.0842506350550381,0.330651989839119,0.47883149872989,0.356900931414056,2
0.931414055884843,0.931414055884843,0.322184589331075,0.396274343776461,0.867061812023709,0.890770533446232,0.781117696867062,0.780270956816257,0.767146486028789,2
0.555461473327688,0.555461473327688,0.0690093141405588,0.210838272650296,0.867061812023709,0.890770533446232,0.781117696867062,0.780270956816257,0.0740897544453853,3
0.123624047417443,0.123624047417443,0.258679085520745,0.245554614733277,0.196020321761219,0.430567315834039,0.61727349703641,0.577476714648603,0.0740897544453853,1
0.225656223539373,0.225656223539373,0.477984758679086,0.480101608806097,0.196020321761219,0.0190516511430991,0.36155800169348,0.375529212531753,0.527519051651143,1
0.168501270110076,0.168501270110076,0.363251481795089,0.335309060118544,0.196020321761219,0.430567315834039,0.61727349703641,0.577476714648603,0.190939881456393,0
0.579170194750212,0.579170194750212,0.407281964436918,0.320491109229467,0.44030482641829,0.168924640135478,0.0465707027942422,0.0779000846740051,0.527519051651143,2
0.322184589331075,0.322184589331075,0.632091447925487,0.632938187976291,0.196020321761219,0.0190516511430991,0.36155800169348,0.375529212531753,0.842506350550381,1
0.579170194750212,0.579170194750212,0.407281964436918,0.320491109229467,0.44030482641829,0.168924640135478,0.573666384419983,0.516088060965284,0.527519051651143,2
0.490685859441152,0.490685859441152,0.358171041490262,0.256138865368332,0.44030482641829,0.168924640135478,0.0465707027942422,0.0779000846740051,0.356900931414056,3
0.78069432684166,0.78069432684166,0.186706181202371,0.278577476714649,0.867061812023709,0.890770533446232,0.209991532599492,0.164267569856054,0.356900931414056,3
0.998306519898391,0.998306519898391,0.542760372565622,0.58848433530906,0.867061812023709,0.890770533446232,0.781117696867062,0.780270956816257,0.987298899237934,2
0.959779847586791,0.959779847586791,0.39415749364945,0.45004233700254,0.867061812023709,0.0842506350550381,0.330651989839119,0.47883149872989,0.895850973751058,3
0.931414055884843,0.931414055884843,0.322184589331075,0.396274343776461,0.867061812023709,0.890770533446232,0.209991532599492,0.164267569856054,0.767146486028789,3
0.959779847586791,0.959779847586791,0.39415749364945,0.45004233700254,0.867061812023709,0.890770533446232,0.660880609652837,0.441574936494496,0.895850973751058,3
0.18458933107536,0.18458933107536,0.781541066892464,0.777730736663844,0.196020321761219,0.430567315834039,0.0135478408128704,0.0258255715495343,0.767146486028789,0
0.843353090601185,0.843353090601185,0.217612193056732,0.301439458086367,0.867061812023709,0.890770533446232,0.0715495342929721,0.780270956816257,0.527519051651143,3
0.457239627434378,0.457239627434378,0.217612193056732,0.157493649449619,0.44030482641829,0.168924640135478,0,0,0.527519051651143,2
0.457239627434378,0.457239627434378,0.217612193056732,0.157493649449619,0.44030482641829,0.12108382726503,0.465707027942422,0.404741744284505,0.527519051651143,2
0.33657917019475,0.33657917019475,0.130397967823878,0.0791701947502117,0.44030482641829,0.168924640135478,0.0465707027942422,0.0779000846740051,0.190939881456393,2
0.78069432684166,0.78069432684166,0.186706181202371,0.278577476714649,0.867061812023709,0.890770533446232,0.781117696867062,0.780270956816257,0.356900931414056,2
0.135055038103302,0.135055038103302,0.677815410668925,0.669348010160881,0.196020321761219,0.430567315834039,0.61727349703641,0.577476714648603,0.527519051651143,1
0.581287044877223,0.581287044877223,0.804826418289585,0.801016088060965,0.196020321761219,0.262489415749365,0.240050804403048,0.324301439458086,0.842506350550381,0
0.355630821337849,0.355630821337849,0.606265876375953,0.577476714648603,0.196020321761219,0.0474174428450466,0.55376799322608,0.375529212531753,0.356900931414056,2
0.643945808636749,0.643945808636749,0.366215071972904,0.260795935647756,0.44030482641829,0.168924640135478,0.0465707027942422,0.0779000846740051,0.842506350550381,2
0.214648602878916,0.214648602878916,0.831922099915326,0.828535139712108,0.196020321761219,0.430567315834039,0.61727349703641,0.577476714648603,0.895850973751058,1
0.700254022015241,0.700254022015241,0.130397967823878,0.248941574936494,0.867061812023709,0.890770533446232,0.781117696867062,0.780270956816257,0.190939881456393,3
0.700254022015241,0.700254022015241,0.130397967823878,0.248941574936494,0.867061812023709,0.890770533446232,0.660880609652837,0.441574936494496,0.190939881456393,3
0.59991532599492,0.59991532599492,0.322184589331075,0.226079593564776,0.44030482641829,0.168924640135478,0.573666384419983,0.516088060965284,0.767146486028789,2
0.402624894157494,0.402624894157494,0.186706181202371,0.112193056731583,0.44030482641829,0.168924640135478,0.0465707027942422,0.0779000846740051,0.356900931414056,2
0.542760372565622,0.542760372565622,0.270110076206605,0.187976291278577,0.44030482641829,0.12108382726503,0.465707027942422,0.404741744284505,0.663844199830652,2
0.457239627434378,0.457239627434378,0.217612193056732,0.157493649449619,0.44030482641829,0.168924640135478,0.0465707027942422,0.0779000846740051,0.527519051651143,2
0.402624894157494,0.402624894157494,0.186706181202371,0.112193056731583,0.44030482641829,0.12108382726503,0.465707027942422,0.404741744284505,0.356900931414056,3
0.984335309060119,0.984335309060119,0.445385266723116,0.505927180355631,0.867061812023709,0.890770533446232,0.209991532599492,0.164267569856054,0.945808636748518,2
0.61346316680779,0.61346316680779,0.200677392040644,0.287468247248095,0.867061812023709,0.0842506350550381,0.330651989839119,0.47883149872989,0.0740897544453853,3
0.320914479254869,0.320914479254869,0.934801016088061,0.934801016088061,0.196020321761219,0.430567315834039,0.0135478408128704,0.0258255715495343,0.987298899237934,0
0.700254022015241,0.700254022015241,0.130397967823878,0.248941574936494,0.867061812023709,0.0842506350550381,0.330651989839119,0.47883149872989,0.190939881456393,3
0.402624894157494,0.402624894157494,0.186706181202371,0.112193056731583,0.44030482641829,0.168924640135478,0.0465707027942422,0.0779000846740051,0.356900931414056,3
0.931414055884843,0.931414055884843,0.322184589331075,0.396274343776461,0.867061812023709,0.0842506350550381,0.330651989839119,0.47883149872989,0.767146486028789,3
0.78069432684166,0.78069432684166,0.186706181202371,0.278577476714649,0.867061812023709,0.890770533446232,0.0715495342929721,0.780270956816257,0.356900931414056,2
0.78069432684166,0.78069432684166,0.186706181202371,0.278577476714649,0.867061812023709,0.890770533446232,0.209991532599492,0.164267569856054,0.356900931414056,2
0.542760372565622,0.542760372565622,0.270110076206605,0.187976291278577,0.44030482641829,0.168924640135478,0.573666384419983,0.516088060965284,0.663844199830652,2
0.118543607112616,0.118543607112616,0.606265876375953,0.610922946655377,0.196020321761219,0.430567315834039,0.61727349703641,0.577476714648603,0.356900931414056,0
0.643945808636749,0.643945808636749,0.994072819644369,0.993226079593565,0.610922946655377,0.660457239627434,0.389923793395428,0.116426756985605,0.842506350550381,3
0.78069432684166,0.78069432684166,0.186706181202371,0.278577476714649,0.867061812023709,0.890770533446232,0.660880609652837,0.441574936494496,0.356900931414056,3
0.581287044877223,0.581287044877223,0.846316680779001,0.845893310753599,0.196020321761219,0.262489415749365,0.16723116003387,0.290008467400508,0.842506350550381,2
0.402624894157494,0.402624894157494,0.186706181202371,0.112193056731583,0.44030482641829,0.168924640135478,0.0465707027942422,0.0779000846740051,0.356900931414056,2
0.88653683319221,0.88653683319221,0.270110076206605,0.34801016088061,0.867061812023709,0.890770533446232,0.209991532599492,0.164267569856054,0.663844199830652,2
0.931414055884843,0.931414055884843,0.322184589331075,0.396274343776461,0.867061812023709,0.0842506350550381,0.330651989839119,0.47883149872989,0.767146486028789,2
0.777307366638442,0.777307366638442,0.461049957662997,0.405588484335309,0.44030482641829,0.168924640135478,0.0465707027942422,0.0779000846740051,0.961049957662998,3
0.700254022015241,0.700254022015241,0.130397967823878,0.248941574936494,0.867061812023709,0.0842506350550381,0.330651989839119,0.47883149872989,0.190939881456393,3
0.88653683319221,0.88653683319221,0.270110076206605,0.34801016088061,0.867061812023709,0.0842506350550381,0.330651989839119,0.47883149872989,0.663844199830652,3
0.959779847586791,0.959779847586791,0.39415749364945,0.45004233700254,0.867061812023709,0.0842506350550381,0.330651989839119,0.47883149872989,0.895850973751058,2
0.542760372565622,0.542760372565622,0.270110076206605,0.187976291278577,0.44030482641829,0.168924640135478,0.573666384419983,0.516088060965284,0.663844199830652,2
0.964013547840813,0.964013547840813,0.552497883149873,0.595681625740898,0.867061812023709,0.890770533446232,0.781117696867062,0.780270956816257,0.842506350550381,3
0.870025402201524,0.870025402201524,0.407281964436918,0.464860287891617,0.867061812023709,0.890770533446232,0.209991532599492,0.164267569856054,0.527519051651143,3
0.704911092294666,0.704911092294666,0.499153259949196,0.455122777307367,0.44030482641829,0.12108382726503,0.465707027942422,0.404741744284505,0.767146486028789,3
0.490685859441152,0.490685859441152,0.358171041490262,0.256138865368332,0.44030482641829,0.168924640135478,0.0465707027942422,0.0779000846740051,0.356900931414056,3
0.056731583403895,0.056731583403895,0.124470787468247,0.160033869602032,0.196020321761219,0.430567315834039,0.0135478408128704,0.0258255715495343,0.0143945808636749,0
0.740050804403048,0.740050804403048,0.281117696867062,0.355207451312447,0.867061812023709,0.890770533446232,0.209991532599492,0.164267569856054,0.190939881456393,3
0.740050804403048,0.740050804403048,0.281117696867062,0.355207451312447,0.867061812023709,0.890770533446232,0.209991532599492,0.164267569856054,0.190939881456393,3
0.740050804403048,0.740050804403048,0.281117696867062,0.355207451312447,0.867061812023709,0.890770533446232,0.781117696867062,0.780270956816257,0.190939881456393,2
0.61346316680779,0.61346316680779,0.200677392040644,0.287468247248095,0.867061812023709,0.0842506350550381,0.330651989839119,0.47883149872989,0.0740897544453853,3
0.877222692633362,0.877222692633362,0.69432684165961,0.666384419983065,0.44030482641829,0.12108382726503,0.465707027942422,0.404741744284505,0.969093988145639,2
0.979254868755292,0.979254868755292,0.573666384419983,0.622777307366638,0.867061812023709,0.0842506350550381,0.330651989839119,0.47883149872989,0.895850973751058,2
0.942421676545301,0.942421676545301,0.499153259949196,0.551651143099069,0.867061812023709,0.890770533446232,0.781117696867062,0.780270956816257,0.767146486028789,3
0.225656223539373,0.225656223539373,0.477984758679086,0.480101608806097,0.196020321761219,0.430567315834039,0.61727349703641,0.577476714648603,0.527519051651143,0
0.490685859441152,0.490685859441152,0.358171041490262,0.256138865368332,0.44030482641829,0.12108382726503,0.465707027942422,0.404741744284505,0.356900931414056,3
0.92506350550381,0.92506350550381,0.750635055038103,0.720999153259949,0.44030482641829,0.12108382726503,0.465707027942422,0.404741744284505,0.987298899237934,2
0.817527519051651,0.817527519051651,0.358171041490262,0.420829805249788,0.867061812023709,0.890770533446232,0.781117696867062,0.780270956816257,0.356900931414056,2
0.402624894157494,0.402624894157494,0.186706181202371,0.112193056731583,0.44030482641829,0.168924640135478,0.573666384419983,0.516088060965284,0.356900931414056,3
0.214648602878916,0.214648602878916,0.831922099915326,0.828535139712108,0.196020321761219,0.430567315834039,0.61727349703641,0.577476714648603,0.895850973751058,1
0.998306519898391,0.998306519898391,0.542760372565622,0.58848433530906,0.867061812023709,0.890770533446232,0.781117696867062,0.780270956816257,0.987298899237934,2
0.457239627434378,0.457239627434378,0.217612193056732,0.157493649449619,0.44030482641829,0.168924640135478,0.573666384419983,0.516088060965284,0.527519051651143,2
0.59991532599492,0.59991532599492,0.322184589331075,0.226079593564776,0.44030482641829,0.168924640135478,0.279000846740051,0.309483488569009,0.767146486028789,2
0.59991532599492,0.59991532599492,0.81541066892464,0.788314987298899,0.610922946655377,0.660457239627434,0.25952582557155,0.257832345469941,0.767146486028789,0
0.870025402201524,0.870025402201524,0.407281964436918,0.464860287891617,0.867061812023709,0.890770533446232,0.209991532599492,0.164267569856054,0.527519051651143,3
0.817527519051651,0.817527519051651,0.358171041490262,0.420829805249788,0.867061812023709,0.890770533446232,0.781117696867062,0.780270956816257,0.356900931414056,3
0.92506350550381,0.92506350550381,0.750635055038103,0.720999153259949,0.44030482641829,0.168924640135478,0.573666384419983,0.516088060965284,0.987298899237934,2
0.413209144792549,0.413209144792549,0.757832345469941,0.74809483488569,0.196020321761219,0.430567315834039,0.61727349703641,0.577476714648603,0.961049957662998,1
0.704911092294666,0.704911092294666,0.499153259949196,0.455122777307367,0.44030482641829,0.168924640135478,0.279000846740051,0.309483488569009,0.767146486028789,3
0.168501270110076,0.168501270110076,0.363251481795089,0.335309060118544,0.196020321761219,0.430567315834039,0.61727349703641,0.577476714648603,0.190939881456393,0
0.92125317527519,0.92125317527519,0.458933107535986,0.52116850127011,0.867061812023709,0.0842506350550381,0.330651989839119,0.47883149872989,0.663844199830652,2
0.342929720575783,0.342929720575783,0.660457239627434,0.661303979678239,0.196020321761219,0.430567315834039,0.61727349703641,0.577476714648603,0.895850973751058,0
0.831498729889924,0.831498729889924,0.640982218458933,0.613039796782388,0.44030482641829,0.168924640135478,0.0465707027942422,0.0779000846740051,0.945808636748518,2
0.964013547840813,0.964013547840813,0.552497883149873,0.595681625740898,0.867061812023709,0.890770533446232,0.781117696867062,0.780270956816257,0.842506350550381,2
0.402624894157494,0.402624894157494,0.186706181202371,0.112193056731583,0.44030482641829,0.168924640135478,0.0465707027942422,0.0779000846740051,0.356900931414056,2
0.78069432684166,0.78069432684166,0.186706181202371,0.278577476714649,0.867061812023709,0.0842506350550381,0.330651989839119,0.47883149872989,0.356900931414056,2
0.984335309060119,0.984335309060119,0.445385266723116,0.505927180355631,0.867061812023709,0.0842506350550381,0.330651989839119,0.47883149872989,0.945808636748518,3
0.998306519898391,0.998306519898391,0.542760372565622,0.58848433530906,0.867061812023709,0.890770533446232,0.209991532599492,0.164267569856054,0.987298899237934,2
0.977138018628281,0.977138018628281,0.41151566469094,0.468247248094835,0.867061812023709,0.890770533446232,0.660880609652837,0.441574936494496,0.926333615580017,3
0.201524132091448,0.201524132091448,0.846316680779001,0.858594411515665,0.196020321761219,0.0190516511430991,0.143099068585944,0.35393734123624,0.842506350550381,2
0.457239627434378,0.457239627434378,0.217612193056732,0.157493649449619,0.44030482641829,0.168924640135478,0.279000846740051,0.309483488569009,0.527519051651143,3
0.18458933107536,0.18458933107536,0.781541066892464,0.777730736663844,0.196020321761219,0.0190516511430991,0.36155800169348,0.375529212531753,0.767146486028789,1
0.987298899237934,0.987298899237934,0.461049957662997,0.530906011854361,0.867061812023709,0.890770533446232,0.781117696867062,0.780270956816257,0.961049957662998,2
0.59991532599492,0.59991532599492,0.322184589331075,0.226079593564776,0.44030482641829,0.12108382726503,0.465707027942422,0.404741744284505,0.767146486028789,3
0.135055038103302,0.135055038103302,0.677815410668925,0.669348010160881,0.196020321761219,0.430567315834039,0.61727349703641,0.577476714648603,0.527519051651143,1
0.847163420829805,0.847163420829805,0.542760372565622,0.504233700254022,0.44030482641829,0.168924640135478,0.0465707027942422,0.0779000846740051,0.987298899237934,2
0.991532599491956,0.991532599491956,0.481795088907705,0.544453852667231,0.867061812023709,0.890770533446232,0.781117696867062,0.780270956816257,0.969093988145639,3
0.402624894157494,0.402624894157494,0.186706181202371,0.112193056731583,0.44030482641829,0.12108382726503,0.465707027942422,0.404741744284505,0.356900931414056,2
0.0491109229466554,0.0491109229466554,0.412785774767147,0.408552074513124,0.196020321761219,0.0190516511430991,0.36155800169348,0.375529212531753,0.0740897544453853,1
0.118543607112616,0.118543607112616,0.656646909398815,0.68458933107536,0.196020321761219,0.430567315834039,0.511854360711262,0.866638441998307,0.356900931414056,3
0.135055038103302,0.135055038103302,0.720575783234547,0.746824724809483,0.196020321761219,0.430567315834039,0.10965283657917,0.216342082980525,0.527519051651143,2
0.88653683319221,0.88653683319221,0.270110076206605,0.34801016088061,0.867061812023709,0.0842506350550381,0.330651989839119,0.47883149872989,0.663844199830652,3
0.118543607112616,0.118543607112616,0.606265876375953,0.610922946655377,0.196020321761219,0.430567315834039,0.61727349703641,0.577476714648603,0.356900931414056,0
0.33657917019475,0.33657917019475,0.130397967823878,0.0791701947502117,0.44030482641829,0.168924640135478,0.573666384419983,0.516088060965284,0.190939881456393,2
0.88653683319221,0.88653683319221,0.270110076206605,0.34801016088061,0.867061812023709,0.890770533446232,0.660880609652837,0.441574936494496,0.663844199830652,3
0.700254022015241,0.700254022015241,0.130397967823878,0.248941574936494,0.867061812023709,0.0842506350550381,0.330651989839119,0.47883149872989,0.190939881456393,3
0.88653683319221,0.88653683319221,0.270110076206605,0.34801016088061,0.867061812023709,0.890770533446232,0.209991532599492,0.164267569856054,0.663844199830652,2
0.118543607112616,0.118543607112616,0.606265876375953,0.610922946655377,0.196020321761219,0.430567315834039,0.61727349703641,0.577476714648603,0.356900931414056,1
0.0491109229466554,0.0491109229466554,0.412785774767147,0.408552074513124,0.196020321761219,0.430567315834039,0.61727349703641,0.577476714648603,0.0740897544453853,0
0.847163420829805,0.847163420829805,0.542760372565622,0.504233700254022,0.44030482641829,0.168924640135478,0.279000846740051,0.309483488569009,0.987298899237934,2
0.533446232006774,0.533446232006774,0.781541066892464,0.752751905165114,0.196020321761219,0.262489415749365,0.863674851820491,0.577476714648603,0.767146486028789,1
0.931414055884843,0.931414055884843,0.322184589331075,0.396274343776461,0.867061812023709,0.890770533446232,0.781117696867062,0.780270956816257,0.767146486028789,2
0.107535986452159,0.107535986452159,0.491109229466554,0.381033022861981,0.610922946655377,0.660457239627434,0.696443691786621,0.647332768839966,0.190939881456393,0
0.31160033869602,0.31160033869602,0.883573243014395,0.860711261642676,0.610922946655377,0.660457239627434,0.696443691786621,0.647332768839966,0.961049957662998,1
0.934801016088061,0.934801016088061,0.965707027942422,0.969517358171041,0.867061812023709,0.0842506350550381,0.330651989839119,0.47883149872989,0.969093988145639,3
0.625317527519052,0.625317527519052,0.164267569856054,0.199407281964437,0.196020321761219,0.0474174428450466,0.488145639288738,0.339119390347163,0.190939881456393,3
0.842506350550381,0.842506350550381,0.916172734970364,0.92125317527519,0.867061812023709,0.890770533446232,0.781117696867062,0.780270956816257,0.895850973751058,3
0.392040643522439,0.392040643522439,0.164267569856054,0.270533446232007,0.196020321761219,0.430567315834039,0.10965283657917,0.216342082980525,0.190939881456393,2
0.834462320067739,0.834462320067739,0.343776460626588,0.325571549534293,0.196020321761219,0.262489415749365,0.16723116003387,0.290008467400508,0.663844199830652,2
0.361134631668078,0.361134631668078,0.924216765453006,0.914055884843353,0.610922946655377,0.660457239627434,0.25952582557155,0.257832345469941,0.987298899237934,0
0.465707027942422,0.465707027942422,0.235817104149026,0.309060118543607,0.196020321761219,0.430567315834039,0.511854360711262,0.866638441998307,0.356900931414056,3
0.903471634208298,0.903471634208298,0.610499576629975,0.646909398814564,0.196020321761219,0.430567315834039,0.10965283657917,0.216342082980525,0.987298899237934,2
0.834462320067739,0.834462320067739,0.343776460626588,0.325571549534293,0.196020321761219,0.262489415749365,0.16723116003387,0.290008467400508,0.663844199830652,2
0.465707027942422,0.465707027942422,0.235817104149026,0.309060118543607,0.196020321761219,0.0190516511430991,0.143099068585944,0.35393734123624,0.356900931414056,2
0.787891617273497,0.787891617273497,0.297629127857748,0.283657917019475,0.196020321761219,0.262489415749365,0.16723116003387,0.290008467400508,0.527519051651143,2
0.764182895850974,0.764182895850974,0.452159187129551,0.509314140558848,0.196020321761219,0.430567315834039,0.431837425910246,0.690093141405589,0.895850973751058,2
0.560965283657917,0.560965283657917,0.297629127857748,0.365791701947502,0.196020321761219,0.430567315834039,0.10965283657917,0.216342082980525,0.527519051651143,2
0.821337849280271,0.821337849280271,0.504233700254022,0.554191363251482,0.196020321761219,0.430567315834039,0.10965283657917,0.216342082980525,0.945808636748518,3
0.107535986452159,0.107535986452159,0.491109229466554,0.381033022861981,0.610922946655377,0.660457239627434,0.696443691786621,0.647332768839966,0.190939881456393,0
0.628704487722269,0.628704487722269,0.343776460626588,0.413632514817951,0.196020321761219,0.430567315834039,0.511854360711262,0.866638441998307,0.663844199830652,3
0.764182895850974,0.764182895850974,0.452159187129551,0.509314140558848,0.196020321761219,0.430567315834039,0.10965283657917,0.216342082980525,0.895850973751058,2
0.764182895850974,0.764182895850974,0.452159187129551,0.509314140558848,0.196020321761219,0.430567315834039,0.10965283657917,0.216342082980525,0.895850973751058,2
0.834462320067739,0.834462320067739,0.343776460626588,0.325571549534293,0.196020321761219,0.262489415749365,0.16723116003387,0.290008467400508,0.663844199830652,2
0.465707027942422,0.465707027942422,0.235817104149026,0.309060118543607,0.196020321761219,0.0190516511430991,0.143099068585944,0.35393734123624,0.356900931414056,3
0.628704487722269,0.628704487722269,0.343776460626588,0.413632514817951,0.196020321761219,0.430567315834039,0.10965283657917,0.216342082980525,0.663844199830652,2
0.834462320067739,0.834462320067739,0.343776460626588,0.325571549534293,0.196020321761219,0.262489415749365,0.16723116003387,0.290008467400508,0.663844199830652,2
0.726079593564776,0.726079593564776,0.419983065198984,0.47121083827265,0.196020321761219,0.430567315834039,0.511854360711262,0.866638441998307,0.842506350550381,3
0.309060118543607,0.309060118543607,0.103725656223539,0.230313293818798,0.196020321761219,0.430567315834039,0.431837425910246,0.690093141405589,0.0740897544453853,3
0.392040643522439,0.392040643522439,0.164267569856054,0.270533446232007,0.196020321761219,0.430567315834039,0.10965283657917,0.216342082980525,0.190939881456393,3
0.145215918712955,0.145215918712955,0.585097375105842,0.493226079593565,0.610922946655377,0.660457239627434,0.696443691786621,0.647332768839966,0.356900931414056,0
0.361134631668078,0.361134631668078,0.924216765453006,0.914055884843353,0.610922946655377,0.660457239627434,0.696443691786621,0.647332768839966,0.987298899237934,1
0.252751905165114,0.252751905165114,0.812870448772227,0.787468247248095,0.610922946655377,0.660457239627434,0.696443691786621,0.647332768839966,0.895850973751058,0
0.196443691786621,0.196443691786621,0.700254022015241,0.644369178662151,0.610922946655377,0.660457239627434,0.696443691786621,0.647332768839966,0.663844199830652,1
0.787891617273497,0.787891617273497,0.297629127857748,0.283657917019475,0.196020321761219,0.262489415749365,0.0266723116003387,0.314563928873836,0.527519051651143,3
0.797629127857748,0.797629127857748,0.465707027942422,0.535139712108383,0.196020321761219,0.430567315834039,0.511854360711262,0.866638441998307,0.926333615580017,3
0.834462320067739,0.834462320067739,0.343776460626588,0.325571549534293,0.196020321761219,0.262489415749365,0.16723116003387,0.290008467400508,0.663844199830652,2
0.560965283657917,0.560965283657917,0.297629127857748,0.365791701947502,0.196020321761219,0.430567315834039,0.10965283657917,0.216342082980525,0.527519051651143,2
0.232430143945809,0.232430143945809,0.93649449618967,0.932260795935648,0.610922946655377,0.660457239627434,0.927603725656224,0.927603725656224,0.842506350550381,3
0.145215918712955,0.145215918712955,0.585097375105842,0.493226079593565,0.610922946655377,0.660457239627434,0.0812870448772227,0.0575783234546994,0.356900931414056,0
0.680355630821338,0.680355630821338,0.384843353090601,0.442845046570703,0.196020321761219,0.430567315834039,0.511854360711262,0.866638441998307,0.767146486028789,2
0.293395427603726,0.293395427603726,0.8653683319221,0.837425910245555,0.610922946655377,0.660457239627434,0.696443691786621,0.647332768839966,0.945808636748518,1
0.902201524132091,0.902201524132091,0.419983065198984,0.418712955122777,0.196020321761219,0.262489415749365,0.0266723116003387,0.314563928873836,0.842506350550381,2
0.902201524132091,0.902201524132091,0.419983065198984,0.418712955122777,0.196020321761219,0.262489415749365,0.16723116003387,0.290008467400508,0.842506350550381,2
0.232430143945809,0.232430143945809,0.793395427603726,0.740897544453853,0.610922946655377,0.660457239627434,0.696443691786621,0.647332768839966,0.842506350550381,1
0.628704487722269,0.628704487722269,0.343776460626588,0.413632514817951,0.196020321761219,0.430567315834039,0.431837425910246,0.690093141405589,0.663844199830652,2
0.628704487722269,0.628704487722269,0.343776460626588,0.413632514817951,0.196020321761219,0.430567315834039,0.431837425910246,0.690093141405589,0.663844199830652,3
0.628704487722269,0.628704487722269,0.343776460626588,0.413632514817951,0.196020321761219,0.430567315834039,0.431837425910246,0.690093141405589,0.663844199830652,2
0.0732430143945809,0.0732430143945809,0.397967823878069,0.221845893310754,0.610922946655377,0.660457239627434,0.25952582557155,0.257832345469941,0.0740897544453853,1
0.175275190516511,0.175275190516511,0.7307366638442,0.677392040643522,0.610922946655377,0.660457239627434,0.25952582557155,0.257832345469941,0.527519051651143,1
0.872565622353937,0.872565622353937,0.343776460626588,0.325571549534293,0.196020321761219,0.262489415749365,0.16723116003387,0.290008467400508,0.663844199830652,2
0.252751905165114,0.252751905165114,0.872565622353937,0.852243861134632,0.610922946655377,0.660457239627434,0.25952582557155,0.257832345469941,0.895850973751058,0
0.107535986452159,0.107535986452159,0.576629974597799,0.488145639288738,0.610922946655377,0.660457239627434,0.25952582557155,0.257832345469941,0.190939881456393,0
0.107535986452159,0.107535986452159,0.576629974597799,0.488145639288738,0.610922946655377,0.660457239627434,0.696443691786621,0.647332768839966,0.190939881456393,1
0.175275190516511,0.175275190516511,0.7307366638442,0.677392040643522,0.610922946655377,0.660457239627434,0.25952582557155,0.257832345469941,0.527519051651143,1
0.196443691786621,0.196443691786621,0.791278577476715,0.736663844199831,0.610922946655377,0.660457239627434,0.696443691786621,0.647332768839966,0.663844199830652,0
0.680355630821338,0.680355630821338,0.384843353090601,0.442845046570703,0.196020321761219,0.430567315834039,0.10965283657917,0.216342082980525,0.767146486028789,3
0.212108382726503,0.212108382726503,0.752328535139712,0.696867061812024,0.610922946655377,0.660457239627434,0.696443691786621,0.647332768839966,0.767146486028789,0
0.145215918712955,0.145215918712955,0.585097375105842,0.493226079593565,0.610922946655377,0.660457239627434,0.696443691786621,0.647332768839966,0.356900931414056,1
0.145215918712955,0.145215918712955,0.585097375105842,0.493226079593565,0.610922946655377,0.660457239627434,0.25952582557155,0.257832345469941,0.356900931414056,1
0.680355630821338,0.680355630821338,0.384843353090601,0.442845046570703,0.196020321761219,0.430567315834039,0.511854360711262,0.866638441998307,0.767146486028789,3
0.560965283657917,0.560965283657917,0.297629127857748,0.365791701947502,0.196020321761219,0.0190516511430991,0.143099068585944,0.35393734123624,0.527519051651143,3
0.726079593564776,0.726079593564776,0.419983065198984,0.47121083827265,0.196020321761219,0.430567315834039,0.511854360711262,0.866638441998307,0.842506350550381,3
0.392040643522439,0.392040643522439,0.164267569856054,0.270533446232007,0.196020321761219,0.430567315834039,0.431837425910246,0.690093141405589,0.190939881456393,3
0.107535986452159,0.107535986452159,0.491109229466554,0.381033022861981,0.610922946655377,0.660457239627434,0.696443691786621,0.647332768839966,0.190939881456393,2
0.764182895850974,0.764182895850974,0.452159187129551,0.509314140558848,0.196020321761219,0.430567315834039,0.10965283657917,0.216342082980525,0.895850973751058,3
0.821337849280271,0.821337849280271,0.504233700254022,0.554191363251482,0.196020321761219,0.430567315834039,0.431837425910246,0.690093141405589,0.945808636748518,2
0.719729043183743,0.719729043183743,0.235817104149026,0.239204064352244,0.196020321761219,0.262489415749365,0.0266723116003387,0.314563928873836,0.356900931414056,3
0.875105842506351,0.875105842506351,0.384843353090601,0.375105842506351,0.196020321761219,0.262489415749365,0.16723116003387,0.290008467400508,0.767146486028789,2
0.31160033869602,0.31160033869602,0.883573243014395,0.860711261642676,0.610922946655377,0.660457239627434,0.696443691786621,0.647332768839966,0.961049957662998,1
0.834462320067739,0.834462320067739,0.343776460626588,0.325571549534293,0.196020321761219,0.0474174428450466,0.488145639288738,0.339119390347163,0.663844199830652,2
0.465707027942422,0.465707027942422,0.235817104149026,0.309060118543607,0.196020321761219,0.430567315834039,0.10965283657917,0.216342082980525,0.356900931414056,3
0.264182895850974,0.264182895850974,0.839966130397968,0.812023708721422,0.610922946655377,0.660457239627434,0.696443691786621,0.647332768839966,0.926333615580017,1
0.937341236240474,0.937341236240474,0.452159187129551,0.452582557154953,0.196020321761219,0.262489415749365,0.16723116003387,0.290008467400508,0.895850973751058,2
0.680355630821338,0.680355630821338,0.384843353090601,0.442845046570703,0.196020321761219,0.430567315834039,0.431837425910246,0.690093141405589,0.767146486028789,2
0.560965283657917,0.560965283657917,0.297629127857748,0.365791701947502,0.196020321761219,0.430567315834039,0.511854360711262,0.866638441998307,0.527519051651143,2
0.680355630821338,0.680355630821338,0.384843353090601,0.442845046570703,0.196020321761219,0.430567315834039,0.511854360711262,0.866638441998307,0.767146486028789,3
0.764182895850974,0.764182895850974,0.452159187129551,0.509314140558848,0.196020321761219,0.430567315834039,0.431837425910246,0.690093141405589,0.895850973751058,2
0.196443691786621,0.196443691786621,0.700254022015241,0.644369178662151,0.610922946655377,0.660457239627434,0.25952582557155,0.257832345469941,0.663844199830652,1
0.560965283657917,0.560965283657917,0.297629127857748,0.365791701947502,0.196020321761219,0.430567315834039,0.511854360711262,0.866638441998307,0.527519051651143,3
0.628704487722269,0.628704487722269,0.343776460626588,0.413632514817951,0.196020321761219,0.0190516511430991,0.143099068585944,0.35393734123624,0.663844199830652,2
0.560965283657917,0.560965283657917,0.297629127857748,0.365791701947502,0.196020321761219,0.430567315834039,0.511854360711262,0.866638441998307,0.527519051651143,2
0.0732430143945809,0.0732430143945809,0.613039796782388,0.584250635055038,0.610922946655377,0.660457239627434,0.927603725656224,0.927603725656224,0.0740897544453853,3
0.560965283657917,0.560965283657917,0.297629127857748,0.365791701947502,0.196020321761219,0.430567315834039,0.511854360711262,0.866638441998307,0.527519051651143,3
0.465707027942422,0.465707027942422,0.235817104149026,0.309060118543607,0.196020321761219,0.430567315834039,0.10965283657917,0.216342082980525,0.356900931414056,3
0.560965283657917,0.560965283657917,0.297629127857748,0.365791701947502,0.196020321761219,0.430567315834039,0.10965283657917,0.216342082980525,0.527519051651143,3
0.196443691786621,0.196443691786621,0.700254022015241,0.644369178662151,0.610922946655377,0.660457239627434,0.696443691786621,0.647332768839966,0.663844199830652,0
0.787891617273497,0.787891617273497,0.297629127857748,0.283657917019475,0.196020321761219,0.0474174428450466,0.488145639288738,0.339119390347163,0.527519051651143,3
0.175275190516511,0.175275190516511,0.646909398814564,0.57874682472481,0.610922946655377,0.660457239627434,0.25952582557155,0.257832345469941,0.527519051651143,1
0.625317527519052,0.625317527519052,0.164267569856054,0.199407281964437,0.196020321761219,0.262489415749365,0.16723116003387,0.290008467400508,0.190939881456393,2
0.107535986452159,0.107535986452159,0.491109229466554,0.381033022861981,0.610922946655377,0.660457239627434,0.25952582557155,0.257832345469941,0.190939881456393,1
0.107535986452159,0.107535986452159,0.491109229466554,0.381033022861981,0.610922946655377,0.660457239627434,0.696443691786621,0.647332768839966,0.190939881456393,1
0.560965283657917,0.560965283657917,0.297629127857748,0.365791701947502,0.196020321761219,0.430567315834039,0.511854360711262,0.866638441998307,0.527519051651143,2
0.145215918712955,0.145215918712955,0.585097375105842,0.493226079593565,0.610922946655377,0.660457239627434,0.696443691786621,0.647332768839966,0.356900931414056,1
0.392040643522439,0.392040643522439,0.164267569856054,0.270533446232007,0.196020321761219,0.430567315834039,0.431837425910246,0.690093141405589,0.190939881456393,3
0.145215918712955,0.145215918712955,0.585097375105842,0.493226079593565,0.610922946655377,0.660457239627434,0.25952582557155,0.257832345469941,0.356900931414056,1
0.821337849280271,0.821337849280271,0.504233700254022,0.554191363251482,0.196020321761219,0.430567315834039,0.10965283657917,0.216342082980525,0.945808636748518,2
0.309060118543607,0.309060118543607,0.103725656223539,0.230313293818798,0.196020321761219,0.430567315834039,0.431837425910246,0.690093141405589,0.0740897544453853,3
0.392040643522439,0.392040643522439,0.164267569856054,0.270533446232007,0.196020321761219,0.430567315834039,0.511854360711262,0.866638441998307,0.190939881456393,2
0.560965283657917,0.560965283657917,0.297629127857748,0.365791701947502,0.196020321761219,0.430567315834039,0.10965283657917,0.216342082980525,0.527519051651143,2
0.107535986452159,0.107535986452159,0.491109229466554,0.381033022861981,0.610922946655377,0.660457239627434,0.696443691786621,0.647332768839966,0.190939881456393,0
0.764182895850974,0.764182895850974,0.452159187129551,0.509314140558848,0.196020321761219,0.430567315834039,0.10965283657917,0.216342082980525,0.895850973751058,2
0.392040643522439,0.392040643522439,0.164267569856054,0.270533446232007,0.196020321761219,0.430567315834039,0.10965283657917,0.216342082980525,0.190939881456393,3
0.175275190516511,0.175275190516511,0.646909398814564,0.57874682472481,0.610922946655377,0.660457239627434,0.696443691786621,0.647332768839966,0.527519051651143,0
0.883149872988992,0.883149872988992,0.58086367485182,0.625740897544454,0.196020321761219,0.430567315834039,0.10965283657917,0.216342082980525,0.973327688399661,2
0.465707027942422,0.465707027942422,0.235817104149026,0.309060118543607,0.196020321761219,0.430567315834039,0.431837425910246,0.690093141405589,0.356900931414056,3
0.392040643522439,0.392040643522439,0.164267569856054,0.270533446232007,0.196020321761219,0.430567315834039,0.431837425910246,0.690093141405589,0.190939881456393,3
0.787891617273497,0.787891617273497,0.297629127857748,0.283657917019475,0.196020321761219,0.262489415749365,0.16723116003387,0.290008467400508,0.527519051651143,2
0.680355630821338,0.680355630821338,0.384843353090601,0.442845046570703,0.196020321761219,0.430567315834039,0.10965283657917,0.216342082980525,0.767146486028789,2
0.560965283657917,0.560965283657917,0.297629127857748,0.365791701947502,0.196020321761219,0.430567315834039,0.511854360711262,0.866638441998307,0.527519051651143,3
0.145215918712955,0.145215918712955,0.585097375105842,0.493226079593565,0.610922946655377,0.660457239627434,0.25952582557155,0.257832345469941,0.356900931414056,1
0.875105842506351,0.875105842506351,0.384843353090601,0.375105842506351,0.196020321761219,0.262489415749365,0.542760372565622,0.422946655376799,0.767146486028789,2
0.465707027942422,0.465707027942422,0.235817104149026,0.309060118543607,0.196020321761219,0.0190516511430991,0.143099068585944,0.35393734123624,0.356900931414056,3
0.107535986452159,0.107535986452159,0.491109229466554,0.381033022861981,0.610922946655377,0.660457239627434,0.696443691786621,0.647332768839966,0.190939881456393,0
0.145215918712955,0.145215918712955,0.585097375105842,0.493226079593565,0.610922946655377,0.660457239627434,0.25952582557155,0.257832345469941,0.356900931414056,1
0.0207451312447079,0.0207451312447079,0.24809483488569,0.0685859441151566,0.610922946655377,0.660457239627434,0.696443691786621,0.647332768839966,0.0143945808636749,1
0.680355630821338,0.680355630821338,0.384843353090601,0.442845046570703,0.196020321761219,0.430567315834039,0.10965283657917,0.216342082980525,0.767146486028789,3
0.560965283657917,0.560965283657917,0.297629127857748,0.365791701947502,0.196020321761219,0.430567315834039,0.431837425910246,0.690093141405589,0.527519051651143,3
0.107535986452159,0.107535986452159,0.491109229466554,0.381033022861981,0.610922946655377,0.660457239627434,0.25952582557155,0.257832345469941,0.190939881456393,0
0.107535986452159,0.107535986452159,0.491109229466554,0.381033022861981,0.610922946655377,0.660457239627434,0.25952582557155,0.257832345469941,0.190939881456393,1
0.346316680779001,0.346316680779001,0.643945808636749,0.57493649449619,0.610922946655377,0.660457239627434,0.696443691786621,0.647332768839966,0.767146486028789,3
0.649872988992379,0.649872988992379,0.632091447925487,0.661303979678239,0.196020321761219,0.430567315834039,0.431837425910246,0.690093141405589,0.842506350550381,3
0.53259949195597,0.53259949195597,0.576629974597799,0.624047417442845,0.867061812023709,0.0842506350550381,0.330651989839119,0.47883149872989,0.190939881456393,2
0.696443691786621,0.696443691786621,0.660457239627434,0.687976291278578,0.196020321761219,0.430567315834039,0.511854360711262,0.866638441998307,0.895850973751058,3
0.610076206604572,0.610076206604572,0.591024555461473,0.632938187976291,0.196020321761219,0.0190516511430991,0.143099068585944,0.35393734123624,0.767146486028789,3
0.551227773073666,0.551227773073666,0.535139712108383,0.585944115156647,0.196020321761219,0.430567315834039,0.431837425910246,0.690093141405589,0.663844199830652,3
0.732006773920406,0.732006773920406,0.477984758679086,0.48645215918713,0.196020321761219,0.262489415749365,0.542760372565622,0.422946655376799,0.527519051651143,3
0.409398814563929,0.409398814563929,0.431837425910246,0.480101608806097,0.196020321761219,0.430567315834039,0.10965283657917,0.216342082980525,0.356900931414056,3
0.610076206604572,0.610076206604572,0.591024555461473,0.632938187976291,0.196020321761219,0.430567315834039,0.511854360711262,0.866638441998307,0.767146486028789,2
0.346316680779001,0.346316680779001,0.643945808636749,0.57493649449619,0.610922946655377,0.660457239627434,0.696443691786621,0.647332768839966,0.767146486028789,1
0.610076206604572,0.610076206604572,0.591024555461473,0.632938187976291,0.196020321761219,0.430567315834039,0.431837425910246,0.690093141405589,0.767146486028789,2
0.551227773073666,0.551227773073666,0.535139712108383,0.585944115156647,0.196020321761219,0.430567315834039,0.10965283657917,0.216342082980525,0.663844199830652,3
0.649872988992379,0.649872988992379,0.632091447925487,0.661303979678239,0.196020321761219,0.430567315834039,0.431837425910246,0.690093141405589,0.842506350550381,3
0.654106689246401,0.654106689246401,0.431837425910246,0.426333615580017,0.196020321761219,0.262489415749365,0.16723116003387,0.290008467400508,0.356900931414056,3
0.24047417442845,0.24047417442845,0.469093988145639,0.338696020321761,0.610922946655377,0.660457239627434,0.0812870448772227,0.0575783234546994,0.356900931414056,1
0.654106689246401,0.654106689246401,0.431837425910246,0.426333615580017,0.196020321761219,0.0474174428450466,0.488145639288738,0.339119390347163,0.356900931414056,2
0.610076206604572,0.610076206604572,0.591024555461473,0.632938187976291,0.196020321761219,0.430567315834039,0.10965283657917,0.216342082980525,0.767146486028789,3
0.708298052497883,0.708298052497883,0.7307366638442,0.75571549534293,0.867061812023709,0.890770533446232,0.781117696867062,0.780270956816257,0.527519051651143,0
0.470787468247248,0.470787468247248,0.477984758679086,0.539796782387807,0.196020321761219,0.430567315834039,0.511854360711262,0.866638441998307,0.527519051651143,3
0.785351397121084,0.785351397121084,0.535139712108383,0.547417442845047,0.196020321761219,0.262489415749365,0.16723116003387,0.290008467400508,0.663844199830652,2
0.551227773073666,0.551227773073666,0.535139712108383,0.585944115156647,0.196020321761219,0.0190516511430991,0.143099068585944,0.35393734123624,0.663844199830652,3
0.470787468247248,0.470787468247248,0.477984758679086,0.539796782387807,0.196020321761219,0.0190516511430991,0.143099068585944,0.35393734123624,0.527519051651143,2
0.649872988992379,0.649872988992379,0.632091447925487,0.661303979678239,0.196020321761219,0.430567315834039,0.431837425910246,0.690093141405589,0.842506350550381,3
0.610076206604572,0.610076206604572,0.591024555461473,0.632938187976291,0.196020321761219,0.0190516511430991,0.143099068585944,0.35393734123624,0.767146486028789,2
0.260795935647756,0.260795935647756,0.258679085520745,0.335309060118544,0.196020321761219,0.430567315834039,0.431837425910246,0.690093141405589,0.0740897544453853,2
0.654106689246401,0.654106689246401,0.431837425910246,0.426333615580017,0.196020321761219,0.262489415749365,0.16723116003387,0.290008467400508,0.356900931414056,2
0.341236240474174,0.341236240474174,0.103725656223539,0.230313293818798,0.196020321761219,0.430567315834039,0.10965283657917,0.216342082980525,0.0740897544453853,2
0.537679932260796,0.537679932260796,0.235817104149026,0.309060118543607,0.196020321761219,0.430567315834039,0.431837425910246,0.690093141405589,0.356900931414056,3
0.674005080440305,0.674005080440305,0.164267569856054,0.199407281964437,0.196020321761219,0.262489415749365,0.16723116003387,0.290008467400508,0.190939881456393,2
0.774767146486029,0.774767146486029,0.419983065198984,0.47121083827265,0.196020321761219,0.430567315834039,0.511854360711262,0.866638441998307,0.842506350550381,2
0.341236240474174,0.341236240474174,0.103725656223539,0.230313293818798,0.196020321761219,0.430567315834039,0.431837425910246,0.690093141405589,0.0740897544453853,3
0.232430143945809,0.232430143945809,0.850127011007621,0.82303132938188,0.610922946655377,0.660457239627434,0.0812870448772227,0.0575783234546994,0.842506350550381,0
0.8268416596105,0.8268416596105,0.297629127857748,0.283657917019475,0.196020321761219,0.0474174428450466,0.488145639288738,0.339119390347163,0.527519051651143,3
0.429297205757832,0.429297205757832,0.164267569856054,0.270533446232007,0.196020321761219,0.430567315834039,0.431837425910246,0.690093141405589,0.190939881456393,3
0.145215918712955,0.145215918712955,0.665537679932261,0.601608806096528,0.610922946655377,0.660457239627434,0.696443691786621,0.647332768839966,0.356900931414056,1
0.537679932260796,0.537679932260796,0.235817104149026,0.309060118543607,0.196020321761219,0.430567315834039,0.431837425910246,0.690093141405589,0.356900931414056,3
0.252751905165114,0.252751905165114,0.872565622353937,0.852243861134632,0.610922946655377,0.660457239627434,0.696443691786621,0.647332768839966,0.895850973751058,0
0.537679932260796,0.537679932260796,0.235817104149026,0.309060118543607,0.196020321761219,0.430567315834039,0.511854360711262,0.866638441998307,0.356900931414056,3
0.994496189669771,0.994496189669771,0.610499576629975,0.617696867061812,0.196020321761219,0.262489415749365,0.16723116003387,0.290008467400508,0.987298899237934,2
0.546570702794242,0.546570702794242,0.103725656223539,0.153683319220999,0.196020321761219,0.262489415749365,0.16723116003387,0.290008467400508,0.0740897544453853,2
0.990685859441152,0.990685859441152,0.560541913632515,0.55969517358171,0.196020321761219,0.262489415749365,0.16723116003387,0.290008467400508,0.969093988145639,2
0.31160033869602,0.31160033869602,0.928027095681626,0.91532599491956,0.610922946655377,0.660457239627434,0.696443691786621,0.647332768839966,0.961049957662998,0
0.145215918712955,0.145215918712955,0.665537679932261,0.601608806096528,0.610922946655377,0.660457239627434,0.0812870448772227,0.0575783234546994,0.356900931414056,0
0.0732430143945809,0.0732430143945809,0.462320067739204,0.318374259102456,0.610922946655377,0.660457239627434,0.25952582557155,0.257832345469941,0.0740897544453853,0
0.674005080440305,0.674005080440305,0.164267569856054,0.199407281964437,0.196020321761219,0.262489415749365,0.542760372565622,0.422946655376799,0.190939881456393,3
0.145215918712955,0.145215918712955,0.665537679932261,0.601608806096528,0.610922946655377,0.660457239627434,0.696443691786621,0.647332768839966,0.356900931414056,0
0.774767146486029,0.774767146486029,0.419983065198984,0.47121083827265,0.196020321761219,0.430567315834039,0.10965283657917,0.216342082980525,0.842506350550381,2
0.685436071126164,0.685436071126164,0.343776460626588,0.413632514817951,0.196020321761219,0.430567315834039,0.10965283657917,0.216342082980525,0.663844199830652,2
0.145215918712955,0.145215918712955,0.665537679932261,0.601608806096528,0.610922946655377,0.660457239627434,0.696443691786621,0.647332768839966,0.356900931414056,0
0.0207451312447079,0.0207451312447079,0.314987298899238,0.127857747671465,0.610922946655377,0.660457239627434,0.25952582557155,0.257832345469941,0.0143945808636749,1
0.774767146486029,0.774767146486029,0.419983065198984,0.47121083827265,0.196020321761219,0.430567315834039,0.431837425910246,0.690093141405589,0.842506350550381,3
0.264182895850974,0.264182895850974,0.901778154106689,0.880609652836579,0.610922946655377,0.660457239627434,0.25952582557155,0.257832345469941,0.926333615580017,0
0.0207451312447079,0.0207451312447079,0.314987298899238,0.127857747671465,0.610922946655377,0.00169348010160881,0.480101608806097,0.39034716342083,0.0143945808636749,1
0.734970364098222,0.734970364098222,0.384843353090601,0.442845046570703,0.196020321761219,0.430567315834039,0.10965283657917,0.216342082980525,0.767146486028789,3
0.685436071126164,0.685436071126164,0.343776460626588,0.413632514817951,0.196020321761219,0.430567315834039,0.10965283657917,0.216342082980525,0.663844199830652,3
0.685436071126164,0.685436071126164,0.343776460626588,0.413632514817951,0.196020321761219,0.430567315834039,0.511854360711262,0.866638441998307,0.663844199830652,3
0.994496189669771,0.994496189669771,0.610499576629975,0.617696867061812,0.196020321761219,0.0474174428450466,0.488145639288738,0.339119390347163,0.987298899237934,2
0.685436071126164,0.685436071126164,0.343776460626588,0.413632514817951,0.196020321761219,0.430567315834039,0.10965283657917,0.216342082980525,0.663844199830652,3
0.856054191363251,0.856054191363251,0.504233700254022,0.554191363251482,0.196020321761219,0.430567315834039,0.10965283657917,0.216342082980525,0.945808636748518,2
0.623200677392041,0.623200677392041,0.297629127857748,0.365791701947502,0.196020321761219,0.430567315834039,0.431837425910246,0.690093141405589,0.527519051651143,2
0.674005080440305,0.674005080440305,0.164267569856054,0.199407281964437,0.196020321761219,0.262489415749365,0.16723116003387,0.290008467400508,0.190939881456393,2
0.546570702794242,0.546570702794242,0.103725656223539,0.153683319220999,0.196020321761219,0.262489415749365,0.542760372565622,0.422946655376799,0.0740897544453853,3
0.537679932260796,0.537679932260796,0.235817104149026,0.309060118543607,0.196020321761219,0.430567315834039,0.10965283657917,0.216342082980525,0.356900931414056,3
0.232430143945809,0.232430143945809,0.850127011007621,0.82303132938188,0.610922946655377,0.660457239627434,0.25952582557155,0.257832345469941,0.842506350550381,0
0.771380186282811,0.771380186282811,0.235817104149026,0.239204064352244,0.196020321761219,0.262489415749365,0.542760372565622,0.422946655376799,0.356900931414056,2
0.913632514817951,0.913632514817951,0.384843353090601,0.375105842506351,0.196020321761219,0.262489415749365,0.16723116003387,0.290008467400508,0.767146486028789,2
0.623200677392041,0.623200677392041,0.297629127857748,0.365791701947502,0.196020321761219,0.430567315834039,0.431837425910246,0.690093141405589,0.527519051651143,2
0.145215918712955,0.145215918712955,0.665537679932261,0.601608806096528,0.610922946655377,0.660457239627434,0.696443691786621,0.647332768839966,0.356900931414056,1
0.212108382726503,0.212108382726503,0.823454699407282,0.797205757832345,0.610922946655377,0.660457239627434,0.25952582557155,0.257832345469941,0.767146486028789,0
0.674005080440305,0.674005080440305,0.164267569856054,0.199407281964437,0.196020321761219,0.262489415749365,0.542760372565622,0.422946655376799,0.190939881456393,2
0.734970364098222,0.734970364098222,0.384843353090601,0.442845046570703,0.196020321761219,0.430567315834039,0.10965283657917,0.216342082980525,0.767146486028789,3
0.734970364098222,0.734970364098222,0.384843353090601,0.442845046570703,0.196020321761219,0.430567315834039,0.431837425910246,0.690093141405589,0.767146486028789,3
0.232430143945809,0.232430143945809,0.850127011007621,0.82303132938188,0.610922946655377,0.660457239627434,0.696443691786621,0.647332768839966,0.842506350550381,1
0.537679932260796,0.537679932260796,0.235817104149026,0.309060118543607,0.196020321761219,0.430567315834039,0.511854360711262,0.866638441998307,0.356900931414056,3
0.223539373412362,0.223539373412362,0.0241320914479255,0.185436071126164,0.196020321761219,0.430567315834039,0.431837425910246,0.690093141405589,0.0143945808636749,2
0.623200677392041,0.623200677392041,0.297629127857748,0.365791701947502,0.196020321761219,0.430567315834039,0.10965283657917,0.216342082980525,0.527519051651143,3
0.872565622353937,0.872565622353937,0.343776460626588,0.325571549534293,0.196020321761219,0.262489415749365,0.16723116003387,0.290008467400508,0.663844199830652,2
0.145215918712955,0.145215918712955,0.648602878916173,0.629127857747671,0.610922946655377,0.660457239627434,0.927603725656224,0.927603725656224,0.356900931414056,3
0.546570702794242,0.546570702794242,0.103725656223539,0.153683319220999,0.196020321761219,0.0474174428450466,0.488145639288738,0.339119390347163,0.0740897544453853,2
0.913632514817951,0.913632514817951,0.384843353090601,0.375105842506351,0.196020321761219,0.262489415749365,0.16723116003387,0.290008467400508,0.767146486028789,2
0.546570702794242,0.546570702794242,0.103725656223539,0.153683319220999,0.196020321761219,0.262489415749365,0.16723116003387,0.290008467400508,0.0740897544453853,2
0.145215918712955,0.145215918712955,0.665537679932261,0.601608806096528,0.610922946655377,0.660457239627434,0.696443691786621,0.647332768839966,0.356900931414056,1
0.674005080440305,0.674005080440305,0.869602032176122,0.85774767146486,0.196020321761219,0.262489415749365,0.863674851820491,0.577476714648603,0.190939881456393,3
0.175275190516511,0.175275190516511,0.7307366638442,0.677392040643522,0.610922946655377,0.660457239627434,0.696443691786621,0.647332768839966,0.527519051651143,0
0.982218458933108,0.982218458933108,0.504233700254022,0.51735817104149,0.196020321761219,0.262489415749365,0.16723116003387,0.290008467400508,0.945808636748518,2
0.537679932260796,0.537679932260796,0.235817104149026,0.309060118543607,0.196020321761219,0.430567315834039,0.10965283657917,0.216342082980525,0.356900931414056,2
0.341236240474174,0.341236240474174,0.103725656223539,0.230313293818798,0.196020321761219,0.430567315834039,0.431837425910246,0.690093141405589,0.0740897544453853,3
0.913632514817951,0.913632514817951,0.384843353090601,0.375105842506351,0.196020321761219,0.262489415749365,0.542760372565622,0.422946655376799,0.767146486028789,2
0.0207451312447079,0.0207451312447079,0.314987298899238,0.127857747671465,0.610922946655377,0.660457239627434,0.25952582557155,0.257832345469941,0.0143945808636749,1
0.212108382726503,0.212108382726503,0.823454699407282,0.797205757832345,0.610922946655377,0.660457239627434,0.25952582557155,0.257832345469941,0.767146486028789,1
0.537679932260796,0.537679932260796,0.235817104149026,0.309060118543607,0.196020321761219,0.430567315834039,0.431837425910246,0.690093141405589,0.356900931414056,2
0.954276037256562,0.954276037256562,0.452159187129551,0.452582557154953,0.196020321761219,0.262489415749365,0.16723116003387,0.290008467400508,0.895850973751058,2
0.352243861134632,0.352243861134632,0.0241320914479255,0.103302286198137,0.196020321761219,0.262489415749365,0.0287891617273497,0.422946655376799,0.0143945808636749,2
0.807366638441998,0.807366638441998,0.881879762912786,0.86917866215072,0.610922946655377,0.660457239627434,0.927603725656224,0.927603725656224,0.356900931414056,2
0.268416596104996,0.268416596104996,0.738357324301439,0.762066045723963,0.867061812023709,0.890770533446232,0.209991532599492,0.164267569856054,0.0740897544453853,0
0.303132938187976,0.303132938187976,0.471634208298052,0.433530906011854,0.610922946655377,0.660457239627434,0.927603725656224,0.927603725656224,0.0740897544453853,2
0.703217612193057,0.703217612193057,0.962320067739204,0.963166807790009,0.867061812023709,0.890770533446232,0.209991532599492,0.164267569856054,0.356900931414056,0
0.807366638441998,0.807366638441998,0.881879762912786,0.86917866215072,0.610922946655377,0.660457239627434,0.927603725656224,0.927603725656224,0.356900931414056,3
0.602032176121931,0.602032176121931,0.922946655376799,0.928027095681626,0.867061812023709,0.890770533446232,0.781117696867062,0.780270956816257,0.190939881456393,1
0.87891617273497,0.87891617273497,0.981371718882303,0.980524978831499,0.610922946655377,0.660457239627434,0.927603725656224,0.927603725656224,0.895850973751058,2
0.711261642675699,0.711261642675699,0.90770533446232,0.898391193903472,0.610922946655377,0.660457239627434,0.927603725656224,0.927603725656224,0.527519051651143,3
0.419983065198984,0.419983065198984,0.164267569856054,0.122777307366638,0.610922946655377,0.660457239627434,0.389923793395428,0.116426756985605,0.190939881456393,3
0.217612193056732,0.217612193056732,0.0241320914479255,0.0177815410668925,0.610922946655377,0.660457239627434,0.986028789161727,0.986028789161727,0.0143945808636749,2
0.505080440304826,0.505080440304826,0.235817104149026,0.175698560541914,0.610922946655377,0.660457239627434,0.927603725656224,0.927603725656224,0.356900931414056,3
0.754445385266723,0.754445385266723,0.419983065198984,0.342506350550381,0.610922946655377,0.660457239627434,0.389923793395428,0.116426756985605,0.842506350550381,2
0.107535986452159,0.107535986452159,0.878492802709568,0.887806943268417,0.867061812023709,0.890770533446232,0.781117696867062,0.780270956816257,0.190939881456393,0
0.217612193056732,0.217612193056732,0.0241320914479255,0.0177815410668925,0.610922946655377,0.660457239627434,0.927603725656224,0.927603725656224,0.0143945808636749,3
0.505080440304826,0.505080440304826,0.235817104149026,0.175698560541914,0.610922946655377,0.660457239627434,0.986028789161727,0.986028789161727,0.356900931414056,2
0.107535986452159,0.107535986452159,0.878492802709568,0.887806943268417,0.867061812023709,0.890770533446232,0.781117696867062,0.780270956816257,0.190939881456393,0
0.196443691786621,0.196443691786621,0.977984758679086,0.979678238780694,0.867061812023709,0.890770533446232,0.781117696867062,0.780270956816257,0.663844199830652,1
0.79043183742591,0.79043183742591,0.452159187129551,0.401778154106689,0.610922946655377,0.660457239627434,0.389923793395428,0.116426756985605,0.895850973751058,2
0.419983065198984,0.419983065198984,0.164267569856054,0.122777307366638,0.610922946655377,0.660457239627434,0.927603725656224,0.927603725656224,0.190939881456393,3
0.66342082980525,0.66342082980525,0.343776460626588,0.25952582557155,0.610922946655377,0.660457239627434,0.389923793395428,0.116426756985605,0.663844199830652,3
0.505080440304826,0.505080440304826,0.235817104149026,0.175698560541914,0.610922946655377,0.660457239627434,0.389923793395428,0.116426756985605,0.356900931414056,2
0.217612193056732,0.217612193056732,0.0241320914479255,0.0177815410668925,0.610922946655377,0.660457239627434,0.927603725656224,0.927603725656224,0.0143945808636749,2
0.0207451312447079,0.0207451312447079,0.614309906858594,0.649872988992379,0.867061812023709,0.890770533446232,0.781117696867062,0.780270956816257,0.0143945808636749,1
0.0207451312447079,0.0207451312447079,0.614309906858594,0.649872988992379,0.867061812023709,0.890770533446232,0.781117696867062,0.780270956816257,0.0143945808636749,0
0.419983065198984,0.419983065198984,0.164267569856054,0.122777307366638,0.610922946655377,0.660457239627434,0.927603725656224,0.927603725656224,0.190939881456393,2
0.79043183742591,0.79043183742591,0.452159187129551,0.401778154106689,0.610922946655377,0.660457239627434,0.927603725656224,0.927603725656224,0.895850973751058,2
0.175275190516511,0.175275190516511,0.960626587637595,0.960626587637595,0.867061812023709,0.890770533446232,0.209991532599492,0.164267569856054,0.527519051651143,0
0.145215918712955,0.145215918712955,0.926333615580017,0.930567315834039,0.867061812023709,0.890770533446232,0.781117696867062,0.780270956816257,0.356900931414056,1
0.107535986452159,0.107535986452159,0.878492802709568,0.887806943268417,0.867061812023709,0.890770533446232,0.781117696867062,0.780270956816257,0.190939881456393,1
0.505080440304826,0.505080440304826,0.235817104149026,0.175698560541914,0.610922946655377,0.660457239627434,0.389923793395428,0.116426756985605,0.356900931414056,2
0.505080440304826,0.505080440304826,0.235817104149026,0.175698560541914,0.610922946655377,0.660457239627434,0.986028789161727,0.986028789161727,0.356900931414056,2
0.419983065198984,0.419983065198984,0.164267569856054,0.122777307366638,0.610922946655377,0.660457239627434,0.389923793395428,0.116426756985605,0.190939881456393,2
0.808636748518205,0.808636748518205,0.679085520745131,0.670618120237087,0.196020321761219,0.262489415749365,0.16723116003387,0.290008467400508,0.190939881456393,2
0.505080440304826,0.505080440304826,0.235817104149026,0.175698560541914,0.610922946655377,0.660457239627434,0.927603725656224,0.927603725656224,0.356900931414056,2
0.107535986452159,0.107535986452159,0.878492802709568,0.887806943268417,0.867061812023709,0.890770533446232,0.781117696867062,0.780270956816257,0.190939881456393,1
0.505080440304826,0.505080440304826,0.235817104149026,0.175698560541914,0.610922946655377,0.660457239627434,0.927603725656224,0.927603725656224,0.356900931414056,3
0.0732430143945809,0.0732430143945809,0.795088907705334,0.810330228619814,0.867061812023709,0.890770533446232,0.781117696867062,0.780270956816257,0.0740897544453853,1
0.328958509737511,0.328958509737511,0.103725656223539,0.0766299745977985,0.610922946655377,0.660457239627434,0.389923793395428,0.116426756985605,0.0740897544453853,2
0.59229466553768,0.59229466553768,0.297629127857748,0.216342082980525,0.610922946655377,0.660457239627434,0.927603725656224,0.927603725656224,0.527519051651143,3
0.938187976291279,0.938187976291279,0.809483488569009,0.812870448772227,0.196020321761219,0.262489415749365,0.16723116003387,0.290008467400508,0.527519051651143,2
0.505080440304826,0.505080440304826,0.235817104149026,0.175698560541914,0.610922946655377,0.660457239627434,0.927603725656224,0.927603725656224,0.356900931414056,2
0.505080440304826,0.505080440304826,0.235817104149026,0.175698560541914,0.610922946655377,0.660457239627434,0.389923793395428,0.116426756985605,0.356900931414056,2
0.419983065198984,0.419983065198984,0.164267569856054,0.122777307366638,0.610922946655377,0.660457239627434,0.927603725656224,0.927603725656224,0.190939881456393,3
0.845046570702794,0.845046570702794,0.809483488569009,0.825148179508891,0.196020321761219,0.430567315834039,0.431837425910246,0.690093141405589,0.527519051651143,3
0.107535986452159,0.107535986452159,0.878492802709568,0.887806943268417,0.867061812023709,0.890770533446232,0.781117696867062,0.780270956816257,0.190939881456393,1
0.754445385266723,0.754445385266723,0.419983065198984,0.342506350550381,0.610922946655377,0.660457239627434,0.927603725656224,0.927603725656224,0.842506350550381,2
0.754445385266723,0.754445385266723,0.419983065198984,0.342506350550381,0.610922946655377,0.660457239627434,0.927603725656224,0.927603725656224,0.842506350550381,2
0.66342082980525,0.66342082980525,0.343776460626588,0.25952582557155,0.610922946655377,0.660457239627434,0.389923793395428,0.116426756985605,0.663844199830652,2
0.328958509737511,0.328958509737511,0.103725656223539,0.0766299745977985,0.610922946655377,0.660457239627434,0.389923793395428,0.116426756985605,0.0740897544453853,2
0.419983065198984,0.419983065198984,0.164267569856054,0.122777307366638,0.610922946655377,0.660457239627434,0.389923793395428,0.116426756985605,0.190939881456393,2
0.252751905165114,0.252751905165114,0.996613039796782,0.996613039796782,0.867061812023709,0.890770533446232,0.781117696867062,0.780270956816257,0.895850973751058,0
0.59229466553768,0.59229466553768,0.297629127857748,0.216342082980525,0.610922946655377,0.660457239627434,0.927603725656224,0.927603725656224,0.527519051651143,3
0.59229466553768,0.59229466553768,0.297629127857748,0.216342082980525,0.610922946655377,0.660457239627434,0.927603725656224,0.927603725656224,0.527519051651143,2
0.16342082980525,0.16342082980525,0.969517358171041,0.972904318374259,0.867061812023709,0.0842506350550381,0.330651989839119,0.47883149872989,0.663844199830652,2
0.0829805249788315,0.0829805249788315,0.861134631668078,0.87298899237934,0.867061812023709,0.890770533446232,0.209991532599492,0.164267569856054,0.190939881456393,1
0.135055038103302,0.135055038103302,0.944115156646909,0.949195596951736,0.867061812023709,0.890770533446232,0.0715495342929721,0.780270956816257,0.527519051651143,0
0.281117696867062,0.281117696867062,0.0690093141405588,0.0491109229466554,0.610922946655377,0.660457239627434,0.986028789161727,0.986028789161727,0.0740897544453853,2
0.364944961896698,0.364944961896698,0.130397967823878,0.0918712955122777,0.610922946655377,0.660457239627434,0.927603725656224,0.927603725656224,0.190939881456393,2
0.201524132091448,0.201524132091448,0.991532599491956,0.991532599491956,0.867061812023709,0.890770533446232,0.781117696867062,0.780270956816257,0.842506350550381,0
0.522015241320914,0.522015241320914,0.217612193056732,0.166807790008467,0.610922946655377,0.660457239627434,0.986028789161727,0.986028789161727,0.527519051651143,2
0.364944961896698,0.364944961896698,0.130397967823878,0.0918712955122777,0.610922946655377,0.660457239627434,0.986028789161727,0.986028789161727,0.190939881456393,2
0.730313293818798,0.730313293818798,0.39415749364945,0.299322607959357,0.610922946655377,0.660457239627434,0.927603725656224,0.927603725656224,0.895850973751058,2
0.436071126164268,0.436071126164268,0.186706181202371,0.138018628281118,0.610922946655377,0.660457239627434,0.927603725656224,0.927603725656224,0.356900931414056,3
0.881033022861981,0.881033022861981,0.542760372565622,0.51354784081287,0.610922946655377,0.660457239627434,0.389923793395428,0.116426756985605,0.987298899237934,2
0.0829805249788315,0.0829805249788315,0.861134631668078,0.87298899237934,0.867061812023709,0.890770533446232,0.781117696867062,0.780270956816257,0.190939881456393,0
0.584250635055038,0.584250635055038,0.270110076206605,0.204911092294666,0.610922946655377,0.660457239627434,0.986028789161727,0.986028789161727,0.663844199830652,2
0.584250635055038,0.584250635055038,0.270110076206605,0.204911092294666,0.610922946655377,0.660457239627434,0.927603725656224,0.927603725656224,0.663844199830652,3
0.16342082980525,0.16342082980525,0.969517358171041,0.972904318374259,0.867061812023709,0.890770533446232,0.781117696867062,0.780270956816257,0.663844199830652,0
0.118543607112616,0.118543607112616,0.911939034716342,0.917866215071973,0.867061812023709,0.890770533446232,0.781117696867062,0.780270956816257,0.356900931414056,0
0.730313293818798,0.730313293818798,0.39415749364945,0.299322607959357,0.610922946655377,0.660457239627434,0.389923793395428,0.116426756985605,0.895850973751058,3
0.436071126164268,0.436071126164268,0.186706181202371,0.138018628281118,0.610922946655377,0.660457239627434,0.986028789161727,0.986028789161727,0.356900931414056,2
0.436071126164268,0.436071126164268,0.186706181202371,0.138018628281118,0.610922946655377,0.660457239627434,0.927603725656224,0.927603725656224,0.356900931414056,2
0.16342082980525,0.16342082980525,0.969517358171041,0.972904318374259,0.867061812023709,0.890770533446232,0.781117696867062,0.780270956816257,0.663844199830652,0
0.281117696867062,0.281117696867062,0.0690093141405588,0.0491109229466554,0.610922946655377,0.660457239627434,0.927603725656224,0.927603725656224,0.0740897544453853,2
0.79424216765453,0.79424216765453,0.445385266723116,0.392040643522439,0.610922946655377,0.660457239627434,0.986028789161727,0.986028789161727,0.945808636748518,2
0.522015241320914,0.522015241320914,0.217612193056732,0.166807790008467,0.610922946655377,0.660457239627434,0.986028789161727,0.986028789161727,0.527519051651143,2
0.531752751905165,0.531752751905165,0.870448772226926,0.867061812023709,0.196020321761219,0.430567315834039,0.0135478408128704,0.0258255715495343,0.0740897544453853,1
0.18458933107536,0.18458933107536,0.983488569009314,0.985605419136325,0.867061812023709,0.890770533446232,0.209991532599492,0.164267569856054,0.767146486028789,0
0.436071126164268,0.436071126164268,0.186706181202371,0.138018628281118,0.610922946655377,0.660457239627434,0.927603725656224,0.927603725656224,0.356900931414056,3
0.641405588484335,0.641405588484335,0.322184589331075,0.240897544453853,0.610922946655377,0.660457239627434,0.927603725656224,0.927603725656224,0.767146486028789,2
0.364944961896698,0.364944961896698,0.130397967823878,0.0918712955122777,0.610922946655377,0.660457239627434,0.927603725656224,0.927603725656224,0.190939881456393,3
0.768416596104996,0.768416596104996,0.597798475867909,0.564775613886537,0.610922946655377,0.660457239627434,0.927603725656224,0.927603725656224,0.767146486028789,2
0.248518204911092,0.248518204911092,0.938611346316681,0.941998306519898,0.867061812023709,0.890770533446232,0.781117696867062,0.780270956816257,0.356900931414056,0
0.575359864521592,0.575359864521592,0.441574936494496,0.387383573243014,0.610922946655377,0.660457239627434,0.927603725656224,0.927603725656224,0.356900931414056,3
0.715918712955123,0.715918712955123,0.556731583403895,0.525402201524132,0.610922946655377,0.660457239627434,0.927603725656224,0.927603725656224,0.663844199830652,2
0.723962743437765,0.723962743437765,0.723539373412362,0.749788314987299,0.196020321761219,0.430567315834039,0.431837425910246,0.690093141405589,0.190939881456393,3
0.248518204911092,0.248518204911092,0.938611346316681,0.941998306519898,0.867061812023709,0.890770533446232,0.781117696867062,0.780270956816257,0.356900931414056,1
0.158340389500423,0.158340389500423,0.811176968670618,0.826418289585097,0.867061812023709,0.890770533446232,0.781117696867062,0.780270956816257,0.0740897544453853,0
0.358594411515665,0.358594411515665,0.261219305673158,0.192633361558002,0.610922946655377,0.660457239627434,0.927603725656224,0.927603725656224,0.0740897544453853,3
0.657917019475021,0.657917019475021,0.486028789161727,0.458086367485182,0.610922946655377,0.660457239627434,0.927603725656224,0.927603725656224,0.527519051651143,3
0.204487722269263,0.204487722269263,0.894580863674852,0.901354784081287,0.867061812023709,0.890770533446232,0.209991532599492,0.164267569856054,0.190939881456393,1
0.575359864521592,0.575359864521592,0.441574936494496,0.387383573243014,0.610922946655377,0.660457239627434,0.927603725656224,0.927603725656224,0.356900931414056,3
0.715918712955123,0.715918712955123,0.556731583403895,0.525402201524132,0.610922946655377,0.660457239627434,0.986028789161727,0.986028789161727,0.663844199830652,2
0.575359864521592,0.575359864521592,0.441574936494496,0.387383573243014,0.610922946655377,0.660457239627434,0.389923793395428,0.116426756985605,0.356900931414056,2
0.27688399661304,0.27688399661304,0.966977138018628,0.970364098221846,0.867061812023709,0.890770533446232,0.660880609652837,0.441574936494496,0.527519051651143,0
0.575359864521592,0.575359864521592,0.441574936494496,0.387383573243014,0.610922946655377,0.660457239627434,0.927603725656224,0.927603725656224,0.356900931414056,2
0.715918712955123,0.715918712955123,0.556731583403895,0.525402201524132,0.610922946655377,0.660457239627434,0.389923793395428,0.116426756985605,0.663844199830652,3
0.657917019475021,0.657917019475021,0.486028789161727,0.458086367485182,0.610922946655377,0.660457239627434,0.927603725656224,0.927603725656224,0.527519051651143,2
0.715918712955123,0.715918712955123,0.556731583403895,0.525402201524132,0.610922946655377,0.660457239627434,0.927603725656224,0.927603725656224,0.663844199830652,3
0.248518204911092,0.248518204911092,0.938611346316681,0.941998306519898,0.867061812023709,0.890770533446232,0.781117696867062,0.780270956816257,0.356900931414056,1
0.248518204911092,0.248518204911092,0.938611346316681,0.941998306519898,0.867061812023709,0.890770533446232,0.209991532599492,0.164267569856054,0.356900931414056,1
0.715918712955123,0.715918712955123,0.556731583403895,0.525402201524132,0.610922946655377,0.660457239627434,0.927603725656224,0.927603725656224,0.663844199830652,3
0.909398814563929,0.909398814563929,0.769686706181202,0.738357324301439,0.610922946655377,0.660457239627434,0.927603725656224,0.927603725656224,0.961049957662998,2
0.657917019475021,0.657917019475021,0.486028789161727,0.458086367485182,0.610922946655377,0.660457239627434,0.389923793395428,0.116426756985605,0.527519051651143,2
0.204487722269263,0.204487722269263,0.894580863674852,0.901354784081287,0.867061812023709,0.890770533446232,0.781117696867062,0.780270956816257,0.190939881456393,1
0.358594411515665,0.358594411515665,0.261219305673158,0.192633361558002,0.610922946655377,0.660457239627434,0.389923793395428,0.116426756985605,0.0740897544453853,2
0.325994919559695,0.325994919559695,0.988145639288738,0.988145639288738,0.867061812023709,0.890770533446232,0.660880609652837,0.441574936494496,0.663844199830652,1
0.715918712955123,0.715918712955123,0.556731583403895,0.525402201524132,0.610922946655377,0.660457239627434,0.927603725656224,0.927603725656224,0.663844199830652,2
0.526672311600339,0.526672311600339,0.999153259949196,0.999153259949196,0.867061812023709,0.890770533446232,0.781117696867062,0.780270956816257,0.961049957662998,1
0.0863674851820491,0.0863674851820491,0.640135478408129,0.6731583403895,0.867061812023709,0.890770533446232,0.781117696867062,0.780270956816257,0.0143945808636749,0
0.107535986452159,0.107535986452159,0.878492802709568,0.887806943268417,0.867061812023709,0.890770533446232,0.209991532599492,0.164267569856054,0.190939881456393,1
0.15961049957663,0.15961049957663,0.697713801862828,0.642675698560542,0.610922946655377,0.660457239627434,0.25952582557155,0.257832345469941,0.190939881456393,0
0.0101608806096528,0.0101608806096528,0.658763759525826,0.686706181202371,0.867061812023709,0.890770533446232,0.781117696867062,0.780270956816257,0.0143945808636749,1
0.397121083827265,0.397121083827265,0.0300592718035563,0.0207451312447079,0.610922946655377,0.660457239627434,0.927603725656224,0.927603725656224,0.0740897544453853,2
0.706181202370872,0.706181202370872,0.150719729043184,0.11727349703641,0.610922946655377,0.660457239627434,0.389923793395428,0.116426756985605,0.527519051651143,2
0.436071126164268,0.436071126164268,0.186706181202371,0.138018628281118,0.610922946655377,0.660457239627434,0.389923793395428,0.116426756985605,0.356900931414056,3
0.0110076206604572,0.0110076206604572,0.593564775613887,0.635901778154107,0.867061812023709,0.890770533446232,0.781117696867062,0.780270956816257,0.0143945808636749,1
0.0829805249788315,0.0829805249788315,0.861134631668078,0.87298899237934,0.867061812023709,0.890770533446232,0.781117696867062,0.780270956816257,0.190939881456393,1
0.522015241320914,0.522015241320914,0.217612193056732,0.166807790008467,0.610922946655377,0.660457239627434,0.986028789161727,0.986028789161727,0.527519051651143,2
0.364944961896698,0.364944961896698,0.130397967823878,0.0918712955122777,0.610922946655377,0.660457239627434,0.927603725656224,0.927603725656224,0.190939881456393,2
0.192633361558002,0.192633361558002,0.00719729043183743,0.00635055038103302,0.610922946655377,0.660457239627434,0.927603725656224,0.927603725656224,0.0143945808636749,3
0.281117696867062,0.281117696867062,0.0690093141405588,0.0491109229466554,0.610922946655377,0.660457239627434,0.389923793395428,0.116426756985605,0.0740897544453853,3
0.690093141405589,0.690093141405589,0.366215071972904,0.274343776460627,0.610922946655377,0.660457239627434,0.927603725656224,0.927603725656224,0.842506350550381,2
0.436071126164268,0.436071126164268,0.186706181202371,0.138018628281118,0.610922946655377,0.660457239627434,0.927603725656224,0.927603725656224,0.356900931414056,2
0.16342082980525,0.16342082980525,0.969517358171041,0.972904318374259,0.867061812023709,0.890770533446232,0.781117696867062,0.780270956816257,0.663844199830652,1
0.118543607112616,0.118543607112616,0.911939034716342,0.917866215071973,0.867061812023709,0.890770533446232,0.660880609652837,0.441574936494496,0.356900931414056,1
0.0491109229466554,0.0491109229466554,0.776460626587638,0.795088907705334,0.867061812023709,0.890770533446232,0.781117696867062,0.780270956816257,0.0740897544453853,1
0.281117696867062,0.281117696867062,0.0690093141405588,0.0491109229466554,0.610922946655377,0.660457239627434,0.927603725656224,0.927603725656224,0.0740897544453853,3
0.18458933107536,0.18458933107536,0.983488569009314,0.985605419136325,0.867061812023709,0.890770533446232,0.781117696867062,0.780270956816257,0.767146486028789,0
0.281117696867062,0.281117696867062,0.0690093141405588,0.0491109229466554,0.610922946655377,0.660457239627434,0.389923793395428,0.116426756985605,0.0740897544453853,2
0.436071126164268,0.436071126164268,0.186706181202371,0.138018628281118,0.610922946655377,0.660457239627434,0.927603725656224,0.927603725656224,0.356900931414056,2
0.522015241320914,0.522015241320914,0.217612193056732,0.166807790008467,0.610922946655377,0.660457239627434,0.389923793395428,0.116426756985605,0.527519051651143,2
0.0491109229466554,0.0491109229466554,0.776460626587638,0.795088907705334,0.867061812023709,0.890770533446232,0.781117696867062,0.780270956816257,0.0740897544453853,1
0.192633361558002,0.192633361558002,0.00719729043183743,0.00635055038103302,0.610922946655377,0.660457239627434,0.389923793395428,0.116426756985605,0.0143945808636749,2
0.584250635055038,0.584250635055038,0.270110076206605,0.204911092294666,0.610922946655377,0.660457239627434,0.389923793395428,0.116426756985605,0.663844199830652,2
0.522015241320914,0.522015241320914,0.90770533446232,0.890770533446232,0.610922946655377,0.660457239627434,0.696443691786621,0.647332768839966,0.527519051651143,0
0.522015241320914,0.522015241320914,0.217612193056732,0.166807790008467,0.610922946655377,0.660457239627434,0.927603725656224,0.927603725656224,0.527519051651143,2
0.881033022861981,0.881033022861981,0.542760372565622,0.51354784081287,0.610922946655377,0.660457239627434,0.389923793395428,0.116426756985605,0.987298899237934,2
0.0491109229466554,0.0491109229466554,0.776460626587638,0.795088907705334,0.867061812023709,0.890770533446232,0.660880609652837,0.441574936494496,0.0740897544453853,0
0.364944961896698,0.364944961896698,0.797629127857748,0.761219305673158,0.610922946655377,0.660457239627434,0.696443691786621,0.647332768839966,0.190939881456393,1
0.0829805249788315,0.0829805249788315,0.861134631668078,0.87298899237934,0.867061812023709,0.890770533446232,0.781117696867062,0.780270956816257,0.190939881456393,0
0.317104149026249,0.317104149026249,0.0148179508890771,0.012701100762066,0.610922946655377,0.660457239627434,0.927603725656224,0.927603725656224,0.190939881456393,2
0.0148179508890771,0.0148179508890771,0.838272650296359,0.848433530906012,0.867061812023709,0.890770533446232,0.0715495342929721,0.780270956816257,0.190939881456393,0
0.00592718035563082,0.00592718035563082,0.741744284504657,0.767146486028789,0.867061812023709,0.890770533446232,0.660880609652837,0.441574936494496,0.0740897544453853,0
0.000846740050804403,0.000846740050804403,0.562658763759526,0.607112616426757,0.867061812023709,0.890770533446232,0.781117696867062,0.780270956816257,0.0143945808636749,0
0.0626587637595258,0.0626587637595258,0.95766299745978,0.95766299745978,0.867061812023709,0.890770533446232,0.781117696867062,0.780270956816257,0.663844199830652,1
0.895850973751058,0.895850973751058,0.56731583403895,0.568585944115157,0.196020321761219,0.262489415749365,0.16723116003387,0.290008467400508,0.527519051651143,2
0.415749364944962,0.415749364944962,0.523285351397121,0.497036409822185,0.610922946655377,0.660457239627434,0.389923793395428,0.116426756985605,0.767146486028789,2
0.378492802709568,0.378492802709568,0.917019475021169,0.906858594411516,0.610922946655377,0.660457239627434,0.0812870448772227,0.0575783234546994,0.663844199830652,1
0.378492802709568,0.378492802709568,0.472480948348857,0.434377646062659,0.610922946655377,0.660457239627434,0.986028789161727,0.986028789161727,0.663844199830652,3
0.237933954276037,0.237933954276037,0.310330228619814,0.22311600338696,0.610922946655377,0.660457239627434,0.927603725656224,0.927603725656224,0.190939881456393,2
0.862828111769687,0.862828111769687,0.676545300592718,0.698560541913632,0.196020321761219,0.430567315834039,0.10965283657917,0.216342082980525,0.767146486028789,2
0.70956816257409,0.70956816257409,0.495766299745978,0.550381033022862,0.196020321761219,0.430567315834039,0.10965283657917,0.216342082980525,0.356900931414056,2
0.130397967823878,0.130397967823878,0.71930567315834,0.745554614733277,0.867061812023709,0.890770533446232,0.781117696867062,0.780270956816257,0.0740897544453853,0
0.179508890770533,0.179508890770533,0.826418289585097,0.838272650296359,0.867061812023709,0.890770533446232,0.781117696867062,0.780270956816257,0.190939881456393,3
0.895850973751058,0.895850973751058,0.56731583403895,0.568585944115157,0.196020321761219,0.262489415749365,0.16723116003387,0.290008467400508,0.527519051651143,2
0.541066892464014,0.541066892464014,0.637595258255716,0.614309906858594,0.610922946655377,0.660457239627434,0.927603725656224,0.927603725656224,0.926333615580017,3
0.614733276883997,0.614733276883997,0.428027095681626,0.477138018628281,0.196020321761219,0.430567315834039,0.10965283657917,0.216342082980525,0.190939881456393,2
0.246401354784081,0.246401354784081,0.92125317527519,0.926333615580017,0.867061812023709,0.890770533446232,0.781117696867062,0.780270956816257,0.527519051651143,0
0.237933954276037,0.237933954276037,0.310330228619814,0.22311600338696,0.610922946655377,0.660457239627434,0.927603725656224,0.927603725656224,0.190939881456393,3
0.331498729889924,0.331498729889924,0.438611346316681,0.385266723116003,0.610922946655377,0.660457239627434,0.927603725656224,0.927603725656224,0.527519051651143,3
0.208298052497883,0.208298052497883,0.888230313293819,0.893310753598645,0.867061812023709,0.890770533446232,0.781117696867062,0.780270956816257,0.356900931414056,0
0.288314987298899,0.288314987298899,0.375529212531753,0.29424216765453,0.610922946655377,0.660457239627434,0.389923793395428,0.116426756985605,0.356900931414056,3
0.454699407281964,0.454699407281964,0.327688399661304,0.399661303979678,0.196020321761219,0.430567315834039,0.511854360711262,0.866638441998307,0.0740897544453853,2
0.288314987298899,0.288314987298899,0.375529212531753,0.29424216765453,0.610922946655377,0.660457239627434,0.986028789161727,0.986028789161727,0.356900931414056,2
0.187976291278577,0.187976291278577,0.653683319220999,0.591871295512278,0.610922946655377,0.660457239627434,0.25952582557155,0.257832345469941,0.0740897544453853,1
0.130397967823878,0.130397967823878,0.71930567315834,0.745554614733277,0.867061812023709,0.890770533446232,0.781117696867062,0.780270956816257,0.0740897544453853,0
0.809483488569009,0.809483488569009,0.353090601185436,0.329381879762913,0.196020321761219,0.262489415749365,0.542760372565622,0.422946655376799,0.356900931414056,3
0.15961049957663,0.15961049957663,0.397121083827265,0.300592718035563,0.610922946655377,0.660457239627434,0.389923793395428,0.116426756985605,0.190939881456393,3
0.95766299745978,0.95766299745978,0.524132091447925,0.535986452159187,0.196020321761219,0.262489415749365,0.16723116003387,0.290008467400508,0.842506350550381,2
0.328958509737511,0.328958509737511,0.103725656223539,0.0766299745977985,0.610922946655377,0.660457239627434,0.389923793395428,0.116426756985605,0.0740897544453853,2
0.328958509737511,0.328958509737511,0.103725656223539,0.0766299745977985,0.610922946655377,0.660457239627434,0.927603725656224,0.927603725656224,0.0740897544453853,2
0.505080440304826,0.505080440304826,0.235817104149026,0.175698560541914,0.610922946655377,0.660457239627434,0.927603725656224,0.927603725656224,0.356900931414056,3
0.175275190516511,0.175275190516511,0.960626587637595,0.960626587637595,0.867061812023709,0.890770533446232,0.660880609652837,0.441574936494496,0.527519051651143,0
0.419983065198984,0.419983065198984,0.164267569856054,0.122777307366638,0.610922946655377,0.660457239627434,0.986028789161727,0.986028789161727,0.190939881456393,3
0.59229466553768,0.59229466553768,0.297629127857748,0.216342082980525,0.610922946655377,0.660457239627434,0.389923793395428,0.116426756985605,0.527519051651143,3
0.584250635055038,0.584250635055038,0.270110076206605,0.204911092294666,0.610922946655377,0.00169348010160881,0.986028789161727,0.986028789161727,0.663844199830652,3
0.436071126164268,0.436071126164268,0.186706181202371,0.138018628281118,0.610922946655377,0.660457239627434,0.927603725656224,0.927603725656224,0.356900931414056,3
0.0829805249788315,0.0829805249788315,0.861134631668078,0.87298899237934,0.867061812023709,0.890770533446232,0.781117696867062,0.780270956816257,0.190939881456393,1
0.16342082980525,0.16342082980525,0.969517358171041,0.972904318374259,0.867061812023709,0.890770533446232,0.781117696867062,0.780270956816257,0.663844199830652,1
0.436071126164268,0.436071126164268,0.186706181202371,0.138018628281118,0.610922946655377,0.660457239627434,0.986028789161727,0.986028789161727,0.356900931414056,2
0.756985605419136,0.756985605419136,0.972057578323455,0.967823878069433,0.196020321761219,0.430567315834039,0.0135478408128704,0.0258255715495343,0.356900931414056,3
0.522015241320914,0.522015241320914,0.217612193056732,0.166807790008467,0.610922946655377,0.660457239627434,0.986028789161727,0.986028789161727,0.527519051651143,2
0.436071126164268,0.436071126164268,0.186706181202371,0.138018628281118,0.610922946655377,0.660457239627434,0.927603725656224,0.927603725656224,0.356900931414056,3
0.0829805249788315,0.0829805249788315,0.861134631668078,0.87298899237934,0.867061812023709,0.890770533446232,0.781117696867062,0.780270956816257,0.190939881456393,1
0.135055038103302,0.135055038103302,0.944115156646909,0.949195596951736,0.867061812023709,0.890770533446232,0.209991532599492,0.164267569856054,0.527519051651143,0
0.641405588484335,0.641405588484335,0.322184589331075,0.240897544453853,0.610922946655377,0.660457239627434,0.927603725656224,0.927603725656224,0.767146486028789,3
0.0829805249788315,0.0829805249788315,0.861134631668078,0.87298899237934,0.867061812023709,0.890770533446232,0.781117696867062,0.780270956816257,0.190939881456393,1
0.522015241320914,0.522015241320914,0.217612193056732,0.166807790008467,0.610922946655377,0.660457239627434,0.389923793395428,0.116426756985605,0.527519051651143,3
0.799745977984759,0.799745977984759,0.643945808636749,0.619813717188823,0.610922946655377,0.660457239627434,0.389923793395428,0.116426756985605,0.767146486028789,2
0.18077900084674,0.18077900084674,0.827688399661304,0.839542760372566,0.867061812023709,0.890770533446232,0.781117696867062,0.780270956816257,0.0740897544453853,1
0.747671464860288,0.747671464860288,0.599068585944115,0.566045723962743,0.610922946655377,0.660457239627434,0.927603725656224,0.927603725656224,0.663844199830652,2
0.619390347163421,0.619390347163421,0.469093988145639,0.431414055884843,0.610922946655377,0.660457239627434,0.986028789161727,0.986028789161727,0.356900931414056,2
0.51354784081287,0.51354784081287,0.400508044030483,0.332345469940728,0.610922946655377,0.00169348010160881,0.986028789161727,0.986028789161727,0.190939881456393,3
0.266723116003387,0.266723116003387,0.948348856900931,0.951735817104149,0.867061812023709,0.890770533446232,0.781117696867062,0.780270956816257,0.356900931414056,1
0.694750211685013,0.694750211685013,0.54995766299746,0.516088060965284,0.610922946655377,0.660457239627434,0.927603725656224,0.927603725656224,0.527519051651143,2
0.619390347163421,0.619390347163421,0.469093988145639,0.431414055884843,0.610922946655377,0.660457239627434,0.927603725656224,0.927603725656224,0.356900931414056,3
0.266723116003387,0.266723116003387,0.948348856900931,0.951735817104149,0.867061812023709,0.890770533446232,0.781117696867062,0.780270956816257,0.356900931414056,1
0.694750211685013,0.694750211685013,0.54995766299746,0.516088060965284,0.610922946655377,0.660457239627434,0.986028789161727,0.986028789161727,0.527519051651143,2
0.615580016934801,0.615580016934801,0.641828958509738,0.675698560541914,0.196020321761219,0.430567315834039,0.511854360711262,0.866638441998307,0.0740897544453853,3
0.828535139712108,0.828535139712108,0.68458933107536,0.658763759525826,0.610922946655377,0.660457239627434,0.927603725656224,0.927603725656224,0.842506350550381,3
0.387806943268417,0.387806943268417,0.31160033869602,0.224386113463167,0.610922946655377,0.660457239627434,0.927603725656224,0.927603725656224,0.0740897544453853,3
0.51354784081287,0.51354784081287,0.400508044030483,0.332345469940728,0.610922946655377,0.660457239627434,0.927603725656224,0.927603725656224,0.190939881456393,2
0.968670618120237,0.968670618120237,0.953429297205758,0.955122777307367,0.196020321761219,0.430567315834039,0.511854360711262,0.866638441998307,0.842506350550381,2
0.266723116003387,0.266723116003387,0.948348856900931,0.951735817104149,0.867061812023709,0.890770533446232,0.209991532599492,0.164267569856054,0.356900931414056,0
0.436071126164268,0.436071126164268,0.186706181202371,0.138018628281118,0.610922946655377,0.660457239627434,0.986028789161727,0.986028789161727,0.356900931414056,2
0.928450465707028,0.928450465707028,0.768416596104996,0.764182895850974,0.196020321761219,0.262489415749365,0.542760372565622,0.422946655376799,0.527519051651143,2
0.135055038103302,0.135055038103302,0.944115156646909,0.949195596951736,0.867061812023709,0.890770533446232,0.781117696867062,0.780270956816257,0.527519051651143,1
0.281117696867062,0.281117696867062,0.0690093141405588,0.0491109229466554,0.610922946655377,0.660457239627434,0.927603725656224,0.927603725656224,0.0740897544453853,3
0.364944961896698,0.364944961896698,0.130397967823878,0.0918712955122777,0.610922946655377,0.660457239627434,0.389923793395428,0.116426756985605,0.190939881456393,3
0.281117696867062,0.281117696867062,0.0690093141405588,0.0491109229466554,0.610922946655377,0.660457239627434,0.986028789161727,0.986028789161727,0.0740897544453853,2
0.118543607112616,0.118543607112616,0.911939034716342,0.917866215071973,0.867061812023709,0.890770533446232,0.781117696867062,0.780270956816257,0.356900931414056,1
0.928450465707028,0.928450465707028,0.768416596104996,0.764182895850974,0.196020321761219,0.262489415749365,0.16723116003387,0.290008467400508,0.527519051651143,2
0.522015241320914,0.522015241320914,0.217612193056732,0.166807790008467,0.610922946655377,0.660457239627434,0.927603725656224,0.927603725656224,0.527519051651143,3
0.436071126164268,0.436071126164268,0.186706181202371,0.138018628281118,0.610922946655377,0.660457239627434,0.927603725656224,0.927603725656224,0.356900931414056,3
0.666384419983065,0.666384419983065,0.612193056731583,0.647756138865368,0.196020321761219,0.430567315834039,0.10965283657917,0.216342082980525,0.190939881456393,3
0.881033022861981,0.881033022861981,0.542760372565622,0.51354784081287,0.610922946655377,0.660457239627434,0.986028789161727,0.986028789161727,0.987298899237934,2
0.522015241320914,0.522015241320914,0.217612193056732,0.166807790008467,0.610922946655377,0.660457239627434,0.927603725656224,0.927603725656224,0.527519051651143,3
0.281117696867062,0.281117696867062,0.0690093141405588,0.0491109229466554,0.610922946655377,0.660457239627434,0.389923793395428,0.116426756985605,0.0740897544453853,3
0.436071126164268,0.436071126164268,0.186706181202371,0.138018628281118,0.610922946655377,0.660457239627434,0.927603725656224,0.927603725656224,0.356900931414056,3
0.584250635055038,0.584250635055038,0.270110076206605,0.204911092294666,0.610922946655377,0.660457239627434,0.389923793395428,0.116426756985605,0.663844199830652,2
0.881033022861981,0.881033022861981,0.542760372565622,0.51354784081287,0.610922946655377,0.660457239627434,0.927603725656224,0.927603725656224,0.987298899237934,2
0.281117696867062,0.281117696867062,0.0690093141405588,0.0491109229466554,0.610922946655377,0.660457239627434,0.927603725656224,0.927603725656224,0.0740897544453853,2
0.364944961896698,0.364944961896698,0.130397967823878,0.0918712955122777,0.610922946655377,0.660457239627434,0.986028789161727,0.986028789161727,0.190939881456393,3
0.18458933107536,0.18458933107536,0.983488569009314,0.985605419136325,0.867061812023709,0.890770533446232,0.781117696867062,0.780270956816257,0.767146486028789,0
0.619390347163421,0.619390347163421,0.469093988145639,0.431414055884843,0.610922946655377,0.660457239627434,0.986028789161727,0.986028789161727,0.356900931414056,2
0.18077900084674,0.18077900084674,0.827688399661304,0.839542760372566,0.867061812023709,0.890770533446232,0.781117696867062,0.780270956816257,0.0740897544453853,1
0.51354784081287,0.51354784081287,0.400508044030483,0.332345469940728,0.610922946655377,0.660457239627434,0.389923793395428,0.116426756985605,0.190939881456393,3
0.51354784081287,0.51354784081287,0.400508044030483,0.332345469940728,0.610922946655377,0.660457239627434,0.927603725656224,0.927603725656224,0.190939881456393,3
0.529212531752752,0.529212531752752,0.0766299745977985,0.054614733276884,0.610922946655377,0.660457239627434,0.927603725656224,0.927603725656224,0.190939881456393,2
0.443691786621507,0.443691786621507,0.286198137171888,0.21337849280271,0.610922946655377,0.660457239627434,0.389923793395428,0.116426756985605,0.190939881456393,2
0.552921253175275,0.552921253175275,0.370025402201524,0.29043183742591,0.610922946655377,0.660457239627434,0.389923793395428,0.116426756985605,0.356900931414056,2
0.0330228619813717,0.0330228619813717,0.897967823878069,0.904318374259102,0.867061812023709,0.890770533446232,0.781117696867062,0.780270956816257,0.356900931414056,1
0.485605419136325,0.485605419136325,0.0876375952582557,0.0622353937341236,0.610922946655377,0.660457239627434,0.389923793395428,0.116426756985605,0.663844199830652,2
0.0884843353090601,0.0884843353090601,0.988992379339543,0.988992379339543,0.867061812023709,0.890770533446232,0.781117696867062,0.780270956816257,0.842506350550381,1
0.60584250635055,0.60584250635055,0.955122777307367,0.947502116850127,0.610922946655377,0.660457239627434,0.0012701100762066,0.0012701100762066,0.842506350550381,0
0.000846740050804403,0.000846740050804403,0.562658763759526,0.607112616426757,0.867061812023709,0.890770533446232,0.0715495342929721,0.780270956816257,0.0143945808636749,1
0.317104149026249,0.317104149026249,0.0148179508890771,0.012701100762066,0.610922946655377,0.660457239627434,0.927603725656224,0.927603725656224,0.190939881456393,3
0.373835732430144,0.373835732430144,0.0436071126164268,0.0287891617273497,0.610922946655377,0.660457239627434,0.927603725656224,0.927603725656224,0.356900931414056,3
0.317104149026249,0.317104149026249,0.0148179508890771,0.012701100762066,0.610922946655377,0.660457239627434,0.927603725656224,0.927603725656224,0.190939881456393,3
0.427180355630821,0.427180355630821,0.0596951735817104,0.0414902624894158,0.610922946655377,0.660457239627434,0.927603725656224,0.927603725656224,0.527519051651143,3
0.0148179508890771,0.0148179508890771,0.838272650296359,0.848433530906012,0.867061812023709,0.890770533446232,0.781117696867062,0.780270956816257,0.190939881456393,1
0.373835732430144,0.373835732430144,0.0436071126164268,0.0287891617273497,0.610922946655377,0.660457239627434,0.927603725656224,0.927603725656224,0.356900931414056,3
0.242167654530059,0.242167654530059,0.00296359017781541,0.00254022015241321,0.610922946655377,0.660457239627434,0.927603725656224,0.927603725656224,0.0740897544453853,3
0.966977138018628,0.966977138018628,0.79424216765453,0.792548687552921,0.196020321761219,0.262489415749365,0.16723116003387,0.290008467400508,0.767146486028789,3
0.0626587637595258,0.0626587637595258,0.95766299745978,0.95766299745978,0.867061812023709,0.890770533446232,0.781117696867062,0.780270956816257,0.663844199830652,0
0.373835732430144,0.373835732430144,0.0436071126164268,0.0287891617273497,0.610922946655377,0.660457239627434,0.927603725656224,0.927603725656224,0.356900931414056,3
0.00592718035563082,0.00592718035563082,0.741744284504657,0.767146486028789,0.867061812023709,0.890770533446232,0.781117696867062,0.780270956816257,0.0740897544453853,1
0.0626587637595258,0.0626587637595258,0.95766299745978,0.95766299745978,0.867061812023709,0.890770533446232,0.209991532599492,0.164267569856054,0.663844199830652,1
0.81922099915326,0.81922099915326,0.284928027095682,0.212108382726503,0.610922946655377,0.660457239627434,0.986028789161727,0.986028789161727,0.987298899237934,2
0.0330228619813717,0.0330228619813717,0.897967823878069,0.904318374259102,0.867061812023709,0.890770533446232,0.781117696867062,0.780270956816257,0.356900931414056,0
0.0330228619813717,0.0330228619813717,0.897967823878069,0.904318374259102,0.867061812023709,0.890770533446232,0.781117696867062,0.780270956816257,0.356900931414056,0
0.848433530906012,0.848433530906012,0.62108382726503,0.629974597798476,0.196020321761219,0.0474174428450466,0.488145639288738,0.339119390347163,0.356900931414056,2
0.0626587637595258,0.0626587637595258,0.95766299745978,0.95766299745978,0.867061812023709,0.890770533446232,0.660880609652837,0.441574936494496,0.663844199830652,0
0.0944115156646909,0.0944115156646909,0.99237933954276,0.99237933954276,0.867061812023709,0.890770533446232,0.781117696867062,0.780270956816257,0.895850973751058,0
0.427180355630821,0.427180355630821,0.0596951735817104,0.0414902624894158,0.610922946655377,0.660457239627434,0.986028789161727,0.986028789161727,0.527519051651143,3
0.044030482641829,0.044030482641829,0.929297205757832,0.933530906011854,0.867061812023709,0.890770533446232,0.781117696867062,0.780270956816257,0.527519051651143,1
0.0330228619813717,0.0330228619813717,0.897967823878069,0.904318374259102,0.867061812023709,0.890770533446232,0.209991532599492,0.164267569856054,0.356900931414056,1
0.60584250635055,0.60584250635055,0.138865368331922,0.098645215918713,0.610922946655377,0.660457239627434,0.986028789161727,0.986028789161727,0.842506350550381,2
0.427180355630821,0.427180355630821,0.0596951735817104,0.0414902624894158,0.610922946655377,0.660457239627434,0.389923793395428,0.116426756985605,0.527519051651143,3
0.317104149026249,0.317104149026249,0.0148179508890771,0.012701100762066,0.610922946655377,0.660457239627434,0.389923793395428,0.116426756985605,0.190939881456393,2
0.0148179508890771,0.0148179508890771,0.838272650296359,0.848433530906012,0.867061812023709,0.890770533446232,0.781117696867062,0.780270956816257,0.190939881456393,1
0.373835732430144,0.373835732430144,0.0436071126164268,0.0287891617273497,0.610922946655377,0.660457239627434,0.986028789161727,0.986028789161727,0.356900931414056,3
0.687976291278578,0.687976291278578,0.174428450465707,0.13082133784928,0.610922946655377,0.660457239627434,0.986028789161727,0.986028789161727,0.926333615580017,2
0.485605419136325,0.485605419136325,0.0876375952582557,0.0622353937341236,0.610922946655377,0.660457239627434,0.927603725656224,0.927603725656224,0.663844199830652,2
0.317104149026249,0.317104149026249,0.771380186282811,0.715495342929721,0.610922946655377,0.660457239627434,0.25952582557155,0.257832345469941,0.190939881456393,1
0.635055038103302,0.635055038103302,0.531329381879763,0.582557154953429,0.196020321761219,0.430567315834039,0.10965283657917,0.216342082980525,0.190939881456393,2
0.317104149026249,0.317104149026249,0.771380186282811,0.715495342929721,0.610922946655377,0.660457239627434,0.0812870448772227,0.0575783234546994,0.190939881456393,1
0.373835732430144,0.373835732430144,0.0436071126164268,0.0287891617273497,0.610922946655377,0.660457239627434,0.927603725656224,0.927603725656224,0.356900931414056,3
0.427180355630821,0.427180355630821,0.0596951735817104,0.0414902624894158,0.610922946655377,0.660457239627434,0.986028789161727,0.986028789161727,0.527519051651143,2
0.485605419136325,0.485605419136325,0.0876375952582557,0.0622353937341236,0.610922946655377,0.660457239627434,0.927603725656224,0.927603725656224,0.663844199830652,2
0.485605419136325,0.485605419136325,0.0876375952582557,0.0622353937341236,0.610922946655377,0.660457239627434,0.927603725656224,0.927603725656224,0.663844199830652,2
0.0330228619813717,0.0330228619813717,0.897967823878069,0.904318374259102,0.867061812023709,0.890770533446232,0.209991532599492,0.164267569856054,0.356900931414056,2
0.044030482641829,0.044030482641829,0.929297205757832,0.933530906011854,0.867061812023709,0.0842506350550381,0.330651989839119,0.47883149872989,0.527519051651143,2
0.373835732430144,0.373835732430144,0.0436071126164268,0.0287891617273497,0.610922946655377,0.660457239627434,0.927603725656224,0.927603725656224,0.356900931414056,3
0.0626587637595258,0.0626587637595258,0.95766299745978,0.95766299745978,0.867061812023709,0.890770533446232,0.781117696867062,0.780270956816257,0.663844199830652,1
0.81922099915326,0.81922099915326,0.284928027095682,0.212108382726503,0.610922946655377,0.660457239627434,0.986028789161727,0.986028789161727,0.987298899237934,3
0.554191363251482,0.554191363251482,0.113039796782388,0.0838272650296359,0.610922946655377,0.660457239627434,0.927603725656224,0.927603725656224,0.767146486028789,3
0.554191363251482,0.554191363251482,0.113039796782388,0.0838272650296359,0.610922946655377,0.660457239627434,0.927603725656224,0.927603725656224,0.767146486028789,3
0.317104149026249,0.317104149026249,0.771380186282811,0.715495342929721,0.610922946655377,0.660457239627434,0.25952582557155,0.257832345469941,0.190939881456393,1
0.60584250635055,0.60584250635055,0.138865368331922,0.098645215918713,0.610922946655377,0.660457239627434,0.927603725656224,0.927603725656224,0.842506350550381,3
0.485605419136325,0.485605419136325,0.0876375952582557,0.0622353937341236,0.610922946655377,0.660457239627434,0.927603725656224,0.927603725656224,0.663844199830652,2
0.795088907705334,0.795088907705334,0.688823031329382,0.711685012701101,0.196020321761219,0.430567315834039,0.10965283657917,0.216342082980525,0.527519051651143,2
0.485605419136325,0.485605419136325,0.0876375952582557,0.0622353937341236,0.610922946655377,0.660457239627434,0.389923793395428,0.116426756985605,0.663844199830652,2
0.642675698560542,0.642675698560542,0.972904318374259,0.961896697713802,0.610922946655377,0.660457239627434,0.25952582557155,0.257832345469941,0.895850973751058,0
0.261642675698561,0.261642675698561,0.562658763759526,0.522438611346317,0.44030482641829,0.168924640135478,0.573666384419983,0.516088060965284,0.0143945808636749,2
0.00592718035563082,0.00592718035563082,0.741744284504657,0.767146486028789,0.867061812023709,0.890770533446232,0.781117696867062,0.780270956816257,0.0740897544453853,1
0.60584250635055,0.60584250635055,0.138865368331922,0.098645215918713,0.610922946655377,0.660457239627434,0.927603725656224,0.927603725656224,0.842506350550381,3
0.000846740050804403,0.000846740050804403,0.562658763759526,0.607112616426757,0.867061812023709,0.890770533446232,0.660880609652837,0.441574936494496,0.0143945808636749,1
0.84419983065199,0.84419983065199,0.747248094834886,0.771803556308213,0.196020321761219,0.430567315834039,0.431837425910246,0.690093141405589,0.663844199830652,2
0.198983911939035,0.198983911939035,0.789161727349704,0.735817104149026,0.610922946655377,0.660457239627434,0.696443691786621,0.647332768839966,0.356900931414056,0
0.91532599491956,0.91532599491956,0.447078746824725,0.447925486875529,0.196020321761219,0.262489415749365,0.16723116003387,0.290008467400508,0.663844199830652,2
0.273497036409822,0.273497036409822,0.628281117696867,0.605419136325148,0.610922946655377,0.660457239627434,0.927603725656224,0.927603725656224,0.767146486028789,3
0.747671464860288,0.747671464860288,0.599068585944115,0.566045723962743,0.610922946655377,0.660457239627434,0.389923793395428,0.116426756985605,0.663844199830652,2
0.220152413209145,0.220152413209145,0.834038950042337,0.809483488569009,0.610922946655377,0.660457239627434,0.0812870448772227,0.0575783234546994,0.527519051651143,1
0.980524978831499,0.980524978831499,0.735817104149026,0.75952582557155,0.196020321761219,0.430567315834039,0.10965283657917,0.216342082980525,0.987298899237934,2
0.619390347163421,0.619390347163421,0.469093988145639,0.431414055884843,0.610922946655377,0.660457239627434,0.927603725656224,0.927603725656224,0.356900931414056,3
0.388653683319221,0.388653683319221,0.994919559695174,0.994919559695174,0.867061812023709,0.890770533446232,0.209991532599492,0.164267569856054,0.767146486028789,1
0.221422523285351,0.221422523285351,0.905588484335309,0.909822184589331,0.867061812023709,0.890770533446232,0.209991532599492,0.164267569856054,0.190939881456393,0
0.823878069432684,0.823878069432684,0.829805249788315,0.840812870448772,0.196020321761219,0.430567315834039,0.511854360711262,0.866638441998307,0.356900931414056,3
0.221422523285351,0.221422523285351,0.905588484335309,0.909822184589331,0.867061812023709,0.890770533446232,0.781117696867062,0.780270956816257,0.190939881456393,1
0.911092294665538,0.911092294665538,0.847586790855207,0.861981371718882,0.867061812023709,0.890770533446232,0.781117696867062,0.780270956816257,0.767146486028789,2
0.798475867908552,0.798475867908552,0.922099915325995,0.927180355630821,0.196020321761219,0.0190516511430991,0.143099068585944,0.35393734123624,0.945808636748518,2
0.350550381033023,0.350550381033023,0.600762066045724,0.519898391193903,0.610922946655377,0.660457239627434,0.25952582557155,0.257832345469941,0.190939881456393,3
0.441998306519898,0.441998306519898,0.884843353090601,0.881456392887384,0.196020321761219,0.430567315834039,0.0135478408128704,0.0258255715495343,0.356900931414056,0
0.58848433530906,0.58848433530906,0.796782387806943,0.813717188823031,0.196020321761219,0.430567315834039,0.10965283657917,0.216342082980525,0.663844199830652,2
0.697713801862828,0.697713801862828,0.867908552074513,0.877222692633362,0.196020321761219,0.430567315834039,0.10965283657917,0.216342082980525,0.842506350550381,3
0.703217612193057,0.703217612193057,0.962320067739204,0.963166807790009,0.867061812023709,0.890770533446232,0.781117696867062,0.780270956816257,0.356900931414056,0
0.769686706181202,0.769686706181202,0.985605419136325,0.987298899237934,0.867061812023709,0.890770533446232,0.781117696867062,0.780270956816257,0.527519051651143,1
0.893310753598645,0.893310753598645,0.998306519898391,0.998306519898391,0.867061812023709,0.890770533446232,0.781117696867062,0.780270956816257,0.842506350550381,0
0.448772226926334,0.448772226926334,0.851820491109229,0.8653683319221,0.867061812023709,0.890770533446232,0.781117696867062,0.780270956816257,0.0740897544453853,1
0.307366638441998,0.307366638441998,0.695173581710415,0.718035563082134,0.867061812023709,0.890770533446232,0.660880609652837,0.441574936494496,0.0143945808636749,0
0.956816257408975,0.956816257408975,0.97883149872989,0.976291278577477,0.610922946655377,0.660457239627434,0.927603725656224,0.927603725656224,0.842506350550381,2
