Compactness,Circularity,Distance.circularity,Radius.ratio,Pr.axis.aspect.ratio,Max.length.aspect.ratio,Scatter.ratio,Elongatedness,Pr.axis.rectangularity,Max.length.rectangularity,Scaled.variance.major.axis,Scaled.variance.minor.axis,Scaled.radius.of.gyration,Skewness.major.axis,Skewness.minor.axis,Kurtosis.major.axis,Kurtosis.minor.axis,Hollows.ratio,vehicle_y
0.601183431952663,0.699408284023669,0.563313609467456,0.594082840236686,0.959171597633136,0.753254437869822,0.573372781065089,0.467455621301775,0.554437869822485,0.743195266272189,0.469230769230769,0.550295857988166,0.618343195266272,0.388757396449704,0.53491124260355,0.68284023668639,0.392307692307692,0.524260355029586,3
0.437869822485207,0.305325443786982,0.584023668639053,0.250887573964497,0.259763313609467,0.631360946745562,0.305325443786982,0.68284023668639,0.344378698224852,0.382248520710059,0.328402366863905,0.32603550295858,0.328994082840237,0.544378698224852,0.729585798816568,0.614792899408284,0.536686390532544,0.647337278106509,3
0.859171597633136,0.760355029585799,0.934319526627219,0.881656804733728,0.78698224852071,0.753254437869822,0.797633136094675,0.201775147928994,0.766272189349112,0.724260355029586,0.826627218934911,0.793491124260355,0.914792899408284,0.615976331360947,0.914201183431953,0.410059171597633,0.464497041420118,0.463905325443787,1
0.517159763313609,0.305325443786982,0.543195266272189,0.41301775147929,0.611834319526627,0.631360946745562,0.219526627218935,0.76094674556213,0.344378698224852,0.382248520710059,0.151479289940828,0.216568047337278,0.0668639053254438,0.0514792899408284,0.53491124260355,0.451479289940828,0.930177514792899,0.947337278106509,3
0.137278106508876,0.483431952662722,0.254437869822485,0.848520710059172,0.994082840236686,0.998224852071006,0.305325443786982,0.68284023668639,0.344378698224852,0.423668639053254,0.963905325443787,0.293491124260355,0.686390532544379,0.998816568047337,0.729585798816568,0.496449704142012,0.0733727810650888,0.0550295857988166,2
0.928994082840237,0.985207100591716,0.934319526627219,0.546745562130178,0.0130177514792899,0.16508875739645,0.990532544378698,0.00532544378698225,0.994082840236686,0.9,0.991715976331361,0.992899408284024,0.998816568047337,0.941420118343195,0.453254437869823,0.410059171597633,0.117751479289941,0.0550295857988166,2
0.670414201183432,0.418343195266272,0.342603550295858,0.555621301775148,0.742603550295858,0.16508875739645,0.430769230769231,0.467455621301775,0.344378698224852,0.382248520710059,0.469230769230769,0.485207100591716,0.47396449704142,0.171005917159763,0.888165680473373,0.057396449704142,0.950295857988166,0.868639053254438,2
0.389940828402367,0.418343195266272,0.149704142011834,0.393491124260355,0.742603550295858,0.631360946745562,0.155029585798817,0.82603550295858,0.126627218934911,0.504733727810651,0.169822485207101,0.160355029585799,0.390532544378698,0.22603550295858,0.294674556213018,0.142603550295858,0.746745562130178,0.797633136094675,3
0.192307692307692,0.00710059171597633,0.0745562130177515,0.238461538461538,0.491715976331361,0.342603550295858,0.0372781065088757,0.950887573964497,0.0248520710059172,0.0603550295857988,0.0366863905325444,0.0420118343195266,0.00236686390532544,0.0881656804733728,0.223668639053254,0.614792899408284,0.950295857988166,0.963313609467456,3
0.517159763313609,0.483431952662722,0.756213017751479,0.769822485207101,0.550887573964497,0.883431952662722,0.676923076923077,0.326627218934911,0.707100591715976,0.504733727810651,0.663313609467456,0.676923076923077,0.275739644970414,0.0881656804733728,0.369822485207101,0.614792899408284,0.817751479289941,0.868639053254438,1
0.192307692307692,0.0556213017751479,0.254437869822485,0.268047337278107,0.491715976331361,0.631360946745562,0.111834319526627,0.873372781065089,0.126627218934911,0.114792899408284,0.0970414201183432,0.130769230769231,0.0668639053254438,0.171005917159763,0.223668639053254,0.451479289940828,0.782840236686391,0.797633136094675,3
0.389940828402367,0.00710059171597633,0.149704142011834,0.192307692307692,0.144378698224852,0.16508875739645,0.0449704142011834,0.950887573964497,0.0248520710059172,0.000591715976331361,0.0715976331360947,0.0437869822485207,0.0159763313609467,0.128994082840237,0.453254437869823,0.90887573964497,0.85207100591716,0.797633136094675,1
0.27396449704142,0.610059171597633,0.363905325443787,0.536686390532544,0.863313609467456,0.16508875739645,0.409467455621302,0.518934911242604,0.344378698224852,0.565680473372781,0.52189349112426,0.433727810650888,0.715384615384615,0.459763313609467,0.453254437869823,0.496449704142012,0.536686390532544,0.408284023668639,2
0.329585798816568,0.354437869822485,0.609467455621302,0.276331360946746,0.311242603550296,0.753254437869822,0.409467455621302,0.597041420118343,0.344378698224852,0.423668639053254,0.403550295857988,0.417159763313609,0.362130177514793,0.544378698224852,0.674556213017751,0.574556213017752,0.392307692307692,0.524260355029586,3
0.564497041420118,0.734319526627219,0.490532544378698,0.830177514792899,0.944378698224852,0.0568047337278106,0.63491124260355,0.348520710059172,0.650887573964497,0.660355029585799,0.623668639053254,0.644378698224852,0.812426035502959,0.459763313609467,0.53491124260355,0.101775147928994,0.881065088757396,0.647337278106509,2
0.63491124260355,0.939644970414201,0.855029585798817,0.808284023668639,0.742603550295858,0.631360946745562,0.780473372781065,0.201775147928994,0.766272189349112,0.857988165680473,0.883431952662722,0.780473372781065,0.982840236686391,0.674556213017751,0.53491124260355,0.101775147928994,0.325443786982249,0.363313609467456,0
0.329585798816568,0.0556213017751479,0.0112426035502959,0.00236686390532544,0.0372781065088757,0.16508875739645,0.0177514792899408,0.982840236686391,0.0248520710059172,0.0994082840236686,0.0171597633136095,0.0177514792899408,0.0526627218934911,0.84792899408284,0.223668639053254,0.614792899408284,0.117751479289941,0.13905325443787,3
0.733727810650888,0.305325443786982,0.443786982248521,0.769822485207101,0.898816568047337,0.16508875739645,0.654437869822485,0.326627218934911,0.650887573964497,0.288757396449704,0.663313609467456,0.665680473372781,0.265680473372781,0.544378698224852,0.369822485207101,0.451479289940828,0.907100591715976,0.647337278106509,2
0.859171597633136,0.897041420118343,0.785207100591716,0.662130177514793,0.491715976331361,0.753254437869822,0.876923076923077,0.132544378698225,0.850295857988166,0.951479289940828,0.853254437869822,0.874556213017751,0.914792899408284,0.674556213017751,0.453254437869823,0.496449704142012,0.27396449704142,0.408284023668639,1
0.788165680473373,0.968047337278107,0.785207100591716,0.92189349112426,0.898816568047337,0.753254437869822,0.807692307692308,0.201775147928994,0.850295857988166,0.9,0.883431952662722,0.814201183431953,0.936094674556213,0.674556213017751,0.53491124260355,0.231360946745562,0.325443786982249,0.32603550295858,0
0.0988165680473373,0.659763313609467,0.387573964497041,0.357988165680473,0.679289940828402,0.16508875739645,0.449112426035503,0.518934911242604,0.344378698224852,0.467455621301775,0.450295857988166,0.459171597633136,0.618343195266272,0.728402366863905,0.0449704142011834,0.142603550295858,0.27396449704142,0.29585798816568,2
0.0988165680473373,0.104733727810651,0.0224852071005917,0.0633136094674556,0.374556213017751,0.0568047337278106,0.0449704142011834,0.962721893491124,0.0248520710059172,0.0313609467455621,0.0366863905325444,0.0384615384615385,0.105325443786982,0.891715976331361,0.610650887573964,0.057396449704142,0.0319526627218935,0.0550295857988166,3
0.564497041420118,0.418343195266272,0.10414201183432,0.555621301775148,0.898816568047337,0.342603550295858,0.343195266272189,0.518934911242604,0.344378698224852,0.351479289940828,0.29112426035503,0.41301775147929,0.556213017751479,0.281065088757396,0.729585798816568,0.057396449704142,0.930177514792899,0.926627218934911,2
0.237278106508876,0.210059171597633,0.254437869822485,0.310059171597633,0.491715976331361,0.342603550295858,0.210059171597633,0.76094674556213,0.126627218934911,0.237278106508876,0.195266272189349,0.209467455621302,0.175739644970414,0.331360946745562,0.138461538461538,0.101775147928994,0.698224852071006,0.647337278106509,2
0.733727810650888,0.855621301775148,0.911834319526627,0.935502958579882,0.78698224852071,0.883431952662722,0.780473372781065,0.201775147928994,0.766272189349112,0.845562130177515,0.798816568047337,0.77810650887574,0.942603550295858,0.281065088757396,0.0449704142011834,0.274556213017751,0.646153846153846,0.749704142011834,1
0.137278106508876,0.547337278106509,0.506508875739645,0.367455621301775,0.679289940828402,0.631360946745562,0.258579881656805,0.68284023668639,0.344378698224852,0.565680473372781,0.29112426035503,0.286390532544379,0.510650887573964,0.459763313609467,0.138461538461538,0.185798816568047,0.464497041420118,0.647337278106509,3
0.0769230769230769,0.0556213017751479,0.0307692307692308,0.0449704142011834,0.259763313609467,0.16508875739645,0.0686390532544379,0.93905325443787,0.126627218934911,0.0313609467455621,0.0461538461538462,0.0585798816568047,0.156213017751479,0.891715976331361,0.53491124260355,0.142603550295858,0.0319526627218935,0.0550295857988166,1
0.928994082840237,0.897041420118343,0.756213017751479,0.830177514792899,0.742603550295858,0.883431952662722,0.899408284023669,0.132544378698225,0.937869822485207,0.871005917159763,0.912426035502959,0.889349112426036,0.875147928994083,0.544378698224852,0.138461538461538,0.930177514792899,0.392307692307692,0.647337278106509,1
0.811834319526627,0.547337278106509,0.609467455621302,0.725443786982249,0.679289940828402,0.16508875739645,0.720118343195266,0.244378698224852,0.707100591715976,0.504733727810651,0.753846153846154,0.728402366863905,0.382248520710059,0.765680473372781,0.53491124260355,0.322485207100592,0.817751479289941,0.32603550295858,2
0.0218934911242604,0.157396449704142,0.0875739644970414,0.132544378698225,0.144378698224852,0.342603550295858,0.242603550295858,0.76094674556213,0.344378698224852,0.114792899408284,0.263313609467456,0.233136094674556,0.328994082840237,0.910650887573965,0.729585798816568,0.781656804733728,0.0733727810650888,0.13905325443787,1
0.329585798816568,0.418343195266272,0.609467455621302,0.424260355029586,0.679289940828402,0.883431952662722,0.466863905325444,0.518934911242604,0.344378698224852,0.622485207100592,0.403550295857988,0.469822485207101,0.510650887573964,0.544378698224852,0.453254437869823,0.410059171597633,0.27396449704142,0.463905325443787,3
0.27396449704142,0.354437869822485,0.443786982248521,0.342603550295858,0.311242603550296,0.50887573964497,0.183431952662722,0.80414201183432,0.126627218934911,0.351479289940828,0.209467455621302,0.184615384615385,0.328994082840237,0.0881656804733728,0.77810650887574,0.496449704142012,0.907100591715976,0.898816568047337,1
0.517159763313609,0.0218934911242604,0.149704142011834,0.367455621301775,0.374556213017751,0.16508875739645,0.199408284023669,0.76094674556213,0.126627218934911,0.0810650887573964,0.169822485207101,0.202366863905325,0.0230769230769231,0.0881656804733728,0.453254437869823,0.574556213017752,0.881065088757396,0.797633136094675,0
0.788165680473373,0.699408284023669,0.949112426035503,0.951479289940828,0.863313609467456,0.753254437869822,0.807692307692308,0.201775147928994,0.850295857988166,0.660355029585799,0.939644970414201,0.80414201183432,0.801183431952663,0.388757396449704,0.453254437869823,0.993491124260355,0.597041420118343,0.797633136094675,0
0.237278106508876,0.157396449704142,0.609467455621302,0.585798816568047,0.491715976331361,0.50887573964497,0.588757396449704,0.41301775147929,0.554437869822485,0.0994082840236686,0.57396449704142,0.582840236686391,0.0887573964497041,0.0514792899408284,0.138461538461538,0.897041420118343,0.907100591715976,0.898816568047337,0
0.759171597633136,0.610059171597633,0.681065088757396,0.546745562130178,0.82603550295858,0.631360946745562,0.50414201183432,0.518934911242604,0.554437869822485,0.608284023668639,0.328402366863905,0.49585798816568,0.618343195266272,0.22603550295858,0.968047337278107,0.322485207100592,0.698224852071006,0.7,3
0.0556213017751479,0.483431952662722,0.315976331360947,0.0408284023668639,0.0372781065088757,0.342603550295858,0.409467455621302,0.597041420118343,0.344378698224852,0.536094674556213,0.428402366863905,0.391715976331361,0.556213017751479,0.891715976331361,0.223668639053254,0.101775147928994,0.0733727810650888,0.13905325443787,2
0.389940828402367,0.699408284023669,0.631360946745562,0.997633136094675,0.997041420118343,0.99585798816568,0.430769230769231,0.597041420118343,0.344378698224852,0.689349112426035,0.985207100591716,0.420710059171598,0.766863905325444,0.996449704142012,0.0449704142011834,0.650887573964497,0.27396449704142,0.363313609467456,3
0.906508875739645,0.855621301775148,0.756213017751479,0.576331360946746,0.1,0.753254437869822,0.876923076923077,0.132544378698225,0.850295857988166,0.924260355029586,0.953254437869822,0.879881656804734,0.897041420118343,0.674556213017751,0.138461538461538,0.410059171597633,0.392307692307692,0.524260355029586,1
0.0366863905325444,0.547337278106509,0.194082840236686,0.513609467455621,0.969230769230769,0.16508875739645,0.381065088757396,0.597041420118343,0.344378698224852,0.504733727810651,0.403550295857988,0.372189349112426,0.656213017751479,0.728402366863905,0.610650887573964,0.0171597633136095,0.192899408284024,0.223076923076923,2
0.601183431952663,0.699408284023669,0.884023668639053,0.917751479289941,0.82603550295858,0.631360946745562,0.785207100591716,0.201775147928994,0.766272189349112,0.622485207100592,0.883431952662722,0.784615384615385,0.786390532544379,0.674556213017751,0.453254437869823,0.410059171597633,0.325443786982249,0.32603550295858,0
0.27396449704142,0.104733727810651,0.0112426035502959,0.00118343195266272,0.0372781065088757,0.0568047337278106,0.0242603550295858,0.982840236686391,0.0248520710059172,0.0810650887573964,0.00769230769230769,0.0195266272189349,0.0526627218934911,0.962721893491124,0.674556213017751,0.68284023668639,0.0319526627218935,0.0550295857988166,3
0.564497041420118,0.734319526627219,0.640828402366864,0.204733727810651,0.1,0.883431952662722,0.52189349112426,0.518934911242604,0.554437869822485,0.795266272189349,0.494674556213018,0.509467455621302,0.656213017751479,0.728402366863905,0.453254437869823,0.231360946745562,0.192899408284024,0.363313609467456,3
0.517159763313609,0.104733727810651,0.415384615384615,0.631360946745562,0.611834319526627,0.50887573964497,0.588757396449704,0.41301775147929,0.554437869822485,0.197041420118343,0.608284023668639,0.585798816568047,0.156213017751479,0.22603550295858,0.369822485207101,0.322485207100592,0.698224852071006,0.524260355029586,1
1,0.897041420118343,0.934319526627219,0.941420118343195,0.742603550295858,0.96508875739645,0.844378698224852,0.132544378698225,0.850295857988166,0.871005917159763,0.826627218934911,0.850295857988166,0.957988165680473,0.171005917159763,0.988165680473373,0.057396449704142,0.698224852071006,0.797633136094675,1
0.517159763313609,0.610059171597633,0.543195266272189,0.284615384615385,0.311242603550296,0.883431952662722,0.533727810650888,0.518934911242604,0.554437869822485,0.757988165680473,0.52189349112426,0.528994082840237,0.69585798816568,0.792307692307692,0.223668639053254,0.185798816568047,0.192899408284024,0.363313609467456,3
0.437869822485207,0.418343195266272,0.254437869822485,0.169230769230769,0.144378698224852,0.50887573964497,0.0816568047337278,0.898816568047337,0.126627218934911,0.504733727810651,0.141420118343195,0.0940828402366864,0.304733727810651,0.388757396449704,0.138461538461538,0.367455621301775,0.597041420118343,0.363313609467456,3
0.137278106508876,0.354437869822485,0.149704142011834,0.0710059171597633,0.1,0.16508875739645,0.277514792899408,0.76094674556213,0.344378698224852,0.327810650887574,0.378698224852071,0.242011834319527,0.510650887573964,0.985798816568047,0.53491124260355,0.614792899408284,0.0733727810650888,0.0165680473372781,2
0.329585798816568,0.659763313609467,0.525443786982248,0.300591715976331,0.679289940828402,0.883431952662722,0.484023668639053,0.597041420118343,0.554437869822485,0.816568047337278,0.328402366863905,0.451479289940828,0.686390532544379,0.765680473372781,0.53491124260355,0.574556213017752,0.23491124260355,0.32603550295858,3
0.437869822485207,0.547337278106509,0.490532544378698,0.576331360946746,0.374556213017751,0.631360946745562,0.581656804733728,0.41301775147929,0.554437869822485,0.565680473372781,0.557988165680473,0.584615384615385,0.582840236686391,0.0266272189349112,0.0449704142011834,0.451479289940828,0.930177514792899,0.963313609467456,1
0.00650887573964497,0.157396449704142,0.0875739644970414,0.0242603550295858,0.0224852071005917,0.16508875739645,0.199408284023669,0.80414201183432,0.344378698224852,0.114792899408284,0.169822485207101,0.198224852071006,0.224260355029586,0.792307692307692,0.223668639053254,0.185798816568047,0.117751479289941,0.13905325443787,1
0.475739644970414,0.157396449704142,0.289940828402367,0.562721893491124,0.78698224852071,0.342603550295858,0.449112426035503,0.518934911242604,0.344378698224852,0.174556213017751,0.53491124260355,0.465680473372781,0.0887573964497041,0.388757396449704,0.369822485207101,0.882840236686391,0.536686390532544,0.408284023668639,1
0.705917159763314,0.939644970414201,0.815384615384615,0.971597633136095,0.924852071005917,0.631360946745562,0.819526627218935,0.132544378698225,0.850295857988166,0.886390532544379,0.955029585798817,0.823668639053254,0.980473372781065,0.544378698224852,0.138461538461538,0.274556213017751,0.464497041420118,0.524260355029586,0
0.788165680473373,0.354437869822485,0.0745562130177515,0.569230769230769,0.82603550295858,0.16508875739645,0.305325443786982,0.518934911242604,0.344378698224852,0.288757396449704,0.29112426035503,0.398816568047337,0.400591715976331,0.128994082840237,0.610650887573964,0.496449704142012,0.984023668639053,0.979289940828402,2
0.788165680473373,0.968047337278107,0.884023668639053,0.651479289940828,0.0615384615384615,0.16508875739645,0.994082840236686,0.00532544378698225,0.994082840236686,0.886390532544379,0.987573964497041,0.991715976331361,0.953254437869822,0.910650887573965,0.453254437869823,0.90887573964497,0.0733727810650888,0.101183431952663,2
0.564497041420118,0.0556213017751479,0.149704142011834,0.342603550295858,0.491715976331361,0.50887573964497,0.111834319526627,0.873372781065089,0.126627218934911,0.220710059171598,0.102958579881657,0.12603550295858,0.0195266272189349,0.0266272189349112,0.729585798816568,0.142603550295858,0.969230769230769,0.963313609467456,3
0.670414201183432,0.483431952662722,0.730177514792899,0.749112426035503,0.611834319526627,0.631360946745562,0.68698224852071,0.326627218934911,0.707100591715976,0.423668639053254,0.663313609467456,0.681656804733728,0.400591715976331,0.171005917159763,0.369822485207101,0.367455621301775,0.646153846153846,0.647337278106509,1
0.329585798816568,0.659763313609467,0.584023668639053,0.169230769230769,0.144378698224852,0.883431952662722,0.50414201183432,0.597041420118343,0.554437869822485,0.757988165680473,0.29112426035503,0.459171597633136,0.537278106508876,0.674556213017751,0.453254437869823,0.410059171597633,0.154437869822485,0.29585798816568,3
0.928994082840237,0.855621301775148,0.855029585798817,0.946153846153846,0.78698224852071,0.883431952662722,0.815384615384615,0.201775147928994,0.850295857988166,0.816568047337278,0.811834319526627,0.815976331360947,0.835502958579882,0.171005917159763,0.0449704142011834,0.057396449704142,0.646153846153846,0.749704142011834,0
0.137278106508876,0.210059171597633,0.194082840236686,0.0449704142011834,0.0372781065088757,0.0568047337278106,0.0686390532544379,0.93905325443787,0.126627218934911,0.220710059171598,0.0715976331360947,0.0633136094674556,0.182840236686391,0.728402366863905,0.674556213017751,0.367455621301775,0.154437869822485,0.184615384615385,3
0.832544378698225,0.760355029585799,0.756213017751479,0.90414201183432,0.611834319526627,0.631360946745562,0.726627218934911,0.273372781065089,0.707100591715976,0.774556213017751,0.725443786982249,0.726627218934911,0.633136094674556,0.0881656804733728,0.453254437869823,0.231360946745562,0.907100591715976,0.868639053254438,0
0.0029585798816568,0.157396449704142,0.0875739644970414,0.182248520710059,0.374556213017751,0.0568047337278106,0.0816568047337278,0.921301775147929,0.126627218934911,0.114792899408284,0.0538461538461538,0.0781065088757396,0.156213017751479,0.830769230769231,0.888165680473373,0.811834319526627,0.192899408284024,0.184615384615385,0
0.63491124260355,0.259763313609467,0.254437869822485,0.0532544378698225,0.0130177514792899,0.50887573964497,0.155029585798817,0.873372781065089,0.126627218934911,0.327810650887574,0.169822485207101,0.137278106508876,0.156213017751479,0.84792899408284,0.77810650887574,0.574556213017752,0.192899408284024,0.0550295857988166,3
0.0769230769230769,0.354437869822485,0.149704142011834,0.386390532544379,0.82603550295858,0.342603550295858,0.343195266272189,0.68284023668639,0.344378698224852,0.423668639053254,0.428402366863905,0.35207100591716,0.341420118343195,0.814201183431953,0.369822485207101,0.101775147928994,0.154437869822485,0.204733727810651,2
0.517159763313609,0.547337278106509,0.631360946745562,0.808284023668639,0.898816568047337,0.342603550295858,0.681656804733728,0.300591715976331,0.707100591715976,0.467455621301775,0.671597633136095,0.693491124260355,0.608284023668639,0.544378698224852,0.0449704142011834,0.185798816568047,0.782840236686391,0.524260355029586,2
0.329585798816568,0.305325443786982,0.387573964497041,0.268047337278107,0.2,0.342603550295858,0.242603550295858,0.76094674556213,0.344378698224852,0.25207100591716,0.328402366863905,0.242011834319527,0.304733727810651,0.765680473372781,0.97810650887574,0.231360946745562,0.23491124260355,0.204733727810651,0
0.0366863905325444,0.418343195266272,0.194082840236686,0.0970414201183432,0.259763313609467,0.50887573964497,0.305325443786982,0.76094674556213,0.344378698224852,0.504733727810651,0.29112426035503,0.279881656804734,0.47396449704142,0.910650887573965,0.53491124260355,0.73491124260355,0.0319526627218935,0.101183431952663,2
0.705917159763314,0.939644970414201,0.815384615384615,0.935502958579882,0.898816568047337,0.883431952662722,0.963905325443787,0.0597633136094675,0.937869822485207,0.989349112426036,0.927218934911243,0.96508875739645,0.875147928994083,0.674556213017751,0.53491124260355,0.614792899408284,0.392307692307692,0.408284023668639,0
0.192307692307692,0.483431952662722,0.471597633136095,0.471005917159763,0.863313609467456,0.631360946745562,0.199408284023669,0.76094674556213,0.126627218934911,0.536094674556213,0.263313609467456,0.204733727810651,0.452662721893491,0.388757396449704,0.138461538461538,0.496449704142012,0.597041420118343,0.749704142011834,3
0.705917159763314,0.734319526627219,0.584023668639053,0.935502958579882,0.978698224852071,0.342603550295858,0.71301775147929,0.273372781065089,0.707100591715976,0.660355029585799,0.697041420118343,0.720710059171598,0.820710059171598,0.674556213017751,0.369822485207101,0.322485207100592,0.817751479289941,0.408284023668639,2
0.63491124260355,0.939644970414201,0.756213017751479,0.435502958579882,0.1,0.753254437869822,0.867455621301775,0.132544378698225,0.850295857988166,0.971005917159763,0.869230769230769,0.868047337278106,0.921301775147929,0.765680473372781,0.294674556213018,0.274556213017751,0.27396449704142,0.32603550295858,0
0.670414201183432,1,0.966863905325444,0.967455621301775,0.924852071005917,0.883431952662722,0.959171597633136,0.0597633136094675,0.937869822485207,0.998816568047337,0.853254437869822,0.957396449704142,0.897041420118343,0.388757396449704,0.77810650887574,0.897041420118343,0.325443786982249,0.585798816568047,0
0.475739644970414,0.210059171597633,0.689940828402367,0.706508875739645,0.550887573964497,0.50887573964497,0.646153846153846,0.348520710059172,0.650887573964497,0.25207100591716,0.623668639053254,0.646153846153846,0.265680473372781,0.22603550295858,0.294674556213018,0.863905325443787,0.698224852071006,0.7,0
0,0.104733727810651,0.0224852071005917,0.00887573964497041,0.1,0.16508875739645,0.0538461538461538,0.962721893491124,0.126627218934911,0.0810650887573964,0.00769230769230769,0.0479289940828402,0.230177514792899,0.891715976331361,0.138461538461538,0.650887573964497,0.00118343195266272,0.101183431952663,0
0.329585798816568,0.354437869822485,0.671005917159763,0.300591715976331,0.491715976331361,0.883431952662722,0.381065088757396,0.597041420118343,0.344378698224852,0.467455621301775,0.328402366863905,0.381065088757396,0.382248520710059,0.544378698224852,0.818343195266272,0.863905325443787,0.392307692307692,0.647337278106509,3
0.788165680473373,0.855621301775148,0.855029585798817,0.830177514792899,0.611834319526627,0.631360946745562,0.733136094674556,0.273372781065089,0.707100591715976,0.795266272189349,0.707100591715976,0.730177514792899,0.826627218934911,0.281065088757396,0.453254437869823,0.231360946745562,0.646153846153846,0.585798816568047,0
0.437869822485207,0.210059171597633,0.563313609467456,0.526627218934911,0.439644970414201,0.50887573964497,0.629585798816568,0.369822485207101,0.650887573964497,0.197041420118343,0.632544378698225,0.627218934911243,0.275739644970414,0.544378698224852,0.0449704142011834,0.451479289940828,0.464497041420118,0.363313609467456,1
0.192307692307692,0.259763313609467,0.0745562130177515,0.238461538461538,0.550887573964497,0.342603550295858,0.343195266272189,0.68284023668639,0.344378698224852,0.174556213017751,0.209467455621302,0.32603550295858,0.492307692307692,0.891715976331361,0.223668639053254,0.142603550295858,0.0733727810650888,0.13905325443787,1
0.859171597633136,0.820710059171598,0.711834319526627,0.872189349112426,0.78698224852071,0.0568047337278106,0.807692307692308,0.132544378698225,0.850295857988166,0.774556213017751,0.883431952662722,0.832544378698225,0.897041420118343,0.765680473372781,0.818343195266272,0.185798816568047,0.746745562130178,0.266863905325444,2
0.329585798816568,0.483431952662722,0.194082840236686,0.014792899408284,0.0130177514792899,0.342603550295858,0.343195266272189,0.68284023668639,0.344378698224852,0.536094674556213,0.358579881656805,0.315976331360947,0.69585798816568,0.985798816568047,0.53491124260355,0.231360946745562,0.0319526627218935,0.0165680473372781,2
0.237278106508876,0.610059171597633,0.289940828402367,0.41301775147929,0.78698224852071,0.16508875739645,0.381065088757396,0.597041420118343,0.344378698224852,0.504733727810651,0.450295857988166,0.410059171597633,0.69585798816568,0.615976331360947,0.223668639053254,0.0171597633136095,0.325443786982249,0.241420118343195,2
0.733727810650888,0.78698224852071,0.698224852071006,0.830177514792899,0.742603550295858,0.0568047337278106,0.815384615384615,0.132544378698225,0.850295857988166,0.743195266272189,0.939644970414201,0.844970414201183,0.856804733727811,0.814201183431953,0.453254437869823,0.496449704142012,0.646153846153846,0.223076923076923,2
0.564497041420118,0.0556213017751479,0.194082840236686,0.118343195266272,0.1,0.342603550295858,0.0597633136094675,0.921301775147929,0.126627218934911,0.157396449704142,0.110650887573964,0.0650887573964497,0.0100591715976331,0.171005917159763,0.138461538461538,0.101775147928994,0.817751479289941,0.463905325443787,3
0.0118343195266272,0.259763313609467,0.506508875739645,0.169230769230769,0.144378698224852,0.342603550295858,0.258579881656805,0.80414201183432,0.344378698224852,0.220710059171598,0.378698224852071,0.221301775147929,0.201183431952663,0.765680473372781,0.674556213017751,0.956804733727811,0.117751479289941,0.32603550295858,0
0.329585798816568,0.259763313609467,0.415384615384615,0.681065088757396,0.990532544378698,0.342603550295858,0.343195266272189,0.597041420118343,0.344378698224852,0.237278106508876,0.428402366863905,0.405917159763314,0.238461538461538,0.544378698224852,0.294674556213018,0.367455621301775,0.746745562130178,0.524260355029586,2
0.977514792899408,0.996449704142012,0.934319526627219,0.609467455621302,0.0224852071005917,0.16508875739645,0.997633136094675,0.00532544378698225,0.994082840236686,0.924260355029586,0.989349112426036,0.998816568047337,0.991715976331361,0.910650887573965,0.729585798816568,0.574556213017752,0.117751479289941,0.0165680473372781,2
0.329585798816568,0.305325443786982,0.584023668639053,0.250887573964497,0.311242603550296,0.631360946745562,0.305325443786982,0.68284023668639,0.344378698224852,0.467455621301775,0.378698224852071,0.32603550295858,0.373372781065089,0.544378698224852,0.369822485207101,0.73491124260355,0.464497041420118,0.7,3
0.192307692307692,0.104733727810651,0.0615384615384615,0.0242603550295858,0.1,0.0568047337278106,0.0242603550295858,0.972189349112426,0.0248520710059172,0.157396449704142,0.0366863905325444,0.0248520710059172,0.0834319526627219,0.544378698224852,0.223668639053254,0.367455621301775,0.325443786982249,0.241420118343195,3
0.437869822485207,0.354437869822485,0.584023668639053,0.881656804733728,0.98698224852071,0.16508875739645,0.625443786982249,0.369822485207101,0.554437869822485,0.268639053254438,0.592899408284024,0.628402366863905,0.362130177514793,0.331360946745562,0.294674556213018,0.540236686390533,0.85207100591716,0.749704142011834,2
0.0218934911242604,0.104733727810651,0.0390532544378698,0.0307692307692308,0.144378698224852,0.16508875739645,0.0497041420118343,0.950887573964497,0.126627218934911,0.0313609467455621,0.0420118343195266,0.0502958579881657,0.0988165680473373,0.869822485207101,0.674556213017751,0.231360946745562,0.0112426035502959,0.101183431952663,0
0.859171597633136,0.939644970414201,0.949112426035503,0.951479289940828,0.863313609467456,0.883431952662722,0.899408284023669,0.132544378698225,0.850295857988166,0.951479289940828,0.939644970414201,0.897633136094675,0.950887573964497,0.459763313609467,0.294674556213018,0.451479289940828,0.464497041420118,0.647337278106509,1
0.564497041420118,0.157396449704142,0.584023668639053,0.402366863905325,0.144378698224852,0.631360946745562,0.615976331360947,0.39112426035503,0.554437869822485,0.114792899408284,0.623668639053254,0.617159763313609,0.297633136094675,0.331360946745562,0.729585798816568,0.650887573964497,0.597041420118343,0.408284023668639,0
0.859171597633136,0.820710059171598,0.785207100591716,0.706508875739645,0.374556213017751,0.631360946745562,0.742011834319527,0.244378698224852,0.766272189349112,0.724260355029586,0.763313609467456,0.743195266272189,0.959763313609467,0.388757396449704,0.77810650887574,0.451479289940828,0.646153846153846,0.585798816568047,1
0.564497041420118,0.699408284023669,0.640828402366864,0.449704142011834,0.679289940828402,0.753254437869822,0.50414201183432,0.518934911242604,0.554437869822485,0.774556213017751,0.507692307692308,0.49585798816568,0.656213017751479,0.728402366863905,0.369822485207101,0.650887573964497,0.23491124260355,0.408284023668639,3
0.0988165680473373,0.547337278106509,0.149704142011834,0.367455621301775,0.742603550295858,0.16508875739645,0.230177514792899,0.76094674556213,0.344378698224852,0.423668639053254,0.263313609467456,0.22603550295858,0.556213017751479,0.615976331360947,0.223668639053254,0.142603550295858,0.23491124260355,0.204733727810651,2
0.670414201183432,0.760355029585799,0.966863905325444,0.896449704142012,0.742603550295858,0.753254437869822,0.856213017751479,0.132544378698225,0.850295857988166,0.689349112426035,0.939644970414201,0.868047337278106,0.897041420118343,0.544378698224852,0.610650887573964,0.944970414201183,0.464497041420118,0.524260355029586,0
0.329585798816568,0.354437869822485,0.506508875739645,0.342603550295858,0.550887573964497,0.16508875739645,0.219526627218935,0.76094674556213,0.344378698224852,0.288757396449704,0.225443786982249,0.21301775147929,0.437869822485207,0.674556213017751,0.968047337278107,0.574556213017752,0.27396449704142,0.223076923076923,1
0.192307692307692,0.418343195266272,0.194082840236686,0.350887573964497,0.550887573964497,0.342603550295858,0.343195266272189,0.597041420118343,0.344378698224852,0.351479289940828,0.507692307692308,0.376923076923077,0.390532544378698,0.728402366863905,0.369822485207101,0.410059171597633,0.464497041420118,0.29585798816568,2
0.601183431952663,0.610059171597633,0.911834319526627,0.935502958579882,0.863313609467456,0.631360946745562,0.76508875739645,0.244378698224852,0.766272189349112,0.565680473372781,0.826627218934911,0.762130177514793,0.777514792899408,0.331360946745562,0.453254437869823,0.993491124260355,0.646153846153846,0.797633136094675,0
0.237278106508876,0.483431952662722,0.117751479289941,0.0875739644970414,0.2,0.16508875739645,0.305325443786982,0.76094674556213,0.344378698224852,0.423668639053254,0.328402366863905,0.264497041420118,0.452662721893491,0.976331360946746,0.369822485207101,0.540236686390533,0.0319526627218935,0.0165680473372781,2
0.0556213017751479,0.547337278106509,0.149704142011834,0.996449704142012,0.997041420118343,0.998224852071006,0.277514792899408,0.68284023668639,0.344378698224852,0.423668639053254,0.956804733727811,0.301183431952663,0.633136094674556,0.997633136094675,0.138461538461538,0.057396449704142,0.117751479289941,0.13905325443787,2
0.601183431952663,0.354437869822485,0.609467455621302,0.562721893491124,0.78698224852071,0.631360946745562,0.430769230769231,0.597041420118343,0.344378698224852,0.423668639053254,0.263313609467456,0.424852071005917,0.255621301775148,0.128994082840237,0.818343195266272,0.231360946745562,0.85207100591716,0.868639053254438,3
0.564497041420118,0.354437869822485,0.194082840236686,0.330769230769231,0.679289940828402,0.342603550295858,0.0686390532544379,0.921301775147929,0.126627218934911,0.382248520710059,0.102958579881657,0.0733727810650888,0.341420118343195,0.331360946745562,0.914201183431953,0.231360946745562,0.698224852071006,0.463905325443787,3
0.475739644970414,0.157396449704142,0.0615384615384615,0.142603550295858,0.550887573964497,0.0568047337278106,0.0029585798816568,0.992307692307692,0.0248520710059172,0.157396449704142,0.00769230769230769,0.00473372781065089,0.133136094674556,0.544378698224852,0.914201183431953,0.231360946745562,0.597041420118343,0.363313609467456,3
0.811834319526627,0.547337278106509,0.563313609467456,0.782248520710059,0.742603550295858,0.0568047337278106,0.730177514792899,0.244378698224852,0.707100591715976,0.504733727810651,0.853254437869822,0.737869822485207,0.415384615384615,0.830769230769231,0.0449704142011834,0.918343195266272,0.746745562130178,0.266863905325444,2
0.948520710059172,0.855621301775148,0.855029585798817,0.819526627218935,0.679289940828402,0.753254437869822,0.924260355029586,0.0597633136094675,0.937869822485207,0.886390532544379,0.840828402366864,0.92189349112426,0.856804733727811,0.615976331360947,0.818343195266272,0.451479289940828,0.464497041420118,0.647337278106509,1
0.733727810650888,0.610059171597633,0.911834319526627,0.881656804733728,0.679289940828402,0.883431952662722,0.742011834319527,0.273372781065089,0.766272189349112,0.635502958579882,0.714201183431953,0.736094674556213,0.341420118343195,0.128994082840237,0.0449704142011834,0.977514792899408,0.782840236686391,0.898816568047337,0
0.137278106508876,0.210059171597633,0.443786982248521,0.342603550295858,0.374556213017751,0.50887573964497,0.343195266272189,0.68284023668639,0.344378698224852,0.197041420118343,0.469230769230769,0.33491124260355,0.105325443786982,0.615976331360947,0.0449704142011834,0.68284023668639,0.23491124260355,0.32603550295858,0
0.0218934911242604,0.483431952662722,0.194082840236686,0.182248520710059,0.374556213017751,0.50887573964497,0.343195266272189,0.68284023668639,0.344378698224852,0.467455621301775,0.328402366863905,0.319526627218935,0.492307692307692,0.84792899408284,0.610650887573964,0.540236686390533,0.0733727810650888,0.13905325443787,2
0.733727810650888,0.699408284023669,0.490532544378698,0.79112426035503,0.863313609467456,0.16508875739645,0.68698224852071,0.300591715976331,0.707100591715976,0.649704142011834,0.663313609467456,0.694674556213018,0.452662721893491,0.674556213017751,0.453254437869823,0.367455621301775,0.817751479289941,0.408284023668639,2
0.329585798816568,0.259763313609467,0.443786982248521,0.41301775147929,0.742603550295858,0.631360946745562,0.219526627218935,0.76094674556213,0.344378698224852,0.327810650887574,0.263313609467456,0.233136094674556,0.190532544378698,0.388757396449704,0.0449704142011834,0.231360946745562,0.597041420118343,0.7,3
0.564497041420118,0.699408284023669,0.563313609467456,0.449704142011834,0.679289940828402,0.753254437869822,0.484023668639053,0.518934911242604,0.344378698224852,0.649704142011834,0.482840236686391,0.473372781065089,0.675739644970414,0.674556213017751,0.369822485207101,0.614792899408284,0.27396449704142,0.463905325443787,3
0.0029585798816568,0.157396449704142,0.387573964497041,0.276331360946746,0.374556213017751,0.16508875739645,0.258579881656805,0.76094674556213,0.344378698224852,0.157396449704142,0.243786982248521,0.236686390532544,0.123668639053254,0.84792899408284,0.954437869822485,0.781656804733728,0.117751479289941,0.184615384615385,0
0.27396449704142,0.0218934911242604,0.00650887573964497,0.0633136094674556,0.311242603550296,0.0568047337278106,0.0029585798816568,0.997041420118343,0.0248520710059172,0.00946745562130178,0.00236686390532544,0.00236686390532544,0.143786982248521,0.674556213017751,0.992899408284024,0.185798816568047,0.154437869822485,0.184615384615385,0
0.517159763313609,0.418343195266272,0.609467455621302,0.169230769230769,0.1,0.753254437869822,0.466863905325444,0.597041420118343,0.344378698224852,0.649704142011834,0.428402366863905,0.445562130177515,0.400591715976331,0.728402366863905,0.855029585798817,0.574556213017752,0.23491124260355,0.463905325443787,3
0.601183431952663,0.659763313609467,0.655029585798817,0.449704142011834,0.679289940828402,0.883431952662722,0.533727810650888,0.518934911242604,0.554437869822485,0.706508875739645,0.469230769230769,0.528994082840237,0.633136094674556,0.459763313609467,0.855029585798817,0.574556213017752,0.536686390532544,0.585798816568047,3
0.759171597633136,0.547337278106509,0.785207100591716,0.881656804733728,0.742603550295858,0.50887573964497,0.76508875739645,0.201775147928994,0.766272189349112,0.536094674556213,0.927218934911243,0.770414201183432,0.69585798816568,0.544378698224852,0.453254437869823,0.231360946745562,0.536686390532544,0.408284023668639,0
0.96508875739645,0.855621301775148,0.985798816568047,0.946153846153846,0.898816568047337,0.96508875739645,0.936686390532544,0.132544378698225,0.937869822485207,0.9,0.869230769230769,0.925443786982248,0.835502958579882,0.544378698224852,0.888165680473373,0.930177514792899,0.464497041420118,0.749704142011834,1
0.137278106508876,0.418343195266272,0.10414201183432,0.12603550295858,0.2,0.50887573964497,0.343195266272189,0.76094674556213,0.344378698224852,0.423668639053254,0.263313609467456,0.286390532544379,0.492307692307692,0.891715976331361,0.729585798816568,0.614792899408284,0.0733727810650888,0.101183431952663,2
0.517159763313609,0.734319526627219,0.490532544378698,0.609467455621302,0.742603550295858,0.342603550295858,0.632544378698225,0.348520710059172,0.650887573964497,0.724260355029586,0.592899408284024,0.642603550295858,0.724852071005917,0.388757396449704,0.453254437869823,0.451479289940828,0.881065088757396,0.797633136094675,2
0.329585798816568,0.104733727810651,0.0307692307692308,0.0449704142011834,0.0615384615384615,0.0568047337278106,0.123668639053254,0.873372781065089,0.126627218934911,0.0603550295857988,0.0863905325443787,0.130769230769231,0.224260355029586,0.830769230769231,0.954437869822485,0.614792899408284,0.23491124260355,0.13905325443787,1
0.389940828402367,0.699408284023669,0.471597633136095,0.26094674556213,0.374556213017751,0.883431952662722,0.546745562130178,0.518934911242604,0.554437869822485,0.757988165680473,0.403550295857988,0.524852071005917,0.633136094674556,0.765680473372781,0.77810650887574,0.496449704142012,0.192899408284024,0.29585798816568,3
0.475739644970414,0.259763313609467,0.543195266272189,0.462130177514793,0.611834319526627,0.631360946745562,0.242603550295858,0.68284023668639,0.344378698224852,0.307692307692308,0.209467455621302,0.253254437869822,0.133136094674556,0.0881656804733728,0.729585798816568,0.0171597633136095,0.930177514792899,0.926627218934911,3
0.389940828402367,0.0556213017751479,0.0390532544378698,0.142603550295858,0.259763313609467,0.16508875739645,0.0319526627218935,0.972189349112426,0.0248520710059172,0.0603550295857988,0.0171597633136095,0.0319526627218935,0.0988165680473373,0.281065088757396,0.998224852071006,0.863905325443787,0.597041420118343,0.408284023668639,1
0.137278106508876,0.547337278106509,0.289940828402367,0.330769230769231,0.611834319526627,0.50887573964497,0.210059171597633,0.76094674556213,0.344378698224852,0.536094674556213,0.358579881656805,0.209467455621302,0.582840236686391,0.544378698224852,0.223668639053254,0.142603550295858,0.392307692307692,0.463905325443787,3
0.389940828402367,0.610059171597633,0.506508875739645,0.268047337278107,0.550887573964497,0.883431952662722,0.533727810650888,0.518934911242604,0.554437869822485,0.689349112426035,0.29112426035503,0.509467455621302,0.656213017751479,0.674556213017751,0.968047337278107,0.322485207100592,0.27396449704142,0.32603550295858,3
0.329585798816568,0.354437869822485,0.254437869822485,0.310059171597633,0.550887573964497,0.342603550295858,0.258579881656805,0.68284023668639,0.344378698224852,0.382248520710059,0.469230769230769,0.279881656804734,0.284615384615385,0.765680473372781,0.223668639053254,0.274556213017751,0.325443786982249,0.223076923076923,2
0.137278106508876,0.305325443786982,0.149704142011834,0.37810650887574,0.742603550295858,0.988757396449704,0.305325443786982,0.68284023668639,0.344378698224852,0.288757396449704,0.403550295857988,0.32603550295858,0.297633136094675,0.728402366863905,0.53491124260355,0.68284023668639,0.23491124260355,0.266863905325444,2
0.670414201183432,0.547337278106509,0.655029585798817,0.555621301775148,0.82603550295858,0.753254437869822,0.50414201183432,0.518934911242604,0.554437869822485,0.706508875739645,0.403550295857988,0.50414201183432,0.315384615384615,0.22603550295858,0.674556213017751,0.540236686390533,0.698224852071006,0.7,3
0.759171597633136,0.699408284023669,0.716568047337278,0.881656804733728,0.863313609467456,0.342603550295858,0.753254437869822,0.201775147928994,0.766272189349112,0.608284023668639,0.742603550295858,0.765680473372781,0.766863905325444,0.615976331360947,0.610650887573964,0.496449704142012,0.698224852071006,0.363313609467456,2
0.759171597633136,0.610059171597633,0.884023668639053,0.642603550295858,0.439644970414201,0.631360946745562,0.742011834319527,0.273372781065089,0.766272189349112,0.536094674556213,0.811834319526627,0.740236686390533,0.749112426035503,0.615976331360947,0.888165680473373,0.574556213017752,0.536686390532544,0.524260355029586,1
0.192307692307692,0.0556213017751479,0.443786982248521,0.481065088757396,0.439644970414201,0.342603550295858,0.343195266272189,0.68284023668639,0.344378698224852,0.0810650887573964,0.428402366863905,0.33491124260355,0.093491124260355,0.171005917159763,0.0449704142011834,0.971005917159763,0.85207100591716,0.835502958579882,1
0.670414201183432,0.354437869822485,0.815384615384615,0.662130177514793,0.374556213017751,0.631360946745562,0.694674556213018,0.326627218934911,0.707100591715976,0.268639053254438,0.697041420118343,0.680473372781065,0.422485207100592,0.22603550295858,0.610650887573964,1,0.782840236686391,0.926627218934911,1
0.705917159763314,0.210059171597633,0.194082840236686,0.0633136094674556,0.00828402366863905,0.342603550295858,0.123668639053254,0.898816568047337,0.126627218934911,0.351479289940828,0.195266272189349,0.114201183431953,0.111242603550296,0.728402366863905,0.369822485207101,0.057396449704142,0.325443786982249,0.163905325443787,3
0.811834319526627,0.897041420118343,0.785207100591716,0.462130177514793,0.0615384615384615,0.753254437869822,0.844378698224852,0.132544378698225,0.850295857988166,0.951479289940828,0.77396449704142,0.839644970414201,0.777514792899408,0.765680473372781,0.855029585798817,0.918343195266272,0.392307692307692,0.408284023668639,0
0.329585798816568,0.659763313609467,0.563313609467456,0.998816568047337,0.998816568047337,0.994082840236686,0.52189349112426,0.518934911242604,0.554437869822485,0.816568047337278,0.912426035502959,0.5,0.537278106508876,0.994082840236686,0.0449704142011834,0.614792899408284,0.23491124260355,0.363313609467456,3
0.192307692307692,0.699408284023669,0.387573964497041,0.192307692307692,0.311242603550296,0.753254437869822,0.56094674556213,0.518934911242604,0.554437869822485,0.816568047337278,0.328402366863905,0.528994082840237,0.633136094674556,0.728402366863905,0.294674556213018,0.057396449704142,0.192899408284024,0.29585798816568,3
0.237278106508876,0.354437869822485,0.10414201183432,0.330769230769231,0.679289940828402,0.753254437869822,0.111834319526627,0.873372781065089,0.126627218934911,0.351479289940828,0.123076923076923,0.122485207100592,0.341420118343195,0.22603550295858,0.610650887573964,0.057396449704142,0.746745562130178,0.749704142011834,3
0.27396449704142,0.104733727810651,0.0875739644970414,0.142603550295858,0.311242603550296,0.0568047337278106,0.0497041420118343,0.950887573964497,0.126627218934911,0.114792899408284,0.0366863905325444,0.0520710059171598,0.214792899408284,0.674556213017751,0.914201183431953,0.781656804733728,0.23491124260355,0.204733727810651,1
0.437869822485207,0.354437869822485,0.506508875739645,0.449704142011834,0.78698224852071,0.50887573964497,0.277514792899408,0.597041420118343,0.344378698224852,0.467455621301775,0.358579881656805,0.33491124260355,0.230177514792899,0.388757396449704,0.294674556213018,0.231360946745562,0.536686390532544,0.647337278106509,3
0.389940828402367,0.104733727810651,0.506508875739645,0.536686390532544,0.311242603550296,0.631360946745562,0.50414201183432,0.467455621301775,0.554437869822485,0.157396449704142,0.378698224852071,0.537869822485207,0.00769230769230769,0.00177514792899408,0.294674556213018,0.73491124260355,0.969230769230769,0.979289940828402,1
0.0366863905325444,0.354437869822485,0.0875739644970414,0.0970414201183432,0.144378698224852,0.50887573964497,0.305325443786982,0.76094674556213,0.344378698224852,0.467455621301775,0.225443786982249,0.258579881656805,0.47396449704142,0.962721893491124,0.610650887573964,0.322485207100592,0.0319526627218935,0.0165680473372781,2
0.906508875739645,0.734319526627219,0.949112426035503,0.737278106508876,0.259763313609467,0.883431952662722,0.856213017751479,0.132544378698225,0.850295857988166,0.774556213017751,0.840828402366864,0.843195266272189,0.47396449704142,0.22603550295858,0.0449704142011834,0.997633136094675,0.698224852071006,0.926627218934911,0
0.0218934911242604,0.418343195266272,0.194082840236686,0.0532544378698225,0.1,0.50887573964497,0.343195266272189,0.68284023668639,0.344378698224852,0.467455621301775,0.358579881656805,0.319526627218935,0.537278106508876,0.941420118343195,0.369822485207101,0.367455621301775,0.0319526627218935,0.0550295857988166,2
0.601183431952663,0.547337278106509,0.506508875739645,0.662130177514793,0.550887573964497,0.342603550295858,0.588757396449704,0.41301775147929,0.554437869822485,0.467455621301775,0.582248520710059,0.587573964497041,0.571005917159763,0.128994082840237,0.818343195266272,0.73491124260355,0.930177514792899,0.868639053254438,0
0.832544378698225,0.897041420118343,0.949112426035503,0.930769230769231,0.679289940828402,0.96508875739645,0.948520710059172,0.0597633136094675,0.937869822485207,0.962130177514793,0.798816568047337,0.949704142011834,0.757988165680473,0.22603550295858,0.0449704142011834,0.73491124260355,0.536686390532544,0.7,0
0.759171597633136,0.610059171597633,0.609467455621302,0.471005917159763,0.679289940828402,0.883431952662722,0.581656804733728,0.467455621301775,0.554437869822485,0.816568047337278,0.469230769230769,0.56094674556213,0.437869822485207,0.459763313609467,0.97810650887574,0.0171597633136095,0.536686390532544,0.463905325443787,3
0.437869822485207,0.259763313609467,0.415384615384615,0.536686390532544,0.82603550295858,0.342603550295858,0.305325443786982,0.597041420118343,0.344378698224852,0.220710059171598,0.29112426035503,0.343195266272189,0.201183431952663,0.281065088757396,0.369822485207101,0.71301775147929,0.698224852071006,0.7,2
0.389940828402367,0.418343195266272,0.315976331360947,0.546745562130178,0.374556213017751,0.50887573964497,0.449112426035503,0.467455621301775,0.344378698224852,0.423668639053254,0.428402366863905,0.482840236686391,0.328994082840237,0.00946745562130178,0.936094674556213,0.410059171597633,0.992899408284024,0.979289940828402,1
0.517159763313609,0.0556213017751479,0.10414201183432,0.481065088757396,0.898816568047337,0.50887573964497,0.145562130177515,0.849112426035503,0.126627218934911,0.237278106508876,0.160355029585799,0.153846153846154,0.0668639053254438,0.22603550295858,0.223668639053254,0.944970414201183,0.746745562130178,0.868639053254438,3
0.859171597633136,0.760355029585799,0.730177514792899,0.896449704142012,0.742603550295858,0.753254437869822,0.700591715976331,0.300591715976331,0.707100591715976,0.689349112426035,0.688165680473373,0.701183431952663,0.730769230769231,0.128994082840237,0.294674556213018,0.322485207100592,0.817751479289941,0.926627218934911,1
0.564497041420118,0.483431952662722,0.584023668639053,0.926627218934911,0.978698224852071,0.16508875739645,0.681656804733728,0.300591715976331,0.707100591715976,0.467455621301775,0.697041420118343,0.696449704142012,0.291715976331361,0.615976331360947,0.369822485207101,0.840828402366864,0.85207100591716,0.524260355029586,2
0.517159763313609,0.0218934911242604,0.315976331360947,0.546745562130178,0.550887573964497,0.342603550295858,0.305325443786982,0.597041420118343,0.344378698224852,0.0195266272189349,0.29112426035503,0.360355029585799,0.0526627218934911,0.0266272189349112,0.453254437869823,0.956804733727811,0.992899408284024,0.99112426035503,0
0.906508875739645,0.734319526627219,0.934319526627219,0.896449704142012,0.679289940828402,0.631360946745562,0.807692307692308,0.201775147928994,0.850295857988166,0.724260355029586,0.840828402366864,0.808284023668639,0.618343195266272,0.281065088757396,0.138461538461538,0.882840236686391,0.597041420118343,0.797633136094675,1
0.329585798816568,0.259763313609467,0.490532544378698,0.367455621301775,0.679289940828402,0.631360946745562,0.219526627218935,0.76094674556213,0.344378698224852,0.288757396449704,0.263313609467456,0.221301775147929,0.247337278106509,0.459763313609467,0.674556213017751,0.322485207100592,0.464497041420118,0.524260355029586,3
0.977514792899408,0.968047337278107,0.855029585798817,0.956213017751479,0.679289940828402,0.0568047337278106,0.986390532544379,0.00532544378698225,0.985798816568047,0.9,0.991715976331361,0.988757396449704,0.967455621301775,0.941420118343195,0.369822485207101,0.274556213017751,0.23491124260355,0.0550295857988166,2
0.137278106508876,0.0556213017751479,0.471597633136095,0.318934911242604,0.144378698224852,0.342603550295858,0.258579881656805,0.68284023668639,0.344378698224852,0.0810650887573964,0.263313609467456,0.264497041420118,0.111242603550296,0.0881656804733728,0.77810650887574,0.882840236686391,0.881065088757396,0.835502958579882,0
0.517159763313609,0.354437869822485,0.254437869822485,0.153254437869822,0.2,0.342603550295858,0.0597633136094675,0.93905325443787,0.126627218934911,0.467455621301775,0.117159763313609,0.0609467455621302,0.275739644970414,0.674556213017751,0.453254437869823,0.185798816568047,0.536686390532544,0.241420118343195,3
0.237278106508876,0.210059171597633,0.363905325443787,0.350887573964497,0.311242603550296,0.16508875739645,0.381065088757396,0.597041420118343,0.344378698224852,0.237278106508876,0.428402366863905,0.376923076923077,0.168047337278107,0.388757396449704,0.138461538461538,0.977514792899408,0.392307692307692,0.463905325443787,1
0.437869822485207,0.547337278106509,0.387573964497041,0.367455621301775,0.259763313609467,0.16508875739645,0.343195266272189,0.597041420118343,0.344378698224852,0.504733727810651,0.328402366863905,0.366863905325444,0.59112426035503,0.171005917159763,0.954437869822485,0.101775147928994,0.746745562130178,0.585798816568047,0
0.0556213017751479,0.157396449704142,0.0224852071005917,0.0970414201183432,0.374556213017751,0.0568047337278106,0.111834319526627,0.898816568047337,0.126627218934911,0.0810650887573964,0.0923076923076923,0.105325443786982,0.224260355029586,0.976331360946746,0.0449704142011834,0.0171597633136095,0.00591715976331361,0.0550295857988166,0
0.928994082840237,0.820710059171598,0.815384615384615,0.930769230769231,0.679289940828402,0.883431952662722,0.771597633136095,0.244378698224852,0.766272189349112,0.832544378698225,0.77396449704142,0.769230769230769,0.715384615384615,0.128994082840237,0.968047337278107,0.101775147928994,0.881065088757396,0.926627218934911,0
0.705917159763314,0.210059171597633,0.525443786982248,0.706508875739645,0.679289940828402,0.631360946745562,0.597041420118343,0.41301775147929,0.554437869822485,0.268639053254438,0.557988165680473,0.595266272189349,0.093491124260355,0.0266272189349112,0.674556213017751,0.756804733727811,0.881065088757396,0.898816568047337,1
0.137278106508876,0.259763313609467,0.315976331360947,0.225443786982249,0.374556213017751,0.0568047337278106,0.0994082840236686,0.873372781065089,0.126627218934911,0.220710059171598,0.141420118343195,0.110059171597633,0.255621301775148,0.281065088757396,0.294674556213018,0.410059171597633,0.646153846153846,0.408284023668639,1
0.705917159763314,0.897041420118343,0.884023668639053,0.662130177514793,0.374556213017751,0.753254437869822,0.844378698224852,0.201775147928994,0.850295857988166,0.937869822485207,0.826627218934911,0.830177514792899,0.885207100591716,0.615976331360947,0.138461538461538,0.90887573964497,0.325443786982249,0.408284023668639,0
0.832544378698225,0.897041420118343,0.689940828402367,0.601183431952663,0.259763313609467,0.883431952662722,0.924260355029586,0.132544378698225,0.937869822485207,0.911834319526627,0.78698224852071,0.910059171597633,0.749112426035503,0.544378698224852,0.138461538461538,0.971005917159763,0.325443786982249,0.585798816568047,0
0.475739644970414,0.0556213017751479,0.471597633136095,0.481065088757396,0.259763313609467,0.50887573964497,0.430769230769231,0.518934911242604,0.344378698224852,0.0810650887573964,0.29112426035503,0.433727810650888,0.0455621301775148,0.00177514792899408,0.369822485207101,0.756804733727811,0.992899408284024,0.998224852071006,1
0.977514792899408,0.78698224852071,0.884023668639053,0.706508875739645,0.259763313609467,0.96508875739645,0.844378698224852,0.132544378698225,0.850295857988166,0.795266272189349,0.869230769230769,0.848520710059172,0.703550295857988,0.281065088757396,0.97810650887574,0.101775147928994,0.646153846153846,0.647337278106509,1
0.0556213017751479,0.547337278106509,0.194082840236686,0.225443786982249,0.679289940828402,0.16508875739645,0.258579881656805,0.76094674556213,0.344378698224852,0.382248520710059,0.29112426035503,0.258579881656805,0.618343195266272,0.84792899408284,0.0449704142011834,0.057396449704142,0.117751479289941,0.101183431952663,2
0.705917159763314,0.157396449704142,0.254437869822485,0.0970414201183432,0.0372781065088757,0.50887573964497,0.0816568047337278,0.93905325443787,0.126627218934911,0.288757396449704,0.123076923076923,0.0674556213017752,0.0988165680473373,0.674556213017751,0.0449704142011834,0.574556213017752,0.325443786982249,0.13905325443787,3
0.948520710059172,0.78698224852071,0.855029585798817,0.769822485207101,0.439644970414201,0.883431952662722,0.824852071005917,0.132544378698225,0.850295857988166,0.757988165680473,0.811834319526627,0.823668639053254,0.675739644970414,0.22603550295858,0.610650887573964,0.142603550295858,0.597041420118343,0.7,0
0.906508875739645,0.897041420118343,0.855029585798817,0.435502958579882,0.000591715976331361,0.0159763313609467,0.984023668639053,0.0153846153846154,0.985798816568047,0.857988165680473,0.978698224852071,0.984615384615385,0.975147928994083,0.941420118343195,0.369822485207101,0.496449704142012,0.117751479289941,0.0550295857988166,2
0.564497041420118,0.547337278106509,0.525443786982248,0.490532544378698,0.82603550295858,0.631360946745562,0.230177514792899,0.76094674556213,0.344378698224852,0.536094674556213,0.195266272189349,0.229585798816568,0.582840236686391,0.171005917159763,0.818343195266272,0.614792899408284,0.782840236686391,0.797633136094675,3
0.63491124260355,0.734319526627219,0.756213017751479,0.672781065088757,0.374556213017751,0.16508875739645,0.844378698224852,0.132544378698225,0.850295857988166,0.635502958579882,0.896449704142012,0.859763313609467,0.826627218934911,0.792307692307692,0.674556213017751,0.930177514792899,0.464497041420118,0.223076923076923,2
0.517159763313609,0.699408284023669,0.584023668639053,0.330769230769231,0.611834319526627,0.883431952662722,0.484023668639053,0.597041420118343,0.554437869822485,0.845562130177515,0.358579881656805,0.459171597633136,0.686390532544379,0.615976331360947,0.674556213017751,0.650887573964497,0.27396449704142,0.408284023668639,3
0.27396449704142,0.259763313609467,0.471597633136095,0.662130177514793,0.969230769230769,0.16508875739645,0.52189349112426,0.437869822485207,0.554437869822485,0.197041420118343,0.568639053254438,0.550295857988166,0.238461538461538,0.615976331360947,0.138461538461538,0.496449704142012,0.746745562130178,0.524260355029586,2
0.0988165680473373,0.210059171597633,0.681065088757396,0.609467455621302,0.439644970414201,0.342603550295858,0.654437869822485,0.348520710059172,0.650887573964497,0.135502958579882,0.702958579881657,0.648520710059172,0.214792899408284,0.459763313609467,0.369822485207101,0.993491124260355,0.597041420118343,0.585798816568047,0
0.329585798816568,0.483431952662722,0.315976331360947,0.424260355029586,0.78698224852071,0.342603550295858,0.219526627218935,0.76094674556213,0.344378698224852,0.536094674556213,0.225443786982249,0.22603550295858,0.431360946745562,0.331360946745562,0.818343195266272,0.057396449704142,0.646153846153846,0.585798816568047,2
0.517159763313609,0.104733727810651,0.342603550295858,0.562721893491124,0.863313609467456,0.342603550295858,0.381065088757396,0.518934911242604,0.344378698224852,0.135502958579882,0.450295857988166,0.424852071005917,0.117159763313609,0.281065088757396,0.138461538461538,0.840828402366864,0.85207100591716,0.898816568047337,2
0.329585798816568,0.483431952662722,0.254437869822485,0.204733727810651,0.311242603550296,0.16508875739645,0.145562130177515,0.849112426035503,0.126627218934911,0.504733727810651,0.263313609467456,0.142011834319527,0.409467455621302,0.814201183431953,0.77810650887574,0.142603550295858,0.325443786982249,0.184615384615385,3
0.811834319526627,0.897041420118343,0.934319526627219,0.946153846153846,0.863313609467456,0.883431952662722,0.797633136094675,0.201775147928994,0.850295857988166,0.832544378698225,0.896449704142012,0.8,0.965680473372781,0.459763313609467,0.0449704142011834,0.90887573964497,0.536686390532544,0.7,1
0.00650887573964497,0.0556213017751479,0.0615384615384615,0.0307692307692308,0.2,0.16508875739645,0.0449704142011834,0.962721893491124,0.0248520710059172,0.0195266272189349,0.0366863905325444,0.0384615384615385,0.0284023668639053,0.814201183431953,0.294674556213018,0.68284023668639,0.0112426035502959,0.13905325443787,0
0.437869822485207,0.354437869822485,0.149704142011834,0.513609467455621,0.78698224852071,0.342603550295858,0.230177514792899,0.597041420118343,0.344378698224852,0.307692307692308,0.29112426035503,0.293491124260355,0.341420118343195,0.22603550295858,0.369822485207101,0.0171597633136095,0.969230769230769,0.947337278106509,2
0.0988165680473373,0.0218934911242604,0.0224852071005917,0.0710059171597633,0.259763313609467,0.0159763313609467,0.0100591715976331,0.997041420118343,0.0248520710059172,0.0130177514792899,0.00769230769230769,0.00769230769230769,0.0775147928994083,0.765680473372781,0.77810650887574,0.918343195266272,0.192899408284024,0.241420118343195,1
0.832544378698225,0.610059171597633,0.934319526627219,0.881656804733728,0.78698224852071,0.753254437869822,0.775739644970414,0.244378698224852,0.766272189349112,0.589349112426035,0.753846153846154,0.771597633136095,0.826627218934911,0.388757396449704,0.729585798816568,0.451479289940828,0.646153846153846,0.647337278106509,1
0.759171597633136,0.305325443786982,0.387573964497041,0.848520710059172,0.944378698224852,0.0568047337278106,0.646153846153846,0.326627218934911,0.650887573964497,0.268639053254438,0.67396449704142,0.659171597633136,0.265680473372781,0.544378698224852,0.610650887573964,0.756804733727811,0.881065088757396,0.524260355029586,2
0.437869822485207,0.354437869822485,0.525443786982248,0.725443786982249,0.898816568047337,0.0568047337278106,0.615976331360947,0.369822485207101,0.554437869822485,0.25207100591716,0.557988165680473,0.621301775147929,0.304733727810651,0.281065088757396,0.294674556213018,0.863905325443787,0.907100591715976,0.868639053254438,2
0.705917159763314,0.547337278106509,0.415384615384615,0.490532544378698,0.439644970414201,0.342603550295858,0.50414201183432,0.467455621301775,0.554437869822485,0.565680473372781,0.557988165680473,0.528994082840237,0.656213017751479,0.331360946745562,0.888165680473373,0.451479289940828,0.597041420118343,0.463905325443787,0
0.788165680473373,0.78698224852071,0.911834319526627,0.90414201183432,0.863313609467456,0.753254437869822,0.815384615384615,0.201775147928994,0.850295857988166,0.795266272189349,0.811834319526627,0.815976331360947,0.942603550295858,0.615976331360947,0.453254437869823,0.863905325443787,0.325443786982249,0.408284023668639,0
0.389940828402367,0.0556213017751479,0.471597633136095,0.601183431952663,0.679289940828402,0.50887573964497,0.50414201183432,0.467455621301775,0.344378698224852,0.0443786982248521,0.543786982248521,0.515976331360947,0.182840236686391,0.171005917159763,0.138461538461538,0.781656804733728,0.698224852071006,0.585798816568047,0
0.670414201183432,0.699408284023669,0.711834319526627,0.782248520710059,0.611834319526627,0.631360946745562,0.671597633136095,0.326627218934911,0.650887573964497,0.671597633136095,0.650887573964497,0.672781065088757,0.69585798816568,0.0881656804733728,0.988165680473373,0.496449704142012,0.930177514792899,0.835502958579882,0
0.237278106508876,0.259763313609467,0.525443786982248,0.449704142011834,0.863313609467456,0.753254437869822,0.242603550295858,0.76094674556213,0.344378698224852,0.288757396449704,0.243786982248521,0.242011834319527,0.315384615384615,0.388757396449704,0.0449704142011834,0.574556213017752,0.536686390532544,0.647337278106509,3
0.517159763313609,0.418343195266272,0.415384615384615,0.318934911242604,0.259763313609467,0.342603550295858,0.305325443786982,0.597041420118343,0.344378698224852,0.382248520710059,0.378698224852071,0.366863905325444,0.537278106508876,0.331360946745562,0.914201183431953,0.0171597633136095,0.536686390532544,0.363313609467456,1
0.928994082840237,0.939644970414201,0.756213017751479,0.79112426035503,0.374556213017751,0.342603550295858,0.979881656804734,0.0153846153846154,0.977514792899408,0.886390532544379,0.972781065088757,0.981065088757396,0.980473372781065,0.84792899408284,0.294674556213018,0.057396449704142,0.325443786982249,0.101183431952663,2
0.475739644970414,0.104733727810651,0.631360946745562,0.498224852071006,0.439644970414201,0.342603550295858,0.52189349112426,0.467455621301775,0.554437869822485,0.135502958579882,0.53491124260355,0.537869822485207,0.201183431952663,0.281065088757396,0.729585798816568,0.811834319526627,0.597041420118343,0.463905325443787,1
0.192307692307692,0.418343195266272,0.149704142011834,0.142603550295858,0.2,0.342603550295858,0.409467455621302,0.597041420118343,0.344378698224852,0.351479289940828,0.482840236686391,0.391715976331361,0.492307692307692,0.869822485207101,0.53491124260355,0.614792899408284,0.117751479289941,0.13905325443787,2
0.928994082840237,0.968047337278107,0.884023668639053,0.982840236686391,0.944378698224852,0.883431952662722,0.911834319526627,0.132544378698225,0.937869822485207,0.937869822485207,0.869230769230769,0.902958579881657,0.885207100591716,0.459763313609467,0.984023668639053,0.496449704142012,0.536686390532544,0.463905325443787,1
0.0556213017751479,0.483431952662722,0.315976331360947,0.330769230769231,0.679289940828402,0.342603550295858,0.449112426035503,0.597041420118343,0.344378698224852,0.423668639053254,0.53491124260355,0.439644970414201,0.556213017751479,0.84792899408284,0.0449704142011834,0.68284023668639,0.192899408284024,0.184615384615385,2
0.0366863905325444,0.610059171597633,0.289940828402367,0.142603550295858,0.2,0.342603550295858,0.430769230769231,0.597041420118343,0.344378698224852,0.589349112426035,0.378698224852071,0.405917159763314,0.710059171597633,0.869822485207101,0.294674556213018,0.614792899408284,0.0733727810650888,0.163905325443787,2
0.0556213017751479,0.483431952662722,0.315976331360947,0.192307692307692,0.491715976331361,0.342603550295858,0.258579881656805,0.76094674556213,0.344378698224852,0.382248520710059,0.403550295857988,0.242011834319527,0.608284023668639,0.869822485207101,0.53491124260355,0.71301775147929,0.117751479289941,0.13905325443787,2
0.517159763313609,0.659763313609467,0.609467455621302,0.462130177514793,0.78698224852071,0.883431952662722,0.484023668639053,0.597041420118343,0.554437869822485,0.724260355029586,0.378698224852071,0.465680473372781,0.571005917159763,0.674556213017751,0.610650887573964,0.650887573964497,0.192899408284024,0.408284023668639,3
0.389940828402367,0.0556213017751479,0.363905325443787,0.536686390532544,0.439644970414201,0.50887573964497,0.50414201183432,0.467455621301775,0.344378698224852,0.0810650887573964,0.482840236686391,0.515976331360947,0.0372781065088757,0.00946745562130178,0.53491124260355,0.811834319526627,0.881065088757396,0.868639053254438,1
0.984023668639053,0.897041420118343,0.855029585798817,0.536686390532544,0.0130177514792899,0.883431952662722,0.936686390532544,0.0597633136094675,0.937869822485207,0.937869822485207,0.883431952662722,0.94792899408284,0.777514792899408,0.331360946745562,0.936094674556213,0.274556213017751,0.597041420118343,0.585798816568047,0
0.832544378698225,0.939644970414201,0.785207100591716,0.737278106508876,0.550887573964497,0.883431952662722,0.833136094674556,0.132544378698225,0.850295857988166,0.971005917159763,0.753846153846154,0.832544378698225,0.908284023668639,0.615976331360947,0.77810650887574,0.614792899408284,0.392307692307692,0.363313609467456,0
0.329585798816568,0.259763313609467,0.0467455621301775,0.204733727810651,0.311242603550296,0.342603550295858,0.0372781065088757,0.950887573964497,0.0248520710059172,0.307692307692308,0.0579881656804734,0.0455621301775148,0.255621301775148,0.0514792899408284,0.610650887573964,0.185798816568047,0.930177514792899,0.926627218934911,3
0.237278106508876,0.659763313609467,0.525443786982248,0.318934911242604,0.550887573964497,0.631360946745562,0.258579881656805,0.68284023668639,0.344378698224852,0.635502958579882,0.358579881656805,0.293491124260355,0.59585798816568,0.544378698224852,0.0449704142011834,0.274556213017751,0.464497041420118,0.585798816568047,3
0.475739644970414,0.610059171597633,0.490532544378698,0.576331360946746,0.679289940828402,0.50887573964497,0.573372781065089,0.437869822485207,0.554437869822485,0.589349112426035,0.54792899408284,0.577514792899408,0.571005917159763,0.22603550295858,0.223668639053254,0.451479289940828,0.646153846153846,0.585798816568047,0
0.137278106508876,0.354437869822485,0.10414201183432,0.0633136094674556,0.144378698224852,0.342603550295858,0.305325443786982,0.76094674556213,0.344378698224852,0.504733727810651,0.243786982248521,0.279881656804734,0.47396449704142,0.941420118343195,0.138461538461538,0.274556213017751,0.0319526627218935,0.0165680473372781,2
0.192307692307692,0.610059171597633,0.254437869822485,0.318934911242604,0.742603550295858,0.50887573964497,0.305325443786982,0.68284023668639,0.344378698224852,0.504733727810651,0.328402366863905,0.33491124260355,0.633136094674556,0.792307692307692,0.53491124260355,0.274556213017751,0.192899408284024,0.204733727810651,2
0.788165680473373,0.968047337278107,0.785207100591716,0.503550295857988,0.144378698224852,0.883431952662722,0.856213017751479,0.132544378698225,0.850295857988166,0.971005917159763,0.77396449704142,0.862130177514793,0.942603550295858,0.674556213017751,0.223668639053254,0.142603550295858,0.27396449704142,0.29585798816568,0
0.564497041420118,0.210059171597633,0.671005917159763,0.737278106508876,0.550887573964497,0.631360946745562,0.629585798816568,0.369822485207101,0.650887573964497,0.220710059171598,0.608284023668639,0.62603550295858,0.0284023668639053,0.0514792899408284,0.369822485207101,0.863905325443787,0.969230769230769,0.979289940828402,0
0.192307692307692,0.104733727810651,0.220710059171598,0.330769230769231,0.611834319526627,0.50887573964497,0.163313609467456,0.82603550295858,0.126627218934911,0.197041420118343,0.181065088757396,0.168639053254438,0.0455621301775148,0.459763313609467,0.138461538461538,0.274556213017751,0.536686390532544,0.408284023668639,3
0.389940828402367,0.305325443786982,0.289940828402367,0.513609467455621,0.863313609467456,0.342603550295858,0.343195266272189,0.597041420118343,0.344378698224852,0.268639053254438,0.450295857988166,0.372189349112426,0.315384615384615,0.459763313609467,0.294674556213018,0.73491124260355,0.698224852071006,0.524260355029586,2
0.859171597633136,0.734319526627219,0.671005917159763,0.503550295857988,0.1,0.0159763313609467,0.833136094674556,0.132544378698225,0.850295857988166,0.649704142011834,0.959763313609467,0.86508875739645,0.749112426035503,0.814201183431953,0.138461538461538,0.863905325443787,0.597041420118343,0.223076923076923,2
0.329585798816568,0.0556213017751479,0.315976331360947,0.250887573964497,0.2,0.342603550295858,0.163313609467456,0.82603550295858,0.126627218934911,0.0443786982248521,0.181065088757396,0.172781065088757,0.0887573964497041,0.544378698224852,0.138461538461538,0.057396449704142,0.392307692307692,0.29585798816568,0
0.389940828402367,0.210059171597633,0.631360946745562,0.513609467455621,0.550887573964497,0.342603550295858,0.573372781065089,0.437869822485207,0.554437869822485,0.135502958579882,0.616568047337278,0.563313609467456,0.230177514792899,0.674556213017751,0.138461538461538,0.840828402366864,0.27396449704142,0.266863905325444,0
0.0988165680473373,0.483431952662722,0.443786982248521,0.330769230769231,0.374556213017751,0.0568047337278106,0.409467455621302,0.597041420118343,0.344378698224852,0.382248520710059,0.450295857988166,0.41301775147929,0.556213017751479,0.792307692307692,0.674556213017751,0.101775147928994,0.192899408284024,0.184615384615385,1
0.859171597633136,0.985207100591716,0.855029585798817,0.926627218934911,0.898816568047337,0.883431952662722,0.911834319526627,0.0597633136094675,0.937869822485207,0.977514792899408,0.896449704142012,0.912426035502959,0.908284023668639,0.615976331360947,0.369822485207101,0.142603550295858,0.325443786982249,0.463905325443787,0
0.0769230769230769,0.483431952662722,0.194082840236686,0.276331360946746,0.491715976331361,0.50887573964497,0.258579881656805,0.68284023668639,0.344378698224852,0.382248520710059,0.328402366863905,0.293491124260355,0.59112426035503,0.674556213017751,0.138461538461538,0.057396449704142,0.27396449704142,0.266863905325444,2
0.137278106508876,0.210059171597633,0.0390532544378698,0.109467455621302,0.2,0.16508875739645,0.0029585798816568,0.992307692307692,0.0248520710059172,0.220710059171598,0.00355029585798817,0.00591715976331361,0.214792899408284,0.0881656804733728,0.968047337278107,0.322485207100592,0.881065088757396,0.797633136094675,3
0.733727810650888,0.939644970414201,0.815384615384615,0.856804733727811,0.550887573964497,0.984615384615385,0.948520710059172,0.0597633136094675,0.937869822485207,0.994674556213018,0.853254437869822,0.942603550295858,0.843786982248521,0.459763313609467,0.223668639053254,0.142603550295858,0.325443786982249,0.463905325443787,0
0.27396449704142,0.483431952662722,0.609467455621302,0.225443786982249,0.2,0.883431952662722,0.50414201183432,0.518934911242604,0.554437869822485,0.671597633136095,0.469230769230769,0.49585798816568,0.523076923076923,0.765680473372781,0.453254437869823,0.68284023668639,0.23491124260355,0.408284023668639,3
0.759171597633136,0.760355029585799,0.525443786982248,0.769822485207101,0.82603550295858,0.16508875739645,0.694674556213018,0.273372781065089,0.707100591715976,0.724260355029586,0.681065088757396,0.70414201183432,0.749112426035503,0.674556213017751,0.53491124260355,0.057396449704142,0.881065088757396,0.585798816568047,2
0.0366863905325444,0.483431952662722,0.315976331360947,0.225443786982249,0.439644970414201,0.16508875739645,0.430769230769231,0.597041420118343,0.344378698224852,0.504733727810651,0.52189349112426,0.424852071005917,0.571005917159763,0.869822485207101,0.138461538461538,0.650887573964497,0.154437869822485,0.163905325443787,2
0.192307692307692,0.305325443786982,0.149704142011834,0.169230769230769,0.2,0.16508875739645,0.145562130177515,0.849112426035503,0.126627218934911,0.237278106508876,0.110650887573964,0.143786982248521,0.373372781065089,0.674556213017751,0.453254437869823,0.614792899408284,0.192899408284024,0.223076923076923,1
0.517159763313609,0.305325443786982,0.490532544378698,0.41301775147929,0.611834319526627,0.50887573964497,0.219526627218935,0.76094674556213,0.344378698224852,0.608284023668639,0.209467455621302,0.216568047337278,0.111242603550296,0.22603550295858,0.369822485207101,0.410059171597633,0.817751479289941,0.835502958579882,3
0.928994082840237,0.897041420118343,0.756213017751479,0.889940828402367,0.78698224852071,0.883431952662722,0.899408284023669,0.132544378698225,0.850295857988166,0.9,0.798816568047337,0.900591715976331,0.875147928994083,0.459763313609467,0.914201183431953,0.0171597633136095,0.464497041420118,0.524260355029586,1
0.564497041420118,0.0218934911242604,0.149704142011834,0.300591715976331,0.550887573964497,0.631360946745562,0.0905325443786982,0.873372781065089,0.126627218934911,0.0603550295857988,0.141420118343195,0.101183431952663,0.00769230769230769,0.171005917159763,0.674556213017751,0.322485207100592,0.85207100591716,0.749704142011834,3
0.885207100591716,0.897041420118343,0.934319526627219,0.92189349112426,0.863313609467456,0.753254437869822,0.807692307692308,0.201775147928994,0.850295857988166,0.857988165680473,0.753846153846154,0.802366863905325,0.897041420118343,0.331360946745562,0.914201183431953,0.863905325443787,0.536686390532544,0.647337278106509,1
0.192307692307692,0.305325443786982,0.10414201183432,0.310059171597633,0.491715976331361,0.0568047337278106,0.343195266272189,0.68284023668639,0.344378698224852,0.268639053254438,0.209467455621302,0.35207100591716,0.492307692307692,0.84792899408284,0.453254437869823,0.367455621301775,0.154437869822485,0.13905325443787,1
0.137278106508876,0.0218934911242604,0.00355029585798817,0.00473372781065089,0.144378698224852,0.0029585798816568,0.0136094674556213,0.982840236686391,0.0248520710059172,0.00946745562130178,0.0124260355029586,0.0124260355029586,0.156213017751479,0.989349112426036,0.453254437869823,0.410059171597633,0.0733727810650888,0.101183431952663,3
0.137278106508876,0.000591715976331361,0,0.0242603550295858,0.259763313609467,0.0029585798816568,0,1,0.0248520710059172,0.0029585798816568,0,0,0.0668639053254438,0.962721893491124,0.855029585798817,0.811834319526627,0.117751479289941,0.0550295857988166,1
0.0366863905325444,0.483431952662722,0.194082840236686,0.0532544378698225,0.0615384615384615,0.16508875739645,0.381065088757396,0.68284023668639,0.344378698224852,0.536094674556213,0.328402366863905,0.35207100591716,0.571005917159763,0.962721893491124,0.369822485207101,0.231360946745562,0.0319526627218935,0.0550295857988166,2
0.759171597633136,0.820710059171598,0.884023668639053,0.689940828402367,0.374556213017751,0.753254437869822,0.807692307692308,0.201775147928994,0.850295857988166,0.816568047337278,0.78698224852071,0.805917159763314,0.740828402366864,0.388757396449704,0.138461538461538,0.840828402366864,0.392307692307692,0.585798816568047,1
0.517159763313609,0.354437869822485,0.10414201183432,0.402366863905325,0.863313609467456,0.631360946745562,0.123668639053254,0.849112426035503,0.126627218934911,0.351479289940828,0.181065088757396,0.13491124260355,0.437869822485207,0.459763313609467,0.610650887573964,0.574556213017752,0.698224852071006,0.749704142011834,3
0.389940828402367,0.699408284023669,0.471597633136095,0.177514792899408,0.2,0.883431952662722,0.546745562130178,0.518934911242604,0.554437869822485,0.871005917159763,0.29112426035503,0.509467455621302,0.633136094674556,0.765680473372781,0.138461538461538,0.614792899408284,0.154437869822485,0.29585798816568,3
0.63491124260355,0.104733727810651,0.363905325443787,0.79112426035503,0.978698224852071,0.0568047337278106,0.593491124260355,0.39112426035503,0.554437869822485,0.0810650887573964,0.582248520710059,0.602366863905325,0.123668639053254,0.544378698224852,0.138461538461538,0.142603550295858,0.85207100591716,0.7,2
0.137278106508876,0.547337278106509,0.117751479289941,0.12603550295858,0.2,0.50887573964497,0.381065088757396,0.68284023668639,0.344378698224852,0.467455621301775,0.328402366863905,0.343195266272189,0.656213017751479,0.869822485207101,0.138461538461538,0.451479289940828,0.0319526627218935,0.101183431952663,2
0.759171597633136,0.939644970414201,0.815384615384615,0.689940828402367,0.259763313609467,0.753254437869822,0.948520710059172,0.0597633136094675,0.937869822485207,0.982840236686391,0.853254437869822,0.955029585798817,0.830769230769231,0.459763313609467,0.610650887573964,0.71301775147929,0.464497041420118,0.524260355029586,0
0.0118343195266272,0.659763313609467,0.363905325443787,0.250887573964497,0.491715976331361,0.342603550295858,0.430769230769231,0.518934911242604,0.344378698224852,0.589349112426035,0.450295857988166,0.433727810650888,0.757988165680473,0.792307692307692,0.53491124260355,0.451479289940828,0.192899408284024,0.223076923076923,2
0.329585798816568,0.0556213017751479,0.443786982248521,0.546745562130178,0.550887573964497,0.50887573964497,0.50414201183432,0.467455621301775,0.344378698224852,0.0313609467455621,0.428402366863905,0.515976331360947,0.0579881656804734,0.0514792899408284,0.453254437869823,0.840828402366864,0.907100591715976,0.898816568047337,0
0.517159763313609,0.547337278106509,0.342603550295858,0.471005917159763,0.374556213017751,0.342603550295858,0.533727810650888,0.467455621301775,0.554437869822485,0.504733727810651,0.543786982248521,0.550295857988166,0.686390532544379,0.128994082840237,0.818343195266272,0.650887573964497,0.817751479289941,0.749704142011834,0
0.137278106508876,0.354437869822485,0.0532544378698225,0.159763313609467,0.311242603550296,0.342603550295858,0.305325443786982,0.76094674556213,0.344378698224852,0.423668639053254,0.225443786982249,0.258579881656805,0.47396449704142,0.910650887573965,0.674556213017751,0.185798816568047,0.0319526627218935,0.0165680473372781,2
0.788165680473373,0.939644970414201,0.966863905325444,0.971597633136095,0.898816568047337,0.96508875739645,0.867455621301775,0.132544378698225,0.850295857988166,0.886390532544379,0.912426035502959,0.870414201183432,0.856804733727811,0.459763313609467,0.223668639053254,0.68284023668639,0.464497041420118,0.647337278106509,1
0.137278106508876,0.659763313609467,0.387573964497041,0.0633136094674556,0.0615384615384615,0.631360946745562,0.50414201183432,0.597041420118343,0.554437869822485,0.845562130177515,0.263313609467456,0.476923076923077,0.537278106508876,0.792307692307692,0.138461538461538,0.322485207100592,0.154437869822485,0.266863905325444,3
0.517159763313609,0.305325443786982,0.387573964497041,0.0875739644970414,0.0224852071005917,0.342603550295858,0.183431952662722,0.849112426035503,0.126627218934911,0.327810650887574,0.195266272189349,0.168639053254438,0.247337278106509,0.792307692307692,0.453254437869823,0.650887573964497,0.23491124260355,0.13905325443787,3
0.601183431952663,0.0556213017751479,0.342603550295858,0.706508875739645,0.969230769230769,0.16508875739645,0.484023668639053,0.437869822485207,0.344378698224852,0.0443786982248521,0.557988165680473,0.542603550295858,0.0455621301775148,0.459763313609467,0.223668639053254,0.756804733727811,0.930177514792899,0.868639053254438,2
0.437869822485207,0.210059171597633,0.563313609467456,0.576331360946746,0.374556213017751,0.342603550295858,0.615976331360947,0.39112426035503,0.554437869822485,0.157396449704142,0.603550295857988,0.607692307692308,0.182840236686391,0.22603550295858,0.0449704142011834,0.882840236686391,0.698224852071006,0.647337278106509,1
0.832544378698225,0.939644970414201,0.855029585798817,0.896449704142012,0.742603550295858,0.883431952662722,0.833136094674556,0.132544378698225,0.850295857988166,0.845562130177515,0.912426035502959,0.846745562130177,0.985798816568047,0.544378698224852,0.453254437869823,0.68284023668639,0.464497041420118,0.463905325443787,0
0.137278106508876,0.00710059171597633,0.0224852071005917,0.118343195266272,0.311242603550296,0.16508875739645,0.0100591715976331,0.992307692307692,0.0248520710059172,0.00650887573964497,0.0171597633136095,0.00946745562130178,0.0668639053254438,0.388757396449704,0.294674556213018,0.781656804733728,0.27396449704142,0.223076923076923,1
0.601183431952663,0.157396449704142,0.149704142011834,0.109467455621302,0.0372781065088757,0.50887573964497,0.111834319526627,0.921301775147929,0.126627218934911,0.307692307692308,0.130769230769231,0.0940828402366864,0.168047337278107,0.814201183431953,0.818343195266272,0.367455621301775,0.23491124260355,0.0550295857988166,3
0.859171597633136,0.996449704142012,0.855029585798817,0.976923076923077,0.898816568047337,0.883431952662722,0.911834319526627,0.0597633136094675,0.937869822485207,0.977514792899408,0.927218934911243,0.931360946745562,0.982840236686391,0.459763313609467,0.610650887573964,0.185798816568047,0.392307692307692,0.463905325443787,0
0.0988165680473373,0.483431952662722,0.506508875739645,0.238461538461538,0.311242603550296,0.883431952662722,0.484023668639053,0.597041420118343,0.554437869822485,0.706508875739645,0.225443786982249,0.433727810650888,0.537278106508876,0.674556213017751,0.453254437869823,0.71301775147929,0.192899408284024,0.32603550295858,3
0.564497041420118,0.418343195266272,0.194082840236686,0.526627218934911,0.82603550295858,0.16508875739645,0.199408284023669,0.76094674556213,0.126627218934911,0.351479289940828,0.195266272189349,0.218934911242604,0.556213017751479,0.128994082840237,0.77810650887574,0.367455621301775,0.907100591715976,0.835502958579882,2
0.517159763313609,0.659763313609467,0.609467455621302,0.435502958579882,0.742603550295858,0.96508875739645,0.466863905325444,0.518934911242604,0.344378698224852,0.706508875739645,0.507692307692308,0.459171597633136,0.571005917159763,0.765680473372781,0.223668639053254,0.410059171597633,0.23491124260355,0.463905325443787,3
0.987573964497041,0.760355029585799,0.997041420118343,0.662130177514793,0.2,0.883431952662722,0.856213017751479,0.132544378698225,0.850295857988166,0.743195266272189,0.939644970414201,0.852662721893491,0.793491124260355,0.459763313609467,0.97810650887574,0.918343195266272,0.646153846153846,0.797633136094675,1
0.437869822485207,0.0556213017751479,0.443786982248521,0.393491124260355,0.2,0.342603550295858,0.466863905325444,0.467455621301775,0.344378698224852,0.0443786982248521,0.482840236686391,0.485207100591716,0.0372781065088757,0.128994082840237,0.674556213017751,0.650887573964497,0.817751479289941,0.749704142011834,1
0.475739644970414,0.418343195266272,0.220710059171598,0.402366863905325,0.2,0.342603550295858,0.305325443786982,0.597041420118343,0.344378698224852,0.382248520710059,0.328402366863905,0.35207100591716,0.422485207100592,0.0514792899408284,0.914201183431953,0.73491124260355,0.907100591715976,0.835502958579882,0
0.733727810650888,0.699408284023669,0.884023668639053,0.756804733727811,0.611834319526627,0.753254437869822,0.76508875739645,0.244378698224852,0.766272189349112,0.635502958579882,0.798816568047337,0.764497041420118,0.757988165680473,0.615976331360947,0.674556213017751,0.185798816568047,0.464497041420118,0.524260355029586,1
0.705917159763314,0.996449704142012,0.815384615384615,0.872189349112426,0.742603550295858,0.96508875739645,0.967455621301775,0.0597633136094675,0.937869822485207,0.997041420118343,0.853254437869822,0.96508875739645,0.875147928994083,0.459763313609467,0.53491124260355,0.057396449704142,0.27396449704142,0.463905325443787,0
0.0769230769230769,0.104733727810651,0.0307692307692308,0.0408284023668639,0.144378698224852,0.0159763313609467,0.0751479289940828,0.921301775147929,0.126627218934911,0.0603550295857988,0.0579881656804734,0.0698224852071006,0.168047337278107,0.869822485207101,0.369822485207101,0.574556213017752,0.0733727810650888,0.101183431952663,1
0.437869822485207,0.210059171597633,0.655029585798817,0.689940828402367,0.611834319526627,0.631360946745562,0.639644970414201,0.369822485207101,0.650887573964497,0.157396449704142,0.632544378698225,0.63491124260355,0.304733727810651,0.331360946745562,0.0449704142011834,0.863905325443787,0.646153846153846,0.585798816568047,1
0.329585798816568,0.259763313609467,0.0615384615384615,0.153254437869822,0.2,0.16508875739645,0.0177514792899408,0.972189349112426,0.0248520710059172,0.25207100591716,0.0461538461538462,0.0248520710059172,0.284615384615385,0.128994082840237,0.77810650887574,0.367455621301775,0.746745562130178,0.647337278106509,3
0.329585798816568,0.0218934911242604,0.254437869822485,0.214201183431953,0.311242603550296,0.342603550295858,0.0538461538461538,0.93905325443787,0.0248520710059172,0.0810650887573964,0.0633136094674556,0.0562130177514793,0.00236686390532544,0.0881656804733728,0.369822485207101,0.756804733727811,0.930177514792899,0.947337278106509,3
0.832544378698225,0.734319526627219,0.785207100591716,0.737278106508876,0.439644970414201,0.753254437869822,0.68698224852071,0.300591715976331,0.707100591715976,0.757988165680473,0.663313609467456,0.686390532544379,0.571005917159763,0.0266272189349112,0.888165680473373,0.367455621301775,0.907100591715976,0.963313609467456,1
0.0218934911242604,0.547337278106509,0.289940828402367,0.12603550295858,0.2,0.342603550295858,0.381065088757396,0.68284023668639,0.344378698224852,0.536094674556213,0.358579881656805,0.376923076923077,0.537278106508876,0.830769230769231,0.294674556213018,0.68284023668639,0.117751479289941,0.184615384615385,2
0.192307692307692,0.354437869822485,0.117751479289941,0.0307692307692308,0.0615384615384615,0.16508875739645,0.409467455621302,0.68284023668639,0.344378698224852,0.327810650887574,0.450295857988166,0.366863905325444,0.47396449704142,0.941420118343195,0.453254437869823,0.185798816568047,0.0319526627218935,0.0550295857988166,2
0.759171597633136,0.610059171597633,0.525443786982248,0.672781065088757,0.491715976331361,0.631360946745562,0.597041420118343,0.41301775147929,0.554437869822485,0.660355029585799,0.592899408284024,0.595266272189349,0.523076923076923,0.0514792899408284,0.888165680473373,0.410059171597633,0.907100591715976,0.947337278106509,1
0.192307692307692,0.210059171597633,0.0615384615384615,0.238461538461538,0.439644970414201,0.342603550295858,0.0242603550295858,0.962721893491124,0.0248520710059172,0.197041420118343,0.0313609467455621,0.0289940828402367,0.175739644970414,0.00946745562130178,0.610650887573964,0.367455621301775,0.950295857988166,0.947337278106509,3
0.0769230769230769,0.104733727810651,0.0745562130177515,0.014792899408284,0.0615384615384615,0.16508875739645,0.0372781065088757,0.962721893491124,0.0248520710059172,0.0994082840236686,0.0461538461538462,0.0331360946745562,0.117159763313609,0.830769230769231,0.0449704142011834,0.322485207100592,0.117751479289941,0.13905325443787,3
0.0556213017751479,0.547337278106509,0.194082840236686,0.330769230769231,0.898816568047337,0.0568047337278106,0.277514792899408,0.68284023668639,0.344378698224852,0.423668639053254,0.29112426035503,0.272189349112426,0.618343195266272,0.84792899408284,0.453254437869823,0.0171597633136095,0.117751479289941,0.101183431952663,2
0.517159763313609,0.659763313609467,0.655029585798817,0.8,0.78698224852071,0.342603550295858,0.632544378698225,0.369822485207101,0.650887573964497,0.622485207100592,0.632544378698225,0.630769230769231,0.807692307692308,0.171005917159763,0.0449704142011834,0.142603550295858,0.817751479289941,0.797633136094675,1
0.437869822485207,0.418343195266272,0.655029585798817,0.393491124260355,0.491715976331361,0.631360946745562,0.305325443786982,0.68284023668639,0.344378698224852,0.706508875739645,0.209467455621302,0.301183431952663,0.168047337278107,0.0881656804733728,0.138461538461538,0.90887573964497,0.881065088757396,0.947337278106509,3
0.63491124260355,0.547337278106509,0.506508875739645,0.449704142011834,0.611834319526627,0.631360946745562,0.242603550295858,0.76094674556213,0.344378698224852,0.565680473372781,0.160355029585799,0.237869822485207,0.362130177514793,0.0881656804733728,0.453254437869823,0.451479289940828,0.930177514792899,0.947337278106509,3
0.928994082840237,0.985207100591716,0.934319526627219,0.601183431952663,0.0224852071005917,0.50887573964497,0.994082840236686,0.00532544378698225,0.994082840236686,0.937869822485207,0.987573964497041,0.990532544378698,0.957988165680473,0.910650887573965,0.223668639053254,0.781656804733728,0.117751479289941,0.101183431952663,2
0.237278106508876,0.483431952662722,0.254437869822485,0.601183431952663,0.98698224852071,0.16508875739645,0.242603550295858,0.68284023668639,0.344378698224852,0.327810650887574,0.243786982248521,0.301183431952663,0.571005917159763,0.331360946745562,0.53491124260355,0.057396449704142,0.782840236686391,0.749704142011834,2
0.0769230769230769,0.610059171597633,0.342603550295858,0.204733727810651,0.374556213017751,0.16508875739645,0.277514792899408,0.68284023668639,0.344378698224852,0.504733727810651,0.243786982248521,0.309467455621302,0.608284023668639,0.728402366863905,0.674556213017751,0.0171597633136095,0.27396449704142,0.266863905325444,2
0.192307692307692,0.305325443786982,0.149704142011834,0.132544378698225,0.144378698224852,0.342603550295858,0.13491124260355,0.873372781065089,0.126627218934911,0.237278106508876,0.102958579881657,0.130769230769231,0.400591715976331,0.674556213017751,0.294674556213018,0.185798816568047,0.0733727810650888,0.184615384615385,0
0.96508875739645,0.897041420118343,0.985798816568047,0.962721893491124,0.863313609467456,0.883431952662722,0.856213017751479,0.132544378698225,0.850295857988166,0.9,0.869230769230769,0.850295857988166,0.835502958579882,0.281065088757396,0.818343195266272,0.971005917159763,0.536686390532544,0.797633136094675,1
0.564497041420118,0.104733727810651,0.342603550295858,0.662130177514793,0.944378698224852,0.342603550295858,0.449112426035503,0.467455621301775,0.344378698224852,0.0603550295857988,0.358579881656805,0.489940828402367,0.0988165680473373,0.22603550295858,0.223668639053254,0.367455621301775,0.881065088757396,0.926627218934911,2
0.759171597633136,0.483431952662722,0.705917159763314,0.725443786982249,0.550887573964497,0.50887573964497,0.694674556213018,0.300591715976331,0.707100591715976,0.536094674556213,0.663313609467456,0.691715976331361,0.265680473372781,0.171005917159763,0.0449704142011834,0.101775147928994,0.746745562130178,0.585798816568047,0
0.0556213017751479,0.418343195266272,0.342603550295858,0.367455621301775,0.742603550295858,0.342603550295858,0.381065088757396,0.597041420118343,0.344378698224852,0.382248520710059,0.494674556213018,0.398816568047337,0.35207100591716,0.765680473372781,0.453254437869823,0.496449704142012,0.27396449704142,0.223076923076923,2
0.192307692307692,0.610059171597633,0.342603550295858,0.0970414201183432,0.259763313609467,0.16508875739645,0.381065088757396,0.68284023668639,0.344378698224852,0.536094674556213,0.328402366863905,0.360355029585799,0.686390532544379,0.891715976331361,0.729585798816568,0.496449704142012,0.0733727810650888,0.101183431952663,2
0.997633136094675,0.855621301775148,0.997041420118343,0.982840236686391,0.82603550295858,0.96508875739645,0.88698224852071,0.132544378698225,0.850295857988166,0.845562130177515,0.927218934911243,0.882248520710059,0.928402366863905,0.22603550295858,0.954437869822485,0.930177514792899,0.698224852071006,0.926627218934911,1
0.329585798816568,0.610059171597633,0.443786982248521,0.0970414201183432,0.0372781065088757,0.753254437869822,0.484023668639053,0.597041420118343,0.554437869822485,0.757988165680473,0.358579881656805,0.445562130177515,0.556213017751479,0.814201183431953,0.610650887573964,0.71301775147929,0.192899408284024,0.266863905325444,3
0.329585798816568,0.699408284023669,0.609467455621302,0.689940828402367,0.679289940828402,0.50887573964497,0.615976331360947,0.39112426035503,0.554437869822485,0.649704142011834,0.582248520710059,0.610650887573964,0.703550295857988,0.0881656804733728,0.954437869822485,0.231360946745562,0.817751479289941,0.749704142011834,1
0.0769230769230769,0.305325443786982,0.254437869822485,0.37810650887574,0.742603550295858,0.342603550295858,0.219526627218935,0.76094674556213,0.344378698224852,0.327810650887574,0.263313609467456,0.216568047337278,0.230177514792899,0.459763313609467,0.369822485207101,0.540236686390533,0.464497041420118,0.408284023668639,2
0.27396449704142,0.418343195266272,0.584023668639053,0.192307692307692,0.144378698224852,0.883431952662722,0.449112426035503,0.597041420118343,0.344378698224852,0.608284023668639,0.428402366863905,0.439644970414201,0.390532544378698,0.615976331360947,0.53491124260355,0.101775147928994,0.27396449704142,0.463905325443787,3
0.63491124260355,0.659763313609467,0.855029585798817,0.92189349112426,0.898816568047337,0.753254437869822,0.757396449704142,0.244378698224852,0.766272189349112,0.536094674556213,0.78698224852071,0.756213017751479,0.766863905325444,0.615976331360947,0.53491124260355,0.274556213017751,0.392307692307692,0.363313609467456,0
0.27396449704142,0.104733727810651,0.0390532544378698,0.159763313609467,0.550887573964497,0.16508875739645,0.13491124260355,0.873372781065089,0.126627218934911,0.0313609467455621,0.0863905325443787,0.12603550295858,0.201183431952663,0.910650887573965,0.954437869822485,0.68284023668639,0.0733727810650888,0.101183431952663,1
0.705917159763314,0.157396449704142,0.149704142011834,0.142603550295858,0.144378698224852,0.342603550295858,0.0816568047337278,0.898816568047337,0.126627218934911,0.268639053254438,0.151479289940828,0.0863905325443787,0.0372781065088757,0.331360946745562,0.294674556213018,0.540236686390533,0.646153846153846,0.363313609467456,3
0.329585798816568,0.547337278106509,0.525443786982248,0.993491124260355,0.992899408284024,0.991715976331361,0.466863905325444,0.597041420118343,0.554437869822485,0.757988165680473,0.650887573964497,0.424852071005917,0.556213017751479,0.99112426035503,0.729585798816568,0.71301775147929,0.192899408284024,0.29585798816568,3
0.237278106508876,0.354437869822485,0.415384615384615,0.41301775147929,0.742603550295858,0.0568047337278106,0.466863905325444,0.467455621301775,0.344378698224852,0.268639053254438,0.557988165680473,0.489940828402367,0.315384615384615,0.765680473372781,0.53491124260355,0.540236686390533,0.536686390532544,0.32603550295858,2
0.517159763313609,0.0556213017751479,0.0875739644970414,0.225443786982249,0.259763313609467,0.50887573964497,0.0994082840236686,0.873372781065089,0.126627218934911,0.237278106508876,0.130769230769231,0.110059171597633,0.0284023668639053,0.22603550295858,0.294674556213018,0.918343195266272,0.746745562130178,0.749704142011834,3
0.96508875739645,0.939644970414201,0.83491124260355,0.513609467455621,0.0224852071005917,0.16508875739645,0.981656804733728,0.0153846153846154,0.977514792899408,0.845562130177515,0.977514792899408,0.982248520710059,0.984615384615385,0.923076923076923,0.77810650887574,0.496449704142012,0.23491124260355,0.0550295857988166,2
0.389940828402367,0.157396449704142,0.387573964497041,0.471005917159763,0.679289940828402,0.342603550295858,0.381065088757396,0.518934911242604,0.344378698224852,0.135502958579882,0.263313609467456,0.417159763313609,0.156213017751479,0.171005917159763,0.0449704142011834,0.0171597633136095,0.817751479289941,0.868639053254438,2
0.705917159763314,0.820710059171598,0.631360946745562,0.865680473372781,0.898816568047337,0.0568047337278106,0.720118343195266,0.244378698224852,0.707100591715976,0.774556213017751,0.714201183431953,0.728402366863905,0.921301775147929,0.728402366863905,0.369822485207101,0.274556213017751,0.782840236686391,0.408284023668639,2
0.0556213017751479,0.104733727810651,0.149704142011834,0.109467455621302,0.1,0.342603550295858,0.0994082840236686,0.921301775147929,0.126627218934911,0.0603550295857988,0.0715976331360947,0.0899408284023669,0.182840236686391,0.544378698224852,0.968047337278107,0.322485207100592,0.192899408284024,0.184615384615385,1
0.437869822485207,0.259763313609467,0.756213017751479,0.716568047337278,0.679289940828402,0.631360946745562,0.654437869822485,0.369822485207101,0.650887573964497,0.220710059171598,0.616568047337278,0.644378698224852,0.400591715976331,0.171005917159763,0.729585798816568,0.984023668639053,0.817751479289941,0.898816568047337,1
0.705917159763314,0.259763313609467,0.443786982248521,0.536686390532544,0.491715976331361,0.16508875739645,0.629585798816568,0.348520710059172,0.650887573964497,0.288757396449704,0.632544378698225,0.63491124260355,0.175739644970414,0.544378698224852,0.369822485207101,0.71301775147929,0.930177514792899,0.749704142011834,2
0.906508875739645,0.855621301775148,0.756213017751479,0.725443786982249,0.439644970414201,0.753254437869822,0.867455621301775,0.132544378698225,0.850295857988166,0.9,0.840828402366864,0.862130177514793,0.897041420118343,0.615976331360947,0.674556213017751,0.811834319526627,0.464497041420118,0.524260355029586,1
0.517159763313609,0.418343195266272,0.471597633136095,0.490532544378698,0.374556213017751,0.342603550295858,0.381065088757396,0.597041420118343,0.344378698224852,0.327810650887574,0.543786982248521,0.405917159763314,0.510650887573964,0.281065088757396,0.936094674556213,0.101775147928994,0.746745562130178,0.524260355029586,0
0.564497041420118,0.104733727810651,0.315976331360947,0.725443786982249,0.959171597633136,0.16508875739645,0.52189349112426,0.437869822485207,0.344378698224852,0.174556213017751,0.557988165680473,0.559171597633136,0.0668639053254438,0.388757396449704,0.0449704142011834,0.614792899408284,0.950295857988166,0.868639053254438,2
0.329585798816568,0.0556213017751479,0.194082840236686,0.318934911242604,0.439644970414201,0.50887573964497,0.111834319526627,0.873372781065089,0.126627218934911,0.197041420118343,0.0970414201183432,0.12603550295858,0.0195266272189349,0.0266272189349112,0.53491124260355,0.73491124260355,0.969230769230769,0.979289940828402,3
0.137278106508876,0.547337278106509,0.254437869822485,0.142603550295858,0.311242603550296,0.50887573964497,0.381065088757396,0.68284023668639,0.344378698224852,0.504733727810651,0.358579881656805,0.360355029585799,0.675739644970414,0.830769230769231,0.223668639053254,0.231360946745562,0.117751479289941,0.163905325443787,2
0.192307692307692,0.547337278106509,0.342603550295858,0.350887573964497,0.611834319526627,0.16508875739645,0.305325443786982,0.597041420118343,0.344378698224852,0.467455621301775,0.328402366863905,0.366863905325444,0.537278106508876,0.459763313609467,0.53491124260355,0.057396449704142,0.536686390532544,0.463905325443787,2
0.906508875739645,0.699408284023669,0.949112426035503,0.819526627218935,0.491715976331361,0.753254437869822,0.797633136094675,0.201775147928994,0.850295857988166,0.649704142011834,0.883431952662722,0.793491124260355,0.766863905325444,0.388757396449704,0.453254437869823,0.930177514792899,0.597041420118343,0.835502958579882,1
0.928994082840237,0.820710059171598,0.855029585798817,0.662130177514793,0.259763313609467,0.883431952662722,0.856213017751479,0.132544378698225,0.850295857988166,0.795266272189349,0.753846153846154,0.852662721893491,0.69585798816568,0.171005917159763,0.53491124260355,0.231360946745562,0.536686390532544,0.585798816568047,0
0.96508875739645,0.78698224852071,0.785207100591716,0.769822485207101,0.374556213017751,0.753254437869822,0.720118343195266,0.273372781065089,0.707100591715976,0.774556213017751,0.707100591715976,0.718343195266272,0.730769230769231,0.0881656804733728,0.914201183431953,0.142603550295858,0.85207100591716,0.797633136094675,0
0.96508875739645,0.699408284023669,0.949112426035503,0.92189349112426,0.550887573964497,0.753254437869822,0.785207100591716,0.201775147928994,0.766272189349112,0.724260355029586,0.811834319526627,0.780473372781065,0.422485207100592,0.128994082840237,0.729585798816568,0.971005917159763,0.817751479289941,0.926627218934911,0
0.389940828402367,0.760355029585799,0.681065088757396,0.681065088757396,0.491715976331361,0.753254437869822,0.671597633136095,0.326627218934911,0.650887573964497,0.724260355029586,0.710650887573965,0.671005917159763,0.914792899408284,0.331360946745562,0.53491124260355,0.756804733727811,0.646153846153846,0.647337278106509,1
0.517159763313609,0.547337278106509,0.563313609467456,0.26094674556213,0.2,0.753254437869822,0.50414201183432,0.518934911242604,0.554437869822485,0.671597633136095,0.52189349112426,0.5,0.686390532544379,0.728402366863905,0.138461538461538,0.811834319526627,0.23491124260355,0.524260355029586,3
0.0556213017751479,0.305325443786982,0.254437869822485,0.37810650887574,0.679289940828402,0.342603550295858,0.277514792899408,0.68284023668639,0.344378698224852,0.268639053254438,0.378698224852071,0.315976331360947,0.275739644970414,0.544378698224852,0.453254437869823,0.71301775147929,0.392307692307692,0.408284023668639,2
0.63491124260355,0.820710059171598,0.884023668639053,0.951479289940828,0.82603550295858,0.631360946745562,0.748520710059172,0.244378698224852,0.766272189349112,0.816568047337278,0.753846153846154,0.751479289940828,0.946153846153846,0.22603550295858,0.855029585798817,0.781656804733728,0.698224852071006,0.749704142011834,0
0.389940828402367,0.354437869822485,0.0875739644970414,0.109467455621302,0.144378698224852,0.342603550295858,0.409467455621302,0.68284023668639,0.344378698224852,0.351479289940828,0.403550295857988,0.372189349112426,0.492307692307692,0.869822485207101,0.0449704142011834,0.650887573964497,0.0733727810650888,0.101183431952663,2
0.517159763313609,0.259763313609467,0.0745562130177515,0.0372781065088757,0.00828402366863905,0.342603550295858,0.0905325443786982,0.921301775147929,0.126627218934911,0.467455621301775,0.151479289940828,0.0816568047337278,0.304733727810651,0.814201183431953,0.674556213017751,0.274556213017751,0.23491124260355,0.101183431952663,3
0.437869822485207,0.305325443786982,0.149704142011834,0.153254437869822,0.2,0.631360946745562,0.0538461538461538,0.93905325443787,0.126627218934911,0.423668639053254,0.141420118343195,0.0562130177514793,0.297633136094675,0.544378698224852,0.294674556213018,0.451479289940828,0.646153846153846,0.363313609467456,3
0.601183431952663,0.547337278106509,0.911834319526627,0.872189349112426,0.679289940828402,0.753254437869822,0.700591715976331,0.326627218934911,0.707100591715976,0.608284023668639,0.663313609467456,0.689349112426035,0.328994082840237,0.0881656804733728,0.610650887573964,0.971005917159763,0.907100591715976,0.998224852071006,1
0.329585798816568,0.104733727810651,0.0112426035502959,0.00887573964497041,0.1,0.0568047337278106,0.029585798816568,0.972189349112426,0.0248520710059172,0.0603550295857988,0.0224852071005917,0.0307692307692308,0.230177514792899,0.891715976331361,0.610650887573964,0.185798816568047,0.117751479289941,0.0550295857988166,3
0.811834319526627,0.78698224852071,0.698224852071006,0.737278106508876,0.439644970414201,0.16508875739645,0.924260355029586,0.0597633136094675,0.937869822485207,0.795266272189349,0.968047337278107,0.955029585798817,0.820710059171598,0.84792899408284,0.610650887573964,0.322485207100592,0.464497041420118,0.163905325443787,2
0.885207100591716,0.897041420118343,0.785207100591716,0.941420118343195,0.898816568047337,0.753254437869822,0.936686390532544,0.0597633136094675,0.937869822485207,0.911834319526627,0.939644970414201,0.93491124260355,0.786390532544379,0.615976331360947,0.0449704142011834,0.574556213017752,0.392307692307692,0.647337278106509,1
0.990532544378698,0.985207100591716,0.985798816568047,0.737278106508876,0.2,0.16508875739645,0.996449704142012,0.00532544378698225,0.994082840236686,0.971005917159763,0.998816568047337,0.996449704142012,0.995266272189349,0.941420118343195,0.818343195266272,0.811834319526627,0.154437869822485,0.0550295857988166,2
0.237278106508876,0.418343195266272,0.117751479289941,0.118343195266272,0.2,0.50887573964497,0.305325443786982,0.76094674556213,0.344378698224852,0.382248520710059,0.29112426035503,0.272189349112426,0.452662721893491,0.941420118343195,0.53491124260355,0.142603550295858,0.0733727810650888,0.0165680473372781,2
0.705917159763314,0.78698224852071,0.730177514792899,0.830177514792899,0.78698224852071,0.753254437869822,0.705325443786982,0.300591715976331,0.707100591715976,0.706508875739645,0.688165680473373,0.705917159763314,0.955621301775148,0.281065088757396,0.77810650887574,0.057396449704142,0.646153846153846,0.647337278106509,1
0.564497041420118,0.157396449704142,0.655029585798817,0.601183431952663,0.439644970414201,0.342603550295858,0.62189349112426,0.39112426035503,0.650887573964497,0.135502958579882,0.582248520710059,0.622485207100592,0.201183431952663,0.171005917159763,0.223668639053254,0.930177514792899,0.817751479289941,0.868639053254438,1
0.0556213017751479,0.483431952662722,0.0875739644970414,0.0798816568047337,0.1,0.342603550295858,0.381065088757396,0.68284023668639,0.344378698224852,0.536094674556213,0.225443786982249,0.319526627218935,0.633136094674556,0.869822485207101,0.294674556213018,0.185798816568047,0.0319526627218935,0.0165680473372781,2
0.906508875739645,0.734319526627219,0.730177514792899,0.808284023668639,0.491715976331361,0.753254437869822,0.671597633136095,0.326627218934911,0.650887573964497,0.724260355029586,0.632544378698225,0.672781065088757,0.59112426035503,0.0266272189349112,0.984023668639053,0.650887573964497,0.984023668639053,0.979289940828402,0
0.329585798816568,0.483431952662722,0.543195266272189,0.192307692307692,0.1,0.16508875739645,0.305325443786982,0.68284023668639,0.344378698224852,0.423668639053254,0.328402366863905,0.343195266272189,0.422485207100592,0.281065088757396,0.77810650887574,0.614792899408284,0.464497041420118,0.32603550295858,0
0.517159763313609,0.418343195266272,0.655029585798817,0.526627218934911,0.78698224852071,0.631360946745562,0.343195266272189,0.68284023668639,0.344378698224852,0.536094674556213,0.195266272189349,0.360355029585799,0.190532544378698,0.128994082840237,0.223668639053254,0.71301775147929,0.85207100591716,0.926627218934911,3
0.329585798816568,0.157396449704142,0.506508875739645,0.513609467455621,0.374556213017751,0.342603550295858,0.56094674556213,0.437869822485207,0.554437869822485,0.135502958579882,0.57396449704142,0.566863905325444,0.133136094674556,0.281065088757396,0.453254437869823,0.650887573964497,0.698224852071006,0.524260355029586,1
0.705917159763314,0.483431952662722,0.471597633136095,0.424260355029586,0.611834319526627,0.50887573964497,0.199408284023669,0.80414201183432,0.126627218934911,0.565680473372781,0.151479289940828,0.2,0.452662721893491,0.0514792899408284,0.984023668639053,0.101775147928994,0.969230769230769,0.947337278106509,3
0.859171597633136,0.820710059171598,0.730177514792899,0.681065088757396,0.374556213017751,0.631360946745562,0.705325443786982,0.300591715976331,0.707100591715976,0.774556213017751,0.681065088757396,0.702958579881657,0.807692307692308,0.22603550295858,0.818343195266272,0.367455621301775,0.746745562130178,0.7,0
0.733727810650888,0.985207100591716,0.985798816568047,0.941420118343195,0.78698224852071,0.883431952662722,0.936686390532544,0.0597633136094675,0.937869822485207,0.977514792899408,0.949112426035503,0.944970414201183,0.963313609467456,0.388757396449704,0.77810650887574,0.897041420118343,0.464497041420118,0.7,0
0.192307692307692,0.354437869822485,0.117751479289941,0.0970414201183432,0.1,0.342603550295858,0.343195266272189,0.68284023668639,0.344378698224852,0.307692307692308,0.358579881656805,0.309467455621302,0.47396449704142,0.941420118343195,0.223668639053254,0.367455621301775,0.0733727810650888,0.0165680473372781,2
0.928994082840237,0.985207100591716,0.83491124260355,0.642603550295858,0.144378698224852,0.342603550295858,0.972781065088757,0.0236686390532544,0.977514792899408,0.924260355029586,0.965680473372781,0.97396449704142,0.950887573964497,0.792307692307692,0.610650887573964,0.496449704142012,0.392307692307692,0.184615384615385,2
0.96508875739645,0.897041420118343,0.855029585798817,0.848520710059172,0.611834319526627,0.883431952662722,0.948520710059172,0.0597633136094675,0.937869822485207,0.971005917159763,0.912426035502959,0.939644970414201,0.843786982248521,0.459763313609467,0.53491124260355,0.614792899408284,0.392307692307692,0.7,1
0.329585798816568,0.483431952662722,0.415384615384615,0.0970414201183432,0.1,0.753254437869822,0.484023668639053,0.597041420118343,0.554437869822485,0.622485207100592,0.181065088757396,0.451479289940828,0.537278106508876,0.765680473372781,0.855029585798817,0.540236686390533,0.23491124260355,0.32603550295858,3
0.733727810650888,0.78698224852071,0.655029585798817,0.681065088757396,0.550887573964497,0.0568047337278106,0.775739644970414,0.201775147928994,0.766272189349112,0.724260355029586,0.811834319526627,0.782248520710059,0.908284023668639,0.792307692307692,0.674556213017751,0.90887573964497,0.646153846153846,0.241420118343195,2
0.670414201183432,0.547337278106509,0.689940828402367,0.435502958579882,0.611834319526627,0.753254437869822,0.381065088757396,0.68284023668639,0.344378698224852,0.565680473372781,0.225443786982249,0.360355029585799,0.452662721893491,0.128994082840237,0.97810650887574,0.781656804733728,0.881065088757396,0.898816568047337,3
0.237278106508876,0.305325443786982,0.342603550295858,0.402366863905325,0.679289940828402,0.342603550295858,0.381065088757396,0.597041420118343,0.344378698224852,0.268639053254438,0.450295857988166,0.398816568047337,0.275739644970414,0.615976331360947,0.294674556213018,0.367455621301775,0.597041420118343,0.363313609467456,2
0.329585798816568,0.259763313609467,0.315976331360947,0.37810650887574,0.611834319526627,0.342603550295858,0.242603550295858,0.68284023668639,0.344378698224852,0.220710059171598,0.450295857988166,0.264497041420118,0.214792899408284,0.544378698224852,0.369822485207101,0.451479289940828,0.698224852071006,0.463905325443787,2
0.192307692307692,0.259763313609467,0.387573964497041,0.291715976331361,0.550887573964497,0.16508875739645,0.183431952662722,0.82603550295858,0.126627218934911,0.220710059171598,0.130769230769231,0.179289940828402,0.373372781065089,0.544378698224852,0.294674556213018,0.811834319526627,0.192899408284024,0.241420118343195,0
0.0769230769230769,0.104733727810651,0.0307692307692308,0.153254437869822,0.491715976331361,0.0159763313609467,0.13491124260355,0.873372781065089,0.126627218934911,0.0603550295857988,0.0923076923076923,0.139644970414201,0.175739644970414,0.941420118343195,0.294674556213018,0.274556213017751,0.0733727810650888,0.0550295857988166,1
0.811834319526627,0.897041420118343,0.815384615384615,0.697041420118343,0.311242603550296,0.753254437869822,0.948520710059172,0.0597633136094675,0.937869822485207,0.924260355029586,0.840828402366864,0.949704142011834,0.793491124260355,0.459763313609467,0.888165680473373,0.274556213017751,0.536686390532544,0.585798816568047,0
0.733727810650888,0.939644970414201,0.815384615384615,0.935502958579882,0.863313609467456,0.753254437869822,0.959171597633136,0.0597633136094675,0.937869822485207,0.989349112426036,0.896449704142012,0.96094674556213,0.843786982248521,0.674556213017751,0.818343195266272,0.781656804733728,0.392307692307692,0.463905325443787,0
0.788165680473373,0.897041420118343,0.934319526627219,0.681065088757396,0.259763313609467,0.342603550295858,0.974556213017752,0.0236686390532544,0.977514792899408,0.832544378698225,0.971597633136095,0.975147928994083,0.989349112426036,0.869822485207101,0.53491124260355,0.614792899408284,0.27396449704142,0.13905325443787,2
0.998816568047337,0.820710059171598,0.997041420118343,0.971597633136095,0.742603550295858,0.96508875739645,0.833136094674556,0.132544378698225,0.850295857988166,0.816568047337278,0.896449704142012,0.836686390532544,0.914792899408284,0.171005917159763,0.992899408284024,0.897041420118343,0.782840236686391,0.898816568047337,1
0.27396449704142,0.483431952662722,0.443786982248521,0.498224852071006,0.374556213017751,0.16508875739645,0.381065088757396,0.597041420118343,0.344378698224852,0.467455621301775,0.450295857988166,0.410059171597633,0.556213017751479,0.0881656804733728,0.729585798816568,0.540236686390533,0.984023668639053,0.963313609467456,0
0.601183431952663,0.483431952662722,0.584023668639053,0.402366863905325,0.550887573964497,0.753254437869822,0.230177514792899,0.76094674556213,0.344378698224852,0.565680473372781,0.181065088757396,0.22603550295858,0.409467455621302,0.0881656804733728,0.77810650887574,0.274556213017751,0.930177514792899,0.926627218934911,3
0.329585798816568,0.259763313609467,0.220710059171598,0.300591715976331,0.311242603550296,0.16508875739645,0.0994082840236686,0.873372781065089,0.126627218934911,0.25207100591716,0.110650887573964,0.110059171597633,0.265680473372781,0.00946745562130178,0.954437869822485,0.274556213017751,0.992899408284024,0.979289940828402,0
0.670414201183432,0.610059171597633,0.815384615384615,0.889940828402367,0.78698224852071,0.50887573964497,0.720118343195266,0.300591715976331,0.707100591715976,0.622485207100592,0.697041420118343,0.715976331360947,0.431360946745562,0.171005917159763,0.138461538461538,0.971005917159763,0.646153846153846,0.7,0
0.27396449704142,0.157396449704142,0.0467455621301775,0.204733727810651,0.439644970414201,0.0568047337278106,0.277514792899408,0.76094674556213,0.344378698224852,0.135502958579882,0.181065088757396,0.253254437869822,0.315384615384615,0.962721893491124,0.855029585798817,0.0171597633136095,0.0733727810650888,0.0550295857988166,1
0.437869822485207,0.610059171597633,0.471597633136095,0.310059171597633,0.491715976331361,0.631360946745562,0.258579881656805,0.68284023668639,0.344378698224852,0.635502958579882,0.263313609467456,0.279881656804734,0.757988165680473,0.388757396449704,0.888165680473373,0.496449704142012,0.536686390532544,0.7,3
0.0366863905325444,0.659763313609467,0.220710059171598,0.291715976331361,0.679289940828402,0.16508875739645,0.381065088757396,0.597041420118343,0.344378698224852,0.536094674556213,0.358579881656805,0.391715976331361,0.730769230769231,0.728402366863905,0.453254437869823,0.0171597633136095,0.192899408284024,0.204733727810651,2
0.705917159763314,0.760355029585799,0.681065088757396,0.716568047337278,0.611834319526627,0.631360946745562,0.654437869822485,0.348520710059172,0.650887573964497,0.671597633136095,0.619526627218935,0.652662721893491,0.740828402366864,0.128994082840237,0.77810650887574,0.057396449704142,0.746745562130178,0.749704142011834,1
0.517159763313609,0.354437869822485,0.655029585798817,0.681065088757396,0.550887573964497,0.753254437869822,0.676923076923077,0.326627218934911,0.650887573964497,0.327810650887574,0.697041420118343,0.675147928994083,0.422485207100592,0.388757396449704,0.294674556213018,0.540236686390533,0.536686390532544,0.524260355029586,0
0.437869822485207,0.547337278106509,0.415384615384615,0.536686390532544,0.898816568047337,0.342603550295858,0.343195266272189,0.597041420118343,0.344378698224852,0.423668639053254,0.328402366863905,0.391715976331361,0.582840236686391,0.331360946745562,0.855029585798817,0.057396449704142,0.817751479289941,0.749704142011834,2
0.96508875739645,0.734319526627219,0.985798816568047,0.725443786982249,0.374556213017751,0.753254437869822,0.797633136094675,0.201775147928994,0.850295857988166,0.689349112426035,0.853254437869822,0.793491124260355,0.843786982248521,0.388757396449704,0.888165680473373,0.964497041420118,0.646153846153846,0.797633136094675,1
0.237278106508876,0.547337278106509,0.543195266272189,0.471005917159763,0.439644970414201,0.50887573964497,0.484023668639053,0.467455621301775,0.344378698224852,0.423668639053254,0.53491124260355,0.509467455621302,0.510650887573964,0.388757396449704,0.223668639053254,0.101775147928994,0.597041420118343,0.463905325443787,0
0.759171597633136,0.734319526627219,0.730177514792899,0.856804733727811,0.611834319526627,0.631360946745562,0.694674556213018,0.300591715976331,0.707100591715976,0.689349112426035,0.663313609467456,0.687573964497041,0.537278106508876,0.0266272189349112,0.294674556213018,0.231360946745562,0.881065088757396,0.898816568047337,0
0.948520710059172,0.820710059171598,0.985798816568047,0.623076923076923,0.144378698224852,0.96508875739645,0.876923076923077,0.132544378698225,0.850295857988166,0.924260355029586,0.912426035502959,0.876331360946746,0.856804733727811,0.544378698224852,0.77810650887574,0.930177514792899,0.536686390532544,0.749704142011834,1
0.788165680473373,0.610059171597633,0.911834319526627,0.749112426035503,0.491715976331361,0.753254437869822,0.748520710059172,0.273372781065089,0.766272189349112,0.608284023668639,0.717159763313609,0.740236686390533,0.730769230769231,0.171005917159763,0.610650887573964,0.993491124260355,0.698224852071006,0.898816568047337,1
0.601183431952663,0.659763313609467,0.525443786982248,0.576331360946746,0.374556213017751,0.342603550295858,0.609467455621302,0.39112426035503,0.554437869822485,0.635502958579882,0.623668639053254,0.605917159763314,0.633136094674556,0.22603550295858,0.369822485207101,0.185798816568047,0.646153846153846,0.585798816568047,1
0.329585798816568,0.659763313609467,0.609467455621302,0.300591715976331,0.311242603550296,0.753254437869822,0.430769230769231,0.597041420118343,0.344378698224852,0.622485207100592,0.450295857988166,0.433727810650888,0.656213017751479,0.674556213017751,0.888165680473373,0.322485207100592,0.325443786982249,0.524260355029586,3
0.237278106508876,0.547337278106509,0.443786982248521,0.357988165680473,0.374556213017751,0.342603550295858,0.449112426035503,0.597041420118343,0.344378698224852,0.467455621301775,0.53491124260355,0.439644970414201,0.47396449704142,0.728402366863905,0.936094674556213,0.614792899408284,0.23491124260355,0.223076923076923,0
0.948520710059172,0.897041420118343,0.911834319526627,0.830177514792899,0.550887573964497,0.883431952662722,0.771597633136095,0.244378698224852,0.766272189349112,0.832544378698225,0.742603550295858,0.768047337278106,0.961538461538462,0.281065088757396,0.855029585798817,0.142603550295858,0.597041420118343,0.7,1
0.389940828402367,0.659763313609467,0.609467455621302,0.318934911242604,0.439644970414201,0.753254437869822,0.466863905325444,0.518934911242604,0.344378698224852,0.671597633136095,0.507692307692308,0.465680473372781,0.656213017751479,0.728402366863905,0.138461538461538,0.231360946745562,0.27396449704142,0.463905325443787,3
0.0556213017751479,0.104733727810651,0.0532544378698225,0.177514792899408,0.611834319526627,0.342603550295858,0.13491124260355,0.898816568047337,0.126627218934911,0.0810650887573964,0.0863905325443787,0.122485207100592,0.190532544378698,0.891715976331361,0.818343195266272,0.882840236686391,0.0319526627218935,0.13905325443787,1
0.0988165680473373,0.547337278106509,0.194082840236686,0.310059171597633,0.679289940828402,0.16508875739645,0.242603550295858,0.76094674556213,0.344378698224852,0.351479289940828,0.263313609467456,0.242011834319527,0.59112426035503,0.728402366863905,0.453254437869823,0.057396449704142,0.192899408284024,0.184615384615385,2
0.329585798816568,0.659763313609467,0.525443786982248,0.386390532544379,0.259763313609467,0.50887573964497,0.56094674556213,0.437869822485207,0.554437869822485,0.589349112426035,0.57810650887574,0.563313609467456,0.740828402366864,0.544378698224852,0.729585798816568,0.650887573964497,0.392307692307692,0.32603550295858,0
0.63491124260355,0.305325443786982,0.443786982248521,0.585798816568047,0.679289940828402,0.0568047337278106,0.654437869822485,0.326627218934911,0.650887573964497,0.197041420118343,0.676923076923077,0.665680473372781,0.238461538461538,0.674556213017751,0.0449704142011834,0.185798816568047,0.85207100591716,0.585798816568047,2
0.670414201183432,0.547337278106509,0.315976331360947,0.672781065088757,0.944378698224852,0.0568047337278106,0.56094674556213,0.41301775147929,0.554437869822485,0.423668639053254,0.494674556213018,0.579881656804734,0.656213017751479,0.388757396449704,0.610650887573964,0.322485207100592,0.85207100591716,0.835502958579882,2
0.670414201183432,0.659763313609467,0.640828402366864,0.471005917159763,0.679289940828402,0.631360946745562,0.484023668639053,0.518934911242604,0.554437869822485,0.589349112426035,0.403550295857988,0.480473372781065,0.600591715976331,0.281065088757396,0.138461538461538,0.574556213017752,0.698224852071006,0.797633136094675,3
0.63491124260355,0.659763313609467,0.443786982248521,0.840828402366864,0.959171597633136,0.16508875739645,0.603550295857988,0.369822485207101,0.554437869822485,0.608284023668639,0.582248520710059,0.614201183431953,0.600591715976331,0.331360946745562,0.53491124260355,0.68284023668639,0.930177514792899,0.835502958579882,2
0.237278106508876,0.0556213017751479,0.0224852071005917,0.0372781065088757,0.311242603550296,0.0159763313609467,0.0177514792899408,0.982840236686391,0.0248520710059172,0.0313609467455621,0.0224852071005917,0.0165680473372781,0.143786982248521,0.941420118343195,0.729585798816568,0.650887573964497,0.0733727810650888,0.0550295857988166,3
0.96508875739645,0.820710059171598,0.716568047337278,0.689940828402367,0.311242603550296,0.0159763313609467,0.970414201183432,0.0289940828402367,0.937869822485207,0.724260355029586,0.97396449704142,0.971597633136095,0.885207100591716,0.891715976331361,0.0449704142011834,0.756804733727811,0.392307692307692,0.163905325443787,2
0.859171597633136,0.78698224852071,0.966863905325444,0.725443786982249,0.374556213017751,0.883431952662722,0.88698224852071,0.132544378698225,0.850295857988166,0.816568047337278,0.939644970414201,0.886390532544379,0.793491124260355,0.544378698224852,0.936094674556213,0.840828402366864,0.597041420118343,0.749704142011834,1
0.237278106508876,0.104733727810651,0.0615384615384615,0.159763313609467,0.259763313609467,0.16508875739645,0.0686390532544379,0.921301775147929,0.126627218934911,0.0994082840236686,0.102958579881657,0.0674556213017752,0.0988165680473373,0.459763313609467,0.138461538461538,0.614792899408284,0.325443786982249,0.29585798816568,1
0.0556213017751479,0.0556213017751479,0.0307692307692308,0.0372781065088757,0.0615384615384615,0.342603550295858,0.0497041420118343,0.950887573964497,0.126627218934911,0.0443786982248521,0.0579881656804734,0.0502958579881657,0.0775147928994083,0.814201183431953,0.138461538461538,0.231360946745562,0.0733727810650888,0.101183431952663,1
0.885207100591716,0.968047337278107,0.756213017751479,0.881656804733728,0.679289940828402,0.883431952662722,0.88698224852071,0.132544378698225,0.850295857988166,0.951479289940828,0.853254437869822,0.889349112426036,0.875147928994083,0.544378698224852,0.223668639053254,0.756804733727811,0.464497041420118,0.647337278106509,0
0.0218934911242604,0.210059171597633,0.0615384615384615,0.0710059171597633,0.2,0.16508875739645,0.171597633136095,0.849112426035503,0.126627218934911,0.135502958579882,0.0863905325443787,0.160355029585799,0.182840236686391,0.84792899408284,0.0449704142011834,0.231360946745562,0.0319526627218935,0.163905325443787,0
0.906508875739645,0.897041420118343,0.785207100591716,0.967455621301775,0.82603550295858,0.0159763313609467,0.986390532544379,0.0153846153846154,0.985798816568047,0.795266272189349,0.991715976331361,0.98698224852071,0.997633136094675,0.985798816568047,0.453254437869823,0.496449704142012,0.154437869822485,0.0165680473372781,2
0.0366863905325444,0.610059171597633,0.289940828402367,0.250887573964497,0.491715976331361,0.342603550295858,0.430769230769231,0.597041420118343,0.344378698224852,0.565680473372781,0.482840236686391,0.424852071005917,0.703550295857988,0.84792899408284,0.138461538461538,0.614792899408284,0.154437869822485,0.184615384615385,2
0.759171597633136,0.78698224852071,0.985798816568047,0.959171597633136,0.82603550295858,0.631360946745562,0.88698224852071,0.0597633136094675,0.850295857988166,0.795266272189349,0.959763313609467,0.900591715976331,0.812426035502959,0.544378698224852,0.53491124260355,0.73491124260355,0.536686390532544,0.647337278106509,0
0.27396449704142,0.483431952662722,0.289940828402367,0.284615384615385,0.2,0.50887573964497,0.199408284023669,0.82603550295858,0.344378698224852,0.382248520710059,0.141420118343195,0.192307692307692,0.510650887573964,0.281065088757396,0.610650887573964,0.73491124260355,0.464497041420118,0.524260355029586,0
0.564497041420118,0.734319526627219,0.640828402366864,0.41301775147929,0.679289940828402,0.753254437869822,0.50414201183432,0.518934911242604,0.554437869822485,0.724260355029586,0.507692307692308,0.49585798816568,0.793491124260355,0.728402366863905,0.369822485207101,0.0171597633136095,0.192899408284024,0.363313609467456,3
0.733727810650888,0.418343195266272,0.671005917159763,0.749112426035503,0.611834319526627,0.50887573964497,0.694674556213018,0.300591715976331,0.707100591715976,0.423668639053254,0.707100591715976,0.691715976331361,0.409467455621302,0.281065088757396,0.53491124260355,0.574556213017752,0.646153846153846,0.647337278106509,1
0.389940828402367,0.659763313609467,0.609467455621302,0.284615384615385,0.311242603550296,0.631360946745562,0.409467455621302,0.597041420118343,0.344378698224852,0.671597633136095,0.450295857988166,0.417159763313609,0.618343195266272,0.615976331360947,0.369822485207101,0.101775147928994,0.325443786982249,0.524260355029586,3
0.564497041420118,0.659763313609467,0.609467455621302,1,1,0.99585798816568,0.466863905325444,0.518934911242604,0.344378698224852,0.671597633136095,1,0.459171597633136,0.675739644970414,1,0.855029585798817,0.410059171597633,0.464497041420118,0.463905325443787,3
0.759171597633136,0.985207100591716,0.949112426035503,0.865680473372781,0.611834319526627,0.883431952662722,0.970414201183432,0.0597633136094675,0.937869822485207,0.994674556213018,0.949112426035503,0.968047337278107,0.807692307692308,0.544378698224852,0.53491124260355,0.756804733727811,0.325443786982249,0.585798816568047,0
0.192307692307692,0.354437869822485,0.117751479289941,0.014792899408284,0.0130177514792899,0.50887573964497,0.409467455621302,0.68284023668639,0.344378698224852,0.327810650887574,0.29112426035503,0.343195266272189,0.452662721893491,0.941420118343195,0.369822485207101,0.68284023668639,0.0319526627218935,0.0550295857988166,2
0.437869822485207,0.157396449704142,0.254437869822485,0.424260355029586,0.78698224852071,0.990532544378698,0.183431952662722,0.80414201183432,0.126627218934911,0.288757396449704,0.169822485207101,0.192307692307692,0.0887573964497041,0.22603550295858,0.369822485207101,0.496449704142012,0.698224852071006,0.797633136094675,3
0.517159763313609,0.483431952662722,0.681065088757396,0.490532544378698,0.742603550295858,0.753254437869822,0.430769230769231,0.597041420118343,0.344378698224852,0.689349112426035,0.328402366863905,0.428994082840237,0.190532544378698,0.171005917159763,0.729585798816568,0.71301775147929,0.782840236686391,0.835502958579882,3
0.192307692307692,0.659763313609467,0.387573964497041,0.481065088757396,0.863313609467456,0.16508875739645,0.449112426035503,0.518934911242604,0.344378698224852,0.504733727810651,0.469230769230769,0.469822485207101,0.703550295857988,0.674556213017751,0.610650887573964,0.142603550295858,0.464497041420118,0.363313609467456,2
0.389940828402367,0.734319526627219,0.563313609467456,0.672781065088757,0.611834319526627,0.342603550295858,0.646153846153846,0.348520710059172,0.650887573964497,0.660355029585799,0.676923076923077,0.647337278106509,0.928402366863905,0.388757396449704,0.138461538461538,0.101775147928994,0.536686390532544,0.408284023668639,1
0.670414201183432,0.104733727810651,0.415384615384615,0.513609467455621,0.439644970414201,0.50887573964497,0.56094674556213,0.437869822485207,0.554437869822485,0.135502958579882,0.592899408284024,0.570414201183432,0.123668639053254,0.544378698224852,0.0449704142011834,0.0171597633136095,0.464497041420118,0.29585798816568,0
0.948520710059172,0.985207100591716,0.934319526627219,0.585798816568047,0.0224852071005917,0.0568047337278106,0.991715976331361,0.00532544378698225,0.994082840236686,0.911834319526627,0.995266272189349,0.994082840236686,0.995266272189349,0.976331360946746,0.818343195266272,0.101775147928994,0.154437869822485,0.000591715976331361,2
0.329585798816568,0.305325443786982,0.387573964497041,0.449704142011834,0.78698224852071,0.0568047337278106,0.430769230769231,0.518934911242604,0.344378698224852,0.237278106508876,0.450295857988166,0.451479289940828,0.291715976331361,0.544378698224852,0.223668639053254,0.0171597633136095,0.464497041420118,0.408284023668639,2
0.705917159763314,0.157396449704142,0.254437869822485,0.662130177514793,0.863313609467456,0.16508875739645,0.588757396449704,0.39112426035503,0.554437869822485,0.237278106508876,0.592899408284024,0.591715976331361,0.0834319526627219,0.459763313609467,0.294674556213018,0.71301775147929,0.950295857988166,0.835502958579882,2
0.237278106508876,0.354437869822485,0.10414201183432,0.330769230769231,0.679289940828402,0.753254437869822,0.111834319526627,0.873372781065089,0.126627218934911,0.327810650887574,0.123076923076923,0.12603550295858,0.341420118343195,0.22603550295858,0.610650887573964,0.0171597633136095,0.746745562130178,0.749704142011834,3
0.928994082840237,0.855621301775148,0.966863905325444,0.911834319526627,0.679289940828402,0.96508875739645,0.790532544378698,0.201775147928994,0.766272189349112,0.816568047337278,0.742603550295858,0.783431952662722,0.786390532544379,0.128994082840237,0.992899408284024,0.840828402366864,0.782840236686391,0.898816568047337,1
0.137278106508876,0.104733727810651,0.506508875739645,0.402366863905325,0.374556213017751,0.50887573964497,0.430769230769231,0.597041420118343,0.344378698224852,0.0443786982248521,0.507692307692308,0.428994082840237,0.123668639053254,0.331360946745562,0.53491124260355,0.811834319526627,0.646153846153846,0.524260355029586,0
0.788165680473373,0.820710059171598,0.911834319526627,0.449704142011834,0.0615384615384615,0.753254437869822,0.833136094674556,0.132544378698225,0.850295857988166,0.816568047337278,0.869230769230769,0.839644970414201,0.801183431952663,0.674556213017751,0.855029585798817,0.496449704142012,0.325443786982249,0.363313609467456,0
0.63491124260355,0.210059171597633,0.443786982248521,0.424260355029586,0.550887573964497,0.50887573964497,0.183431952662722,0.80414201183432,0.126627218934911,0.608284023668639,0.160355029585799,0.186390532544379,0.0455621301775148,0.0266272189349112,0.936094674556213,0.142603550295858,0.969230769230769,0.963313609467456,3
0.832544378698225,0.699408284023669,0.815384615384615,0.840828402366864,0.550887573964497,0.96508875739645,0.757396449704142,0.244378698224852,0.766272189349112,0.724260355029586,0.735502958579882,0.752662721893491,0.390532544378698,0.171005917159763,0.674556213017751,0.840828402366864,0.698224852071006,0.797633136094675,0
0.27396449704142,0.259763313609467,0.342603550295858,0.555621301775148,0.863313609467456,0.342603550295858,0.343195266272189,0.597041420118343,0.344378698224852,0.25207100591716,0.428402366863905,0.398816568047337,0.265680473372781,0.331360946745562,0.223668639053254,0.781656804733728,0.85207100591716,0.7,2
0.0218934911242604,0.157396449704142,0.10414201183432,0.142603550295858,0.374556213017751,0.50887573964497,0.123668639053254,0.898816568047337,0.126627218934911,0.0443786982248521,0.0923076923076923,0.105325443786982,0.117159763313609,0.765680473372781,0.138461538461538,0.863905325443787,0.0319526627218935,0.204733727810651,0
0.437869822485207,0.157396449704142,0.387573964497041,0.192307692307692,0.0615384615384615,0.16508875739645,0.219526627218935,0.80414201183432,0.344378698224852,0.135502958579882,0.209467455621302,0.204733727810651,0.247337278106509,0.331360946745562,0.138461538461538,0.322485207100592,0.325443786982249,0.266863905325444,1
0.192307692307692,0.547337278106509,0.289940828402367,0.37810650887574,0.78698224852071,0.342603550295858,0.242603550295858,0.68284023668639,0.344378698224852,0.423668639053254,0.243786982248521,0.272189349112426,0.537278106508876,0.544378698224852,0.453254437869823,0.274556213017751,0.536686390532544,0.463905325443787,2
0.192307692307692,0.157396449704142,0.631360946745562,0.569230769230769,0.439644970414201,0.631360946745562,0.62189349112426,0.39112426035503,0.650887573964497,0.197041420118343,0.608284023668639,0.620118343195266,0.143786982248521,0.281065088757396,0.138461538461538,0.930177514792899,0.646153846153846,0.647337278106509,1
0.329585798816568,0.547337278106509,0.443786982248521,0.681065088757396,0.679289940828402,0.631360946745562,0.56094674556213,0.437869822485207,0.554437869822485,0.622485207100592,0.603550295857988,0.569230769230769,0.510650887573964,0.171005917159763,0.369822485207101,0.101775147928994,0.782840236686391,0.749704142011834,1
0.00650887573964497,0.0556213017751479,0.0112426035502959,0.0307692307692308,0.2,0.0159763313609467,0.029585798816568,0.982840236686391,0.0248520710059172,0.0195266272189349,0.00769230769230769,0.0248520710059172,0.117159763313609,0.923076923076923,0.138461538461538,0.540236686390533,0.00591715976331361,0.101183431952663,0
0.0218934911242604,0.418343195266272,0.289940828402367,0.169230769230769,0.439644970414201,0.342603550295858,0.343195266272189,0.68284023668639,0.344378698224852,0.504733727810651,0.328402366863905,0.32603550295858,0.537278106508876,0.869822485207101,0.53491124260355,0.650887573964497,0.0733727810650888,0.101183431952663,2
0.27396449704142,0.0556213017751479,0.471597633136095,0.424260355029586,0.550887573964497,0.16508875739645,0.183431952662722,0.82603550295858,0.126627218934911,0.0130177514792899,0.160355029585799,0.17396449704142,0.0834319526627219,0.171005917159763,0.369822485207101,0.984023668639053,0.782840236686391,0.797633136094675,0
0.137278106508876,0.547337278106509,0.543195266272189,0.169230769230769,0.2,0.883431952662722,0.533727810650888,0.518934911242604,0.554437869822485,0.689349112426035,0.328402366863905,0.489940828402367,0.492307692307692,0.765680473372781,0.77810650887574,0.811834319526627,0.192899408284024,0.32603550295858,3
0.788165680473373,0.855621301775148,0.966863905325444,0.642603550295858,0.1,0.96508875739645,0.876923076923077,0.132544378698225,0.850295857988166,0.937869822485207,0.78698224852071,0.872781065088757,0.675739644970414,0.281065088757396,0.369822485207101,0.882840236686391,0.597041420118343,0.749704142011834,0
0.329585798816568,0.483431952662722,0.254437869822485,0.402366863905325,0.679289940828402,0.16508875739645,0.19112426035503,0.80414201183432,0.126627218934911,0.382248520710059,0.195266272189349,0.198224852071006,0.492307692307692,0.171005917159763,0.729585798816568,0.496449704142012,0.746745562130178,0.647337278106509,2
0.63491124260355,0.0556213017751479,0.363905325443787,0.631360946745562,0.924852071005917,0.16508875739645,0.305325443786982,0.518934911242604,0.344378698224852,0.0603550295857988,0.494674556213018,0.398816568047337,0.0668639053254438,0.331360946745562,0.0449704142011834,0.71301775147929,0.969230769230769,0.898816568047337,2
0.237278106508876,0.418343195266272,0.254437869822485,0.513609467455621,0.959171597633136,0.342603550295858,0.409467455621302,0.597041420118343,0.344378698224852,0.467455621301775,0.482840236686391,0.398816568047337,0.452662721893491,0.765680473372781,0.53491124260355,0.540236686390533,0.23491124260355,0.184615384615385,2
0.517159763313609,0.00710059171597633,0.315976331360947,0.276331360946746,0.2,0.16508875739645,0.111834319526627,0.873372781065089,0.126627218934911,0.0130177514792899,0.130769230769231,0.120710059171598,0.0526627218934911,0.0514792899408284,0.453254437869823,0.781656804733728,0.950295857988166,0.926627218934911,1
0.63491124260355,0.210059171597633,0.0467455621301775,0.0372781065088757,0.0224852071005917,0.16508875739645,0.111834319526627,0.921301775147929,0.126627218934911,0.288757396449704,0.102958579881657,0.0982248520710059,0.255621301775148,0.962721893491124,0.53491124260355,0.0171597633136095,0.117751479289941,0.0165680473372781,3
0.705917159763314,0.699408284023669,0.815384615384615,0.749112426035503,0.491715976331361,0.883431952662722,0.797633136094675,0.132544378698225,0.766272189349112,0.635502958579882,0.883431952662722,0.812426035502959,0.720118343195266,0.459763313609467,0.453254437869823,0.322485207100592,0.536686390532544,0.463905325443787,0
0.389940828402367,0.00710059171597633,0.149704142011834,0.402366863905325,0.374556213017751,0.342603550295858,0.183431952662722,0.80414201183432,0.126627218934911,0.0195266272189349,0.209467455621302,0.19585798816568,0.0130177514792899,0.00946745562130178,0.138461538461538,0.142603550295858,0.969230769230769,0.947337278106509,1
0.137278106508876,0.547337278106509,0.254437869822485,0.0532544378698225,0.1,0.342603550295858,0.305325443786982,0.68284023668639,0.344378698224852,0.467455621301775,0.29112426035503,0.301183431952663,0.656213017751479,0.869822485207101,0.674556213017751,0.185798816568047,0.117751479289941,0.101183431952663,2
0.437869822485207,0.305325443786982,0.705917159763314,0.769822485207101,0.742603550295858,0.631360946745562,0.676923076923077,0.326627218934911,0.650887573964497,0.25207100591716,0.663313609467456,0.675147928994083,0.284615384615385,0.171005917159763,0.818343195266272,0.882840236686391,0.746745562130178,0.7,0
0.329585798816568,0.0556213017751479,0.220710059171598,0.26094674556213,0.259763313609467,0.342603550295858,0.13491124260355,0.873372781065089,0.126627218934911,0.0443786982248521,0.102958579881657,0.130769230769231,0.0775147928994083,0.171005917159763,0.294674556213018,0.988165680473373,0.746745562130178,0.835502958579882,0
0.906508875739645,0.855621301775148,0.756213017751479,0.830177514792899,0.611834319526627,0.883431952662722,0.924260355029586,0.0597633136094675,0.937869822485207,0.871005917159763,0.896449704142012,0.918934911242604,0.856804733727811,0.459763313609467,0.77810650887574,0.882840236686391,0.464497041420118,0.524260355029586,0
0.192307692307692,0.157396449704142,0.671005917159763,0.576331360946746,0.374556213017751,0.631360946745562,0.615976331360947,0.39112426035503,0.554437869822485,0.157396449704142,0.603550295857988,0.61301775147929,0.238461538461538,0.22603550295858,0.610650887573964,0.977514792899408,0.746745562130178,0.797633136094675,0
0.987573964497041,0.760355029585799,0.884023668639053,0.769822485207101,0.311242603550296,0.883431952662722,0.807692307692308,0.201775147928994,0.850295857988166,0.743195266272189,0.826627218934911,0.801183431952663,0.656213017751479,0.22603550295858,0.936094674556213,0.840828402366864,0.646153846153846,0.797633136094675,1
0.0988165680473373,0.104733727810651,0.254437869822485,0.284615384615385,0.550887573964497,0.631360946745562,0.145562130177515,0.82603550295858,0.126627218934911,0.197041420118343,0.141420118343195,0.156804733727811,0.168047337278107,0.281065088757396,0.818343195266272,0.410059171597633,0.782840236686391,0.797633136094675,3
0.859171597633136,0.855621301775148,0.966863905325444,0.856804733727811,0.491715976331361,0.883431952662722,0.88698224852071,0.132544378698225,0.850295857988166,0.886390532544379,0.869230769230769,0.886390532544379,0.820710059171598,0.22603550295858,0.0449704142011834,0.410059171597633,0.464497041420118,0.749704142011834,1
0.733727810650888,0.659763313609467,0.689940828402367,0.965680473372781,0.978698224852071,0.0568047337278106,0.771597633136095,0.201775147928994,0.766272189349112,0.565680473372781,0.949112426035503,0.786390532544379,0.656213017751479,0.830769230769231,0.369822485207101,0.496449704142012,0.698224852071006,0.266863905325444,2
0.0988165680473373,0.157396449704142,0.563313609467456,0.250887573964497,0.1,0.342603550295858,0.305325443786982,0.68284023668639,0.344378698224852,0.157396449704142,0.482840236686391,0.309467455621302,0.247337278106509,0.674556213017751,0.53491124260355,0.944970414201183,0.27396449704142,0.266863905325444,1
0.137278106508876,0.354437869822485,0.254437869822485,0.142603550295858,0.2,0.342603550295858,0.343195266272189,0.68284023668639,0.344378698224852,0.467455621301775,0.482840236686391,0.315976331360947,0.47396449704142,0.891715976331361,0.77810650887574,0.614792899408284,0.117751479289941,0.13905325443787,2
0.859171597633136,0.78698224852071,0.911834319526627,0.503550295857988,0.1,0.753254437869822,0.807692307692308,0.201775147928994,0.850295857988166,0.795266272189349,0.78698224852071,0.80414201183432,0.921301775147929,0.544378698224852,0.729585798816568,0.781656804733728,0.392307692307692,0.524260355029586,1
0.137278106508876,0.104733727810651,0.194082840236686,0.284615384615385,0.439644970414201,0.16508875739645,0.0816568047337278,0.898816568047337,0.126627218934911,0.114792899408284,0.0816568047337278,0.0940828402366864,0.0284023668639053,0.128994082840237,0.294674556213018,0.614792899408284,0.817751479289941,0.835502958579882,3
0.517159763313609,0.354437869822485,0.10414201183432,0.0798816568047337,0.0224852071005917,0.342603550295858,0.13491124260355,0.898816568047337,0.126627218934911,0.423668639053254,0.195266272189349,0.118343195266272,0.297633136094675,0.814201183431953,0.954437869822485,0.540236686390533,0.27396449704142,0.13905325443787,3
0.0988165680473373,0.259763313609467,0.289940828402367,0.153254437869822,0.144378698224852,0.342603550295858,0.343195266272189,0.68284023668639,0.344378698224852,0.197041420118343,0.243786982248521,0.32603550295858,0.400591715976331,0.84792899408284,0.855029585798817,0.057396449704142,0.0733727810650888,0.163905325443787,0
0.437869822485207,0.734319526627219,0.631360946745562,0.749112426035503,0.611834319526627,0.50887573964497,0.654437869822485,0.348520710059172,0.650887573964497,0.689349112426035,0.671597633136095,0.654437869822485,0.777514792899408,0.22603550295858,0.610650887573964,0.231360946745562,0.698224852071006,0.585798816568047,0
0.705917159763314,0.659763313609467,0.985798816568047,0.819526627218935,0.374556213017751,0.883431952662722,0.753254437869822,0.273372781065089,0.766272189349112,0.660355029585799,0.688165680473373,0.746745562130178,0.400591715976331,0.00946745562130178,0.138461538461538,0.977514792899408,0.782840236686391,0.963313609467456,1
0.788165680473373,0.78698224852071,0.756213017751479,0.737278106508876,0.439644970414201,0.753254437869822,0.733136094674556,0.273372781065089,0.707100591715976,0.774556213017751,0.77396449704142,0.731360946745562,0.908284023668639,0.22603550295858,0.0449704142011834,0.451479289940828,0.698224852071006,0.749704142011834,1
0.389940828402367,0.659763313609467,0.342603550295858,0.192307692307692,0.311242603550296,0.883431952662722,0.56094674556213,0.467455621301775,0.554437869822485,0.649704142011834,0.378698224852071,0.546745562130178,0.633136094674556,0.792307692307692,0.818343195266272,0.367455621301775,0.192899408284024,0.266863905325444,3
0.437869822485207,0.0556213017751479,0.0615384615384615,0.109467455621302,0.2,0.16508875739645,0.0242603550295858,0.972189349112426,0.0248520710059172,0.114792899408284,0.0266272189349112,0.0272189349112426,0.0159763313609467,0.22603550295858,0.53491124260355,0.614792899408284,0.698224852071006,0.585798816568047,3
0.733727810650888,0.760355029585799,0.655029585798817,0.840828402366864,0.679289940828402,0.753254437869822,0.68698224852071,0.300591715976331,0.707100591715976,0.743195266272189,0.702958579881657,0.684615384615385,0.720118343195266,0.171005917159763,0.855029585798817,0.496449704142012,0.782840236686391,0.749704142011834,0
0.811834319526627,0.855621301775148,0.815384615384615,0.991715976331361,0.959171597633136,0.0159763313609467,0.977514792899408,0.0236686390532544,0.977514792899408,0.816568047337278,0.980473372781065,0.977514792899408,0.975147928994083,0.941420118343195,0.610650887573964,0.840828402366864,0.23491124260355,0.101183431952663,2
0.329585798816568,0.610059171597633,0.363905325443787,0.182248520710059,0.374556213017751,0.631360946745562,0.50414201183432,0.597041420118343,0.554437869822485,0.724260355029586,0.328402366863905,0.469822485207101,0.556213017751479,0.830769230769231,0.855029585798817,0.142603550295858,0.23491124260355,0.266863905325444,3
0.788165680473373,0.820710059171598,0.815384615384615,0.769822485207101,0.550887573964497,0.631360946745562,0.705325443786982,0.300591715976331,0.707100591715976,0.795266272189349,0.697041420118343,0.701183431952663,0.793491124260355,0.22603550295858,0.914201183431953,0.650887573964497,0.746745562130178,0.797633136094675,1
0.601183431952663,0.985207100591716,0.884023668639053,0.971597633136095,0.978698224852071,0.753254437869822,0.833136094674556,0.132544378698225,0.850295857988166,0.971005917159763,0.840828402366864,0.843195266272189,0.936094674556213,0.674556213017751,0.0449704142011834,0.185798816568047,0.325443786982249,0.32603550295858,0
0.788165680473373,0.855621301775148,0.689940828402367,0.737278106508876,0.742603550295858,0.16508875739645,0.780473372781065,0.201775147928994,0.766272189349112,0.774556213017751,0.927218934911243,0.797041420118343,0.856804733727811,0.814201183431953,0.453254437869823,0.614792899408284,0.698224852071006,0.29585798816568,2
0.437869822485207,0.210059171597633,0.543195266272189,0.471005917159763,0.863313609467456,0.753254437869822,0.210059171597633,0.76094674556213,0.344378698224852,0.25207100591716,0.195266272189349,0.21301775147929,0.328994082840237,0.281065088757396,0.888165680473373,0.410059171597633,0.646153846153846,0.749704142011834,3
0.437869822485207,0.610059171597633,0.387573964497041,0.651479289940828,0.98698224852071,0.342603550295858,0.449112426035503,0.467455621301775,0.344378698224852,0.536094674556213,0.494674556213018,0.489940828402367,0.715384615384615,0.544378698224852,0.674556213017751,0.367455621301775,0.698224852071006,0.647337278106509,2
0.564497041420118,0.104733727810651,0.363905325443787,0.513609467455621,0.374556213017751,0.342603550295858,0.573372781065089,0.437869822485207,0.554437869822485,0.174556213017751,0.494674556213018,0.57396449704142,0.0887573964497041,0.0514792899408284,0.53491124260355,0.274556213017751,0.907100591715976,0.868639053254438,0
0.475739644970414,0.157396449704142,0.363905325443787,0.594082840236686,0.550887573964497,0.631360946745562,0.56094674556213,0.437869822485207,0.554437869822485,0.220710059171598,0.53491124260355,0.563313609467456,0.0988165680473373,0.0514792899408284,0.610650887573964,0.944970414201183,0.881065088757396,0.926627218934911,0
0.601183431952663,0.418343195266272,0.289940828402367,0.41301775147929,0.679289940828402,0.16508875739645,0.230177514792899,0.68284023668639,0.344378698224852,0.327810650887574,0.29112426035503,0.272189349112426,0.452662721893491,0.22603550295858,0.674556213017751,0.185798816568047,0.817751479289941,0.7,2
0.906508875739645,0.820710059171598,0.815384615384615,0.911834319526627,0.679289940828402,0.883431952662722,0.76508875739645,0.244378698224852,0.766272189349112,0.724260355029586,0.725443786982249,0.766863905325444,0.801183431952663,0.128994082840237,0.223668639053254,0.185798816568047,0.698224852071006,0.868639053254438,1
0.0366863905325444,0.418343195266272,0.194082840236686,0.225443786982249,0.550887573964497,0.342603550295858,0.305325443786982,0.76094674556213,0.344378698224852,0.467455621301775,0.378698224852071,0.279881656804734,0.452662721893491,0.910650887573965,0.138461538461538,0.614792899408284,0.0733727810650888,0.101183431952663,2
0.475739644970414,0.418343195266272,0.254437869822485,0.0875739644970414,0.0372781065088757,0.16508875739645,0.171597633136095,0.849112426035503,0.126627218934911,0.423668639053254,0.195266272189349,0.163905325443787,0.47396449704142,0.830769230769231,0.369822485207101,0.68284023668639,0.192899408284024,0.13905325443787,3
0.0769230769230769,0.547337278106509,0.342603550295858,0.435502958579882,0.863313609467456,0.50887573964497,0.199408284023669,0.76094674556213,0.126627218934911,0.423668639053254,0.29112426035503,0.204733727810651,0.582840236686391,0.459763313609467,0.77810650887574,0.142603550295858,0.646153846153846,0.647337278106509,3
0.832544378698225,0.985207100591716,0.911834319526627,0.946153846153846,0.898816568047337,0.883431952662722,0.899408284023669,0.0597633136094675,0.850295857988166,0.951479289940828,0.869230769230769,0.905917159763314,0.987573964497041,0.615976331360947,0.77810650887574,0.101775147928994,0.392307692307692,0.408284023668639,0
0.705917159763314,0.354437869822485,0.681065088757396,0.716568047337278,0.491715976331361,0.631360946745562,0.663313609467456,0.348520710059172,0.650887573964497,0.423668639053254,0.592899408284024,0.660355029585799,0.143786982248521,0.00946745562130178,0.294674556213018,0.367455621301775,0.930177514792899,0.963313609467456,1
0.389940828402367,0.305325443786982,0.0745562130177515,0.300591715976331,0.439644970414201,0.16508875739645,0.0686390532544379,0.921301775147929,0.126627218934911,0.327810650887574,0.0781065088757396,0.0733727810650888,0.315384615384615,0.00946745562130178,0.888165680473373,0.185798816568047,0.969230769230769,0.963313609467456,3
0.906508875739645,0.820710059171598,0.949112426035503,0.896449704142012,0.550887573964497,0.50887573964497,0.757396449704142,0.244378698224852,0.766272189349112,0.774556213017751,0.763313609467456,0.762130177514793,0.766863905325444,0.22603550295858,0.729585798816568,0.71301775147929,0.782840236686391,0.749704142011834,0
0.670414201183432,0.659763313609467,0.525443786982248,0.631360946745562,0.679289940828402,0.50887573964497,0.609467455621302,0.39112426035503,0.554437869822485,0.608284023668639,0.613609467455621,0.607692307692308,0.600591715976331,0.388757396449704,0.818343195266272,0.101775147928994,0.698224852071006,0.585798816568047,0
0.137278106508876,0.259763313609467,0.149704142011834,0.0633136094674556,0.0372781065088757,0.0159763313609467,0.409467455621302,0.597041420118343,0.344378698224852,0.174556213017751,0.328402366863905,0.391715976331361,0.382248520710059,0.976331360946746,0.888165680473373,0.142603550295858,0.0733727810650888,0.0550295857988166,0
0.759171597633136,0.734319526627219,0.506508875739645,0.856804733727811,0.924852071005917,0.16508875739645,0.676923076923077,0.300591715976331,0.650887573964497,0.689349112426035,0.681065088757396,0.684615384615385,0.749112426035503,0.615976331360947,0.294674556213018,0.574556213017752,0.907100591715976,0.647337278106509,2
0.0556213017751479,0.418343195266272,0.289940828402367,0.367455621301775,0.863313609467456,0.342603550295858,0.343195266272189,0.68284023668639,0.344378698224852,0.382248520710059,0.358579881656805,0.32603550295858,0.492307692307692,0.814201183431953,0.610650887573964,0.496449704142012,0.117751479289941,0.163905325443787,2
0.00650887573964497,0.418343195266272,0.254437869822485,0.300591715976331,0.742603550295858,0.50887573964497,0.258579881656805,0.76094674556213,0.344378698224852,0.467455621301775,0.29112426035503,0.253254437869822,0.422485207100592,0.792307692307692,0.138461538461538,0.540236686390533,0.117751479289941,0.163905325443787,2
0.63491124260355,0.897041420118343,0.884023668639053,0.569230769230769,0.311242603550296,0.753254437869822,0.867455621301775,0.132544378698225,0.850295857988166,0.971005917159763,0.798816568047337,0.86508875739645,0.928402366863905,0.728402366863905,0.888165680473373,0.863905325443787,0.325443786982249,0.363313609467456,0
0.885207100591716,0.78698224852071,0.966863905325444,0.808284023668639,0.550887573964497,0.883431952662722,0.924260355029586,0.0597633136094675,0.937869822485207,0.816568047337278,0.939644970414201,0.92189349112426,0.786390532544379,0.544378698224852,0.855029585798817,0.68284023668639,0.536686390532544,0.7,1
0.475739644970414,0.259763313609467,0.0745562130177515,0.276331360946746,0.374556213017751,0.50887573964497,0.0597633136094675,0.921301775147929,0.0248520710059172,0.288757396449704,0.0781065088757396,0.0633136094674556,0.255621301775148,0.0266272189349112,0.888165680473373,0.057396449704142,0.998224852071006,0.99112426035503,3
0.437869822485207,0.483431952662722,0.149704142011834,0.342603550295858,0.611834319526627,0.342603550295858,0.155029585798817,0.82603550295858,0.126627218934911,0.504733727810651,0.225443786982249,0.156804733727811,0.415384615384615,0.544378698224852,0.138461538461538,0.410059171597633,0.464497041420118,0.363313609467456,3
0.859171597633136,0.939644970414201,0.985798816568047,0.976923076923077,0.82603550295858,0.96508875739645,0.899408284023669,0.0597633136094675,0.850295857988166,0.962130177514793,0.920710059171598,0.905917159763314,0.946153846153846,0.22603550295858,0.674556213017751,0.840828402366864,0.646153846153846,0.797633136094675,0
0.885207100591716,0.760355029585799,0.705917159763314,0.555621301775148,0.1,0.0159763313609467,0.948520710059172,0.0597633136094675,0.937869822485207,0.743195266272189,0.969822485207101,0.958579881656805,0.812426035502959,0.910650887573965,0.369822485207101,0.540236686390533,0.325443786982249,0.101183431952663,2
0.928994082840237,0.968047337278107,0.911834319526627,0.819526627218935,0.491715976331361,0.883431952662722,0.936686390532544,0.0597633136094675,0.937869822485207,0.992899408284024,0.949112426035503,0.944970414201183,0.835502958579882,0.544378698224852,0.936094674556213,0.057396449704142,0.536686390532544,0.463905325443787,0
0.0556213017751479,0.259763313609467,0.342603550295858,0.250887573964497,0.259763313609467,0.50887573964497,0.430769230769231,0.597041420118343,0.344378698224852,0.174556213017751,0.403550295857988,0.405917159763314,0.284615384615385,0.728402366863905,0.818343195266272,0.410059171597633,0.117751479289941,0.184615384615385,0
0.670414201183432,0.939644970414201,0.884023668639053,0.935502958579882,0.944378698224852,0.631360946745562,0.824852071005917,0.201775147928994,0.850295857988166,0.924260355029586,0.811834319526627,0.818934911242604,0.936094674556213,0.674556213017751,0.138461538461538,0.882840236686391,0.325443786982249,0.463905325443787,1
0.788165680473373,0.939644970414201,0.815384615384615,0.631360946745562,0.259763313609467,0.984615384615385,0.963905325443787,0.0597633136094675,0.937869822485207,0.982840236686391,0.853254437869822,0.963313609467456,0.801183431952663,0.459763313609467,0.453254437869823,0.451479289940828,0.325443786982249,0.585798816568047,0
0.329585798816568,0.610059171597633,0.471597633136095,0.330769230769231,0.611834319526627,0.883431952662722,0.546745562130178,0.518934911242604,0.554437869822485,0.757988165680473,0.328402366863905,0.515976331360947,0.537278106508876,0.615976331360947,0.453254437869823,0.410059171597633,0.27396449704142,0.363313609467456,3
0.564497041420118,0.547337278106509,0.671005917159763,0.911834319526627,0.944378698224852,0.0568047337278106,0.694674556213018,0.300591715976331,0.707100591715976,0.467455621301775,0.67396449704142,0.705917159763314,0.600591715976331,0.459763313609467,0.369822485207101,0.574556213017752,0.817751479289941,0.585798816568047,2
0.192307692307692,0.354437869822485,0.10414201183432,0.0710059171597633,0.1,0.16508875739645,0.277514792899408,0.76094674556213,0.344378698224852,0.382248520710059,0.328402366863905,0.253254437869822,0.452662721893491,0.976331360946746,0.138461538461538,0.142603550295858,0.0319526627218935,0.0165680473372781,2
0.859171597633136,0.939644970414201,0.785207100591716,0.808284023668639,0.78698224852071,0.753254437869822,0.856213017751479,0.132544378698225,0.850295857988166,0.951479289940828,0.840828402366864,0.859763313609467,0.921301775147929,0.674556213017751,0.138461538461538,0.057396449704142,0.27396449704142,0.363313609467456,1
0.859171597633136,0.897041420118343,0.689940828402367,0.881656804733728,0.82603550295858,0.883431952662722,0.899408284023669,0.132544378698225,0.850295857988166,0.911834319526627,0.826627218934911,0.891715976331361,0.736094674556213,0.674556213017751,0.369822485207101,0.811834319526627,0.392307692307692,0.463905325443787,0
0.564497041420118,0.610059171597633,0.490532544378698,0.617159763313609,0.550887573964497,0.50887573964497,0.603550295857988,0.41301775147929,0.554437869822485,0.565680473372781,0.603550295857988,0.600591715976331,0.720118343195266,0.22603550295858,0.855029585798817,0.650887573964497,0.646153846153846,0.585798816568047,0
0.192307692307692,0.157396449704142,0.415384615384615,0.268047337278107,0.374556213017751,0.50887573964497,0.199408284023669,0.80414201183432,0.126627218934911,0.135502958579882,0.243786982248521,0.201183431952663,0.143786982248521,0.459763313609467,0.453254437869823,0.451479289940828,0.536686390532544,0.463905325443787,3
0.389940828402367,0.699408284023669,0.471597633136095,0.268047337278107,0.439644970414201,0.883431952662722,0.56094674556213,0.518934911242604,0.554437869822485,0.743195266272189,0.378698224852071,0.542603550295858,0.656213017751479,0.728402366863905,0.223668639053254,0.101775147928994,0.23491124260355,0.32603550295858,3
0.0769230769230769,0.610059171597633,0.289940828402367,0.386390532544379,0.924852071005917,0.16508875739645,0.381065088757396,0.597041420118343,0.344378698224852,0.536094674556213,0.428402366863905,0.381065088757396,0.749112426035503,0.84792899408284,0.294674556213018,0.496449704142012,0.117751479289941,0.163905325443787,2
0.859171597633136,0.985207100591716,0.855029585798817,0.951479289940828,0.959171597633136,0.96508875739645,0.936686390532544,0.0597633136094675,0.937869822485207,0.982840236686391,0.826627218934911,0.93491124260355,0.897041420118343,0.544378698224852,0.818343195266272,0.540236686390533,0.325443786982249,0.408284023668639,0
0.517159763313609,0.547337278106509,0.525443786982248,0.585798816568047,0.679289940828402,0.342603550295858,0.546745562130178,0.437869822485207,0.554437869822485,0.536094674556213,0.52189349112426,0.556804733727811,0.686390532544379,0.388757396449704,0.818343195266272,0.496449704142012,0.698224852071006,0.647337278106509,1
0.0556213017751479,0.210059171597633,0.631360946745562,0.238461538461538,0.1,0.342603550295858,0.430769230769231,0.68284023668639,0.344378698224852,0.197041420118343,0.428402366863905,0.381065088757396,0.156213017751479,0.459763313609467,0.818343195266272,0.73491124260355,0.192899408284024,0.223076923076923,0
0.811834319526627,0.78698224852071,0.966863905325444,0.725443786982249,0.259763313609467,0.753254437869822,0.833136094674556,0.132544378698225,0.850295857988166,0.795266272189349,0.77396449704142,0.826627218934911,0.618343195266272,0.171005917159763,0.610650887573964,0.811834319526627,0.646153846153846,0.749704142011834,0
0.948520710059172,0.897041420118343,0.985798816568047,0.689940828402367,0.259763313609467,0.883431952662722,0.924260355029586,0.132544378698225,0.937869822485207,0.962130177514793,0.912426035502959,0.915384615384615,0.856804733727811,0.388757396449704,0.855029585798817,0.863905325443787,0.536686390532544,0.749704142011834,1
0.670414201183432,0.547337278106509,0.415384615384615,0.569230769230769,0.439644970414201,0.631360946745562,0.50414201183432,0.467455621301775,0.554437869822485,0.589349112426035,0.52189349112426,0.524852071005917,0.431360946745562,0.0514792899408284,0.954437869822485,0.540236686390533,0.907100591715976,0.926627218934911,1
0.137278106508876,0.418343195266272,0.149704142011834,0.142603550295858,0.259763313609467,0.16508875739645,0.381065088757396,0.68284023668639,0.344378698224852,0.382248520710059,0.403550295857988,0.35207100591716,0.422485207100592,0.962721893491124,0.369822485207101,0.410059171597633,0.0733727810650888,0.0550295857988166,2
0.811834319526627,0.897041420118343,0.756213017751479,0.585798816568047,0.2,0.753254437869822,0.911834319526627,0.132544378698225,0.937869822485207,0.924260355029586,0.77396449704142,0.905917159763314,0.936094674556213,0.544378698224852,0.453254437869823,0.71301775147929,0.325443786982249,0.463905325443787,0
0.906508875739645,0.897041420118343,0.911834319526627,0.471005917159763,0.00414201183431953,0.0568047337278106,0.984023668639053,0.0153846153846154,0.985798816568047,0.845562130177515,0.982840236686391,0.983431952662722,0.977514792899408,0.923076923076923,0.855029585798817,0.057396449704142,0.117751479289941,0.0165680473372781,2
0.564497041420118,0.547337278106509,0.315976331360947,0.601183431952663,0.898816568047337,0.16508875739645,0.484023668639053,0.437869822485207,0.344378698224852,0.423668639053254,0.53491124260355,0.537869822485207,0.710059171597633,0.331360946745562,0.453254437869823,0.231360946745562,0.746745562130178,0.585798816568047,2
0.906508875739645,0.939644970414201,0.756213017751479,0.959171597633136,0.863313609467456,0.883431952662722,0.867455621301775,0.132544378698225,0.850295857988166,0.911834319526627,0.811834319526627,0.857988165680473,0.856804733727811,0.281065088757396,0.223668639053254,0.944970414201183,0.536686390532544,0.749704142011834,0
0.564497041420118,0.418343195266272,0.543195266272189,0.192307692307692,0.1,0.753254437869822,0.466863905325444,0.518934911242604,0.344378698224852,0.589349112426035,0.469230769230769,0.480473372781065,0.362130177514793,0.674556213017751,0.138461538461538,0.274556213017751,0.325443786982249,0.524260355029586,3
0.27396449704142,0.0556213017751479,0.0224852071005917,0.014792899408284,0.259763313609467,0.0029585798816568,0.0177514792899408,0.982840236686391,0.0248520710059172,0.0810650887573964,0.0171597633136095,0.014792899408284,0.123668639053254,0.985798816568047,0.610650887573964,0.614792899408284,0.0733727810650888,0.0550295857988166,3
0.811834319526627,0.897041420118343,0.756213017751479,0.498224852071006,0.0615384615384615,0.753254437869822,0.88698224852071,0.132544378698225,0.850295857988166,0.962130177514793,0.896449704142012,0.882248520710059,0.936094674556213,0.544378698224852,0.0449704142011834,0.964497041420118,0.392307692307692,0.585798816568047,0
0.788165680473373,0.968047337278107,0.785207100591716,0.840828402366864,0.550887573964497,0.96508875739645,0.970414201183432,0.0597633136094675,0.937869822485207,0.989349112426036,0.927218934911243,0.969230769230769,0.801183431952663,0.615976331360947,0.0449704142011834,0.496449704142012,0.325443786982249,0.524260355029586,0
0.885207100591716,0.897041420118343,0.730177514792899,0.651479289940828,0.259763313609467,0.753254437869822,0.911834319526627,0.0597633136094675,0.937869822485207,0.911834319526627,0.927218934911243,0.905917159763314,0.885207100591716,0.728402366863905,0.453254437869823,0.540236686390533,0.392307692307692,0.408284023668639,0
0.192307692307692,0.0556213017751479,0.149704142011834,0.12603550295858,0.259763313609467,0.50887573964497,0.0905325443786982,0.921301775147929,0.126627218934911,0.0603550295857988,0.0715976331360947,0.0899408284023669,0.156213017751479,0.765680473372781,0.453254437869823,0.918343195266272,0.192899408284024,0.184615384615385,0
0.437869822485207,0.210059171597633,0.315976331360947,0.169230769230769,0.144378698224852,0.342603550295858,0.242603550295858,0.76094674556213,0.344378698224852,0.157396449704142,0.328402366863905,0.233136094674556,0.247337278106509,0.792307692307692,0.729585798816568,0.73491124260355,0.23491124260355,0.223076923076923,1
0.670414201183432,0.610059171597633,0.711834319526627,0.881656804733728,0.82603550295858,0.753254437869822,0.733136094674556,0.273372781065089,0.707100591715976,0.536094674556213,0.840828402366864,0.733136094674556,0.724852071005917,0.388757396449704,0.0449704142011834,0.614792899408284,0.464497041420118,0.524260355029586,0
0.995266272189349,0.855621301775148,0.785207100591716,0.848520710059172,0.679289940828402,0.883431952662722,0.924260355029586,0.0597633136094675,0.937869822485207,0.857988165680473,0.912426035502959,0.918934911242604,0.856804733727811,0.459763313609467,0.992899408284024,0.496449704142012,0.536686390532544,0.647337278106509,1
0.788165680473373,0.78698224852071,1,0.808284023668639,0.374556213017751,0.883431952662722,0.856213017751479,0.201775147928994,0.850295857988166,0.795266272189349,0.826627218934911,0.83491124260355,0.724852071005917,0.128994082840237,0.0449704142011834,0.988165680473373,0.597041420118343,0.926627218934911,1
0.517159763313609,0.0218934911242604,0.471597633136095,0.449704142011834,0.439644970414201,0.50887573964497,0.343195266272189,0.68284023668639,0.344378698224852,0.0313609467455621,0.378698224852071,0.33491124260355,0.133136094674556,0.22603550295858,0.223668639053254,0.977514792899408,0.646153846153846,0.585798816568047,0
0.601183431952663,0.610059171597633,0.698224852071006,0.41301775147929,0.611834319526627,0.883431952662722,0.546745562130178,0.467455621301775,0.554437869822485,0.706508875739645,0.469230769230769,0.533136094674556,0.452662721893491,0.388757396449704,0.610650887573964,0.811834319526627,0.536686390532544,0.7,3
0.788165680473373,0.939644970414201,0.911834319526627,0.623076923076923,0.374556213017751,0.753254437869822,0.867455621301775,0.132544378698225,0.850295857988166,0.982840236686391,0.798816568047337,0.856804733727811,0.936094674556213,0.674556213017751,0.855029585798817,0.90887573964497,0.325443786982249,0.408284023668639,0
0.192307692307692,0.418343195266272,0.254437869822485,0.109467455621302,0.2,0.16508875739645,0.277514792899408,0.76094674556213,0.344378698224852,0.467455621301775,0.225443786982249,0.242011834319527,0.452662721893491,0.962721893491124,0.53491124260355,0.410059171597633,0.0319526627218935,0.0165680473372781,2
0.27396449704142,0.157396449704142,0.443786982248521,0.386390532544379,0.2,0.342603550295858,0.581656804733728,0.437869822485207,0.554437869822485,0.0994082840236686,0.557988165680473,0.575147928994083,0.168047337278107,0.22603550295858,0.138461538461538,0.410059171597633,0.698224852071006,0.585798816568047,0
0.832544378698225,0.897041420118343,0.949112426035503,0.689940828402367,0.2,0.883431952662722,0.955621301775148,0.0597633136094675,0.937869822485207,0.962130177514793,0.853254437869822,0.951479289940828,0.766863905325444,0.388757396449704,0.0449704142011834,0.944970414201183,0.392307692307692,0.749704142011834,0
0.601183431952663,0.104733727810651,0.289940828402367,0.536686390532544,0.491715976331361,0.631360946745562,0.50414201183432,0.518934911242604,0.554437869822485,0.197041420118343,0.494674556213018,0.50414201183432,0.0526627218934911,0.0514792899408284,0.453254437869823,0.998816568047337,0.85207100591716,0.963313609467456,1
0.329585798816568,0.157396449704142,0.363905325443787,0.214201183431953,0.374556213017751,0.342603550295858,0.145562130177515,0.849112426035503,0.126627218934911,0.174556213017751,0.243786982248521,0.150887573964497,0.0775147928994083,0.544378698224852,0.610650887573964,0.322485207100592,0.536686390532544,0.32603550295858,3
0.00118343195266272,0.157396449704142,0.0467455621301775,0.0970414201183432,0.311242603550296,0.0568047337278106,0.111834319526627,0.898816568047337,0.126627218934911,0.0603550295857988,0.0923076923076923,0.105325443786982,0.214792899408284,0.976331360946746,0.0449704142011834,0.811834319526627,0.00591715976331361,0.101183431952663,0
0.475739644970414,0.354437869822485,0.387573964497041,0.546745562130178,0.439644970414201,0.50887573964497,0.258579881656805,0.68284023668639,0.344378698224852,0.351479289940828,0.428402366863905,0.272189349112426,0.35207100591716,0.0266272189349112,0.998224852071006,0.451479289940828,1,0.998224852071006,0
0.928994082840237,0.897041420118343,0.966863905325444,0.971597633136095,0.863313609467456,0.96508875739645,0.899408284023669,0.132544378698225,0.937869822485207,0.911834319526627,0.826627218934911,0.894674556213018,0.942603550295858,0.22603550295858,0.888165680473373,0.897041420118343,0.597041420118343,0.868639053254438,1
0.137278106508876,0.259763313609467,0.387573964497041,0.204733727810651,0.2,0.342603550295858,0.409467455621302,0.597041420118343,0.344378698224852,0.197041420118343,0.403550295857988,0.385798816568047,0.35207100591716,0.765680473372781,0.610650887573964,0.68284023668639,0.154437869822485,0.184615384615385,1
0.27396449704142,0.210059171597633,0.415384615384615,0.37810650887574,0.550887573964497,0.50887573964497,0.155029585798817,0.82603550295858,0.126627218934911,0.25207100591716,0.117159763313609,0.160355029585799,0.0455621301775148,0.0514792899408284,0.294674556213018,0.274556213017751,0.969230769230769,0.979289940828402,3
0.329585798816568,0.259763313609467,0.671005917159763,0.562721893491124,0.311242603550296,0.50887573964497,0.654437869822485,0.348520710059172,0.650887573964497,0.174556213017751,0.663313609467456,0.650295857988166,0.297633136094675,0.388757396449704,0.610650887573964,0.73491124260355,0.536686390532544,0.463905325443787,1
0.517159763313609,0.259763313609467,0.342603550295858,0.225443786982249,0.311242603550296,0.16508875739645,0.145562130177515,0.849112426035503,0.126627218934911,0.268639053254438,0.225443786982249,0.146153846153846,0.133136094674556,0.615976331360947,0.0449704142011834,0.0171597633136095,0.392307692307692,0.204733727810651,3
0.329585798816568,0.0556213017751479,0.220710059171598,0.449704142011834,0.611834319526627,0.16508875739645,0.183431952662722,0.82603550295858,0.126627218934911,0.135502958579882,0.195266272189349,0.182840236686391,0.0579881656804734,0.171005917159763,0.138461538461538,0.993491124260355,0.746745562130178,0.868639053254438,1
0.389940828402367,0.418343195266272,0.525443786982248,0.982840236686391,0.991715976331361,0.992899408284024,0.343195266272189,0.68284023668639,0.344378698224852,0.589349112426035,0.650887573964497,0.343195266272189,0.390532544378698,0.992899408284024,0.453254437869823,0.410059171597633,0.325443786982249,0.463905325443787,3
0.885207100591716,0.820710059171598,0.949112426035503,0.865680473372781,0.439644970414201,0.883431952662722,0.899408284023669,0.132544378698225,0.850295857988166,0.871005917159763,0.798816568047337,0.895857988165681,0.740828402366864,0.171005917159763,0.0449704142011834,0.781656804733728,0.646153846153846,0.835502958579882,0
0.475739644970414,0.547337278106509,0.415384615384615,0.449704142011834,0.259763313609467,0.342603550295858,0.533727810650888,0.437869822485207,0.554437869822485,0.536094674556213,0.557988165680473,0.553254437869823,0.556213017751479,0.331360946745562,0.674556213017751,0.451479289940828,0.597041420118343,0.408284023668639,1
0.670414201183432,0.483431952662722,0.716568047337278,0.819526627218935,0.78698224852071,0.631360946745562,0.705325443786982,0.300591715976331,0.707100591715976,0.423668639053254,0.742603550295858,0.698816568047337,0.523076923076923,0.544378698224852,0.936094674556213,0.496449704142012,0.597041420118343,0.524260355029586,1
0.96508875739645,0.734319526627219,0.855029585798817,0.662130177514793,0.259763313609467,0.883431952662722,0.790532544378698,0.201775147928994,0.766272189349112,0.689349112426035,0.714201183431953,0.788165680473373,0.656213017751479,0.128994082840237,0.855029585798817,0.811834319526627,0.698224852071006,0.749704142011834,0
0.601183431952663,0.659763313609467,0.342603550295858,0.749112426035503,0.924852071005917,0.342603550295858,0.603550295857988,0.369822485207101,0.554437869822485,0.635502958579882,0.557988165680473,0.617159763313609,0.633136094674556,0.331360946745562,0.729585798816568,0.756804733727811,0.950295857988166,0.926627218934911,2
0.192307692307692,0.418343195266272,0.0686390532544379,0.0449704142011834,0.0615384615384615,0.50887573964497,0.343195266272189,0.76094674556213,0.344378698224852,0.423668639053254,0.29112426035503,0.301183431952663,0.47396449704142,0.941420118343195,0.674556213017751,0.367455621301775,0.0319526627218935,0.0165680473372781,2
0.27396449704142,0.699408284023669,0.681065088757396,0.594082840236686,0.439644970414201,0.50887573964497,0.639644970414201,0.369822485207101,0.650887573964497,0.635502958579882,0.650887573964497,0.640236686390533,0.749112426035503,0.281065088757396,0.888165680473373,0.68284023668639,0.698224852071006,0.647337278106509,1
0.928994082840237,0.939644970414201,0.855029585798817,0.498224852071006,0.00828402366863905,0.342603550295858,0.989349112426036,0.0153846153846154,0.994082840236686,0.937869822485207,0.982840236686391,0.985798816568047,0.967455621301775,0.910650887573965,0.453254437869823,0.956804733727811,0.0319526627218935,0.163905325443787,2
0.859171597633136,0.734319526627219,0.911834319526627,0.881656804733728,0.491715976331361,0.883431952662722,0.797633136094675,0.201775147928994,0.850295857988166,0.706508875739645,0.753846153846154,0.798816568047337,0.422485207100592,0.0881656804733728,0.0449704142011834,0.756804733727811,0.746745562130178,0.947337278106509,1
0.329585798816568,0.305325443786982,0.0875739644970414,0.177514792899408,0.374556213017751,0.16508875739645,0.0449704142011834,0.962721893491124,0.0248520710059172,0.25207100591716,0.0715976331360947,0.0420118343195266,0.255621301775148,0.765680473372781,0.855029585798817,0.142603550295858,0.325443786982249,0.204733727810651,3
0.389940828402367,0.210059171597633,0.0390532544378698,0.0195266272189349,0.00414201183431953,0.342603550295858,0.13491124260355,0.898816568047337,0.126627218934911,0.288757396449704,0.110650887573964,0.114201183431953,0.265680473372781,0.941420118343195,0.855029585798817,0.367455621301775,0.192899408284024,0.0165680473372781,3
0.705917159763314,0.483431952662722,0.655029585798817,0.576331360946746,0.82603550295858,0.753254437869822,0.52189349112426,0.518934911242604,0.554437869822485,0.589349112426035,0.403550295857988,0.515976331360947,0.291715976331361,0.171005917159763,0.914201183431953,0.410059171597633,0.782840236686391,0.797633136094675,3
0.811834319526627,0.939644970414201,0.815384615384615,0.911834319526627,0.82603550295858,0.96508875739645,0.948520710059172,0.0597633136094675,0.937869822485207,0.982840236686391,0.869230769230769,0.937869822485207,0.843786982248521,0.459763313609467,0.223668639053254,0.811834319526627,0.392307692307692,0.647337278106509,1
0.192307692307692,0.259763313609467,0.149704142011834,0.225443786982249,0.374556213017751,0.342603550295858,0.0372781065088757,0.950887573964497,0.0248520710059172,0.288757396449704,0.0538461538461538,0.0455621301775148,0.190532544378698,0.0514792899408284,0.610650887573964,0.496449704142012,0.984023668639053,0.963313609467456,3
0.788165680473373,0.734319526627219,0.855029585798817,0.90414201183432,0.82603550295858,0.753254437869822,0.76508875739645,0.244378698224852,0.766272189349112,0.689349112426035,0.735502958579882,0.759763313609467,0.510650887573964,0.331360946745562,0.369822485207101,0.496449704142012,0.536686390532544,0.463905325443787,0
0.96508875739645,0.939644970414201,0.730177514792899,0.706508875739645,0.259763313609467,0.16508875739645,0.981656804733728,0.0236686390532544,0.977514792899408,0.911834319526627,0.980473372781065,0.979881656804734,0.975147928994083,0.941420118343195,0.674556213017751,0.410059171597633,0.23491124260355,0.101183431952663,2
0.475739644970414,0.547337278106509,0.363905325443787,0.672781065088757,0.978698224852071,0.342603550295858,0.50414201183432,0.437869822485207,0.344378698224852,0.382248520710059,0.507692307692308,0.544970414201183,0.608284023668639,0.388757396449704,0.674556213017751,0.274556213017751,0.817751479289941,0.749704142011834,2
0.27396449704142,0.00710059171597633,0.0467455621301775,0.238461538461538,0.374556213017751,0.16508875739645,0.0597633136094675,0.921301775147929,0.126627218934911,0.114792899408284,0.0715976331360947,0.0674556213017752,0.00473372781065089,0.0514792899408284,0.369822485207101,0.451479289940828,0.930177514792899,0.926627218934911,3
0.517159763313609,0.210059171597633,0.631360946745562,0.609467455621302,0.374556213017751,0.631360946745562,0.603550295857988,0.39112426035503,0.554437869822485,0.197041420118343,0.57396449704142,0.600591715976331,0.0834319526627219,0.0514792899408284,0.53491124260355,0.71301775147929,0.881065088757396,0.868639053254438,1
0.63491124260355,0.104733727810651,0.363905325443787,0.672781065088757,0.863313609467456,0.50887573964497,0.533727810650888,0.467455621301775,0.554437869822485,0.197041420118343,0.54792899408284,0.54792899408284,0.111242603550296,0.331360946745562,0.294674556213018,0.68284023668639,0.597041420118343,0.524260355029586,1
0.27396449704142,0.418343195266272,0.254437869822485,0.585798816568047,0.978698224852071,0.98698224852071,0.409467455621302,0.597041420118343,0.344378698224852,0.382248520710059,0.52189349112426,0.405917159763314,0.422485207100592,0.765680473372781,0.138461538461538,0.410059171597633,0.325443786982249,0.223076923076923,2
0.27396449704142,0.483431952662722,0.584023668639053,0.182248520710059,0.144378698224852,0.96508875739645,0.466863905325444,0.597041420118343,0.554437869822485,0.724260355029586,0.469230769230769,0.445562130177515,0.390532544378698,0.728402366863905,0.610650887573964,0.496449704142012,0.192899408284024,0.408284023668639,3
0.475739644970414,0.259763313609467,0.149704142011834,0.00887573964497041,0.00414201183431953,0.342603550295858,0.171597633136095,0.873372781065089,0.344378698224852,0.307692307692308,0.141420118343195,0.148520710059172,0.238461538461538,0.941420118343195,0.855029585798817,0.756804733727811,0.154437869822485,0.0550295857988166,3
0.27396449704142,0.483431952662722,0.254437869822485,0.342603550295858,0.491715976331361,0.50887573964497,0.210059171597633,0.76094674556213,0.126627218934911,0.382248520710059,0.181065088757396,0.221301775147929,0.492307692307692,0.281065088757396,0.610650887573964,0.367455621301775,0.85207100591716,0.835502958579882,2
0.564497041420118,0.210059171597633,0.387573964497041,0.642603550295858,0.959171597633136,0.50887573964497,0.466863905325444,0.467455621301775,0.344378698224852,0.174556213017751,0.450295857988166,0.50414201183432,0.214792899408284,0.388757396449704,0.369822485207101,0.231360946745562,0.698224852071006,0.7,2
0.928994082840237,0.78698224852071,0.855029585798817,0.623076923076923,0.2,0.883431952662722,0.844378698224852,0.132544378698225,0.850295857988166,0.795266272189349,0.869230769230769,0.846745562130177,0.885207100591716,0.544378698224852,0.223668639053254,0.185798816568047,0.464497041420118,0.585798816568047,1
0.192307692307692,0.157396449704142,0.0467455621301775,0.0449704142011834,0.2,0.0159763313609467,0.0177514792899408,0.982840236686391,0.0248520710059172,0.0994082840236686,0.0313609467455621,0.0218934911242604,0.275739644970414,0.814201183431953,0.729585798816568,0.101775147928994,0.23491124260355,0.163905325443787,3
0.0118343195266272,0.210059171597633,0.315976331360947,0.118343195266272,0.0615384615384615,0.631360946745562,0.199408284023669,0.82603550295858,0.344378698224852,0.220710059171598,0.209467455621302,0.189349112426035,0.201183431952663,0.792307692307692,0.610650887573964,0.811834319526627,0.117751479289941,0.223076923076923,0
0.389940828402367,0.210059171597633,0.671005917159763,0.617159763313609,0.550887573964497,0.50887573964497,0.639644970414201,0.369822485207101,0.650887573964497,0.157396449704142,0.650887573964497,0.637278106508876,0.291715976331361,0.388757396449704,0.818343195266272,0.650887573964497,0.536686390532544,0.408284023668639,1
0.192307692307692,0.547337278106509,0.149704142011834,0.109467455621302,0.259763313609467,0.50887573964497,0.277514792899408,0.76094674556213,0.344378698224852,0.467455621301775,0.328402366863905,0.264497041420118,0.656213017751479,0.962721893491124,0.0449704142011834,0.322485207100592,0.0319526627218935,0.0165680473372781,2
0.990532544378698,0.699408284023669,0.756213017751479,0.872189349112426,0.550887573964497,0.631360946745562,0.775739644970414,0.244378698224852,0.766272189349112,0.622485207100592,0.742603550295858,0.772781065088757,0.608284023668639,0.0881656804733728,0.968047337278107,0.944970414201183,0.746745562130178,0.868639053254438,1
0.237278106508876,0.734319526627219,0.631360946745562,0.697041420118343,0.679289940828402,0.631360946745562,0.654437869822485,0.348520710059172,0.650887573964497,0.649704142011834,0.632544378698225,0.650295857988166,0.820710059171598,0.22603550295858,0.818343195266272,0.322485207100592,0.698224852071006,0.647337278106509,0
0.948520710059172,0.968047337278107,0.83491124260355,0.993491124260355,0.98698224852071,0.16508875739645,0.978698224852071,0.0236686390532544,0.977514792899408,0.871005917159763,0.976331360946746,0.978698224852071,0.948520710059172,0.891715976331361,0.729585798816568,0.574556213017752,0.325443786982249,0.13905325443787,2
0.192307692307692,0.259763313609467,0.149704142011834,0.214201183431953,0.374556213017751,0.0159763313609467,0.155029585798817,0.849112426035503,0.126627218934911,0.174556213017751,0.169822485207101,0.153846153846154,0.265680473372781,0.674556213017751,0.53491124260355,0.614792899408284,0.325443786982249,0.241420118343195,1
0.137278106508876,0.418343195266272,0.149704142011834,0.0633136094674556,0.1,0.342603550295858,0.343195266272189,0.76094674556213,0.344378698224852,0.536094674556213,0.29112426035503,0.286390532544379,0.523076923076923,0.976331360946746,0.0449704142011834,0.231360946745562,0.0319526627218935,0.0165680473372781,2
0.788165680473373,0.968047337278107,0.815384615384615,0.982840236686391,0.959171597633136,0.753254437869822,0.88698224852071,0.132544378698225,0.850295857988166,0.924260355029586,0.939644970414201,0.893491124260355,0.875147928994083,0.544378698224852,0.223668639053254,0.274556213017751,0.392307692307692,0.524260355029586,1
0.885207100591716,0.939644970414201,0.730177514792899,0.617159763313609,0.2,0.631360946745562,0.911834319526627,0.0597633136094675,0.937869822485207,0.971005917159763,0.927218934911243,0.928994082840237,0.875147928994083,0.674556213017751,0.369822485207101,0.231360946745562,0.392307692307692,0.363313609467456,0
0.27396449704142,0.210059171597633,0.655029585798817,0.737278106508876,0.898816568047337,0.50887573964497,0.609467455621302,0.41301775147929,0.554437869822485,0.174556213017751,0.642011834319527,0.597633136094675,0.265680473372781,0.674556213017751,0.294674556213018,0.840828402366864,0.325443786982249,0.29585798816568,0
0.990532544378698,0.855621301775148,0.705917159763314,0.769822485207101,0.550887573964497,0.883431952662722,0.876923076923077,0.132544378698225,0.850295857988166,0.845562130177515,0.798816568047337,0.87810650887574,0.736094674556213,0.544378698224852,0.53491124260355,0.897041420118343,0.464497041420118,0.647337278106509,1
0.329585798816568,0.354437869822485,0.387573964497041,0.238461538461538,0.144378698224852,0.16508875739645,0.230177514792899,0.76094674556213,0.344378698224852,0.288757396449704,0.328402366863905,0.22603550295858,0.409467455621302,0.459763313609467,0.936094674556213,0.90887573964497,0.646153846153846,0.585798816568047,0
0.705917159763314,0.0218934911242604,0.254437869822485,0.623076923076923,0.863313609467456,0.0568047337278106,0.466863905325444,0.437869822485207,0.344378698224852,0.0195266272189349,0.557988165680473,0.528994082840237,0.0130177514792899,0.459763313609467,0.294674556213018,0.840828402366864,0.984023668639053,0.898816568047337,2
0.788165680473373,0.699408284023669,0.609467455621302,0.706508875739645,0.439644970414201,0.883431952662722,0.639644970414201,0.369822485207101,0.650887573964497,0.649704142011834,0.611242603550296,0.637278106508876,0.675739644970414,0.0266272189349112,0.453254437869823,0.840828402366864,0.881065088757396,0.99112426035503,1
0.948520710059172,0.897041420118343,0.855029585798817,0.90414201183432,0.742603550295858,0.883431952662722,0.807692307692308,0.201775147928994,0.850295857988166,0.795266272189349,0.896449704142012,0.810059171597633,0.970414201183432,0.459763313609467,0.729585798816568,0.0171597633136095,0.536686390532544,0.524260355029586,1
0.437869822485207,0.259763313609467,0.563313609467456,0.490532544378698,0.439644970414201,0.50887573964497,0.546745562130178,0.437869822485207,0.554437869822485,0.174556213017751,0.592899408284024,0.556804733727811,0.297633136094675,0.544378698224852,0.453254437869823,0.322485207100592,0.325443786982249,0.266863905325444,1
0.192307692307692,0.418343195266272,0.220710059171598,0.0798816568047337,0.1,0.16508875739645,0.343195266272189,0.76094674556213,0.344378698224852,0.423668639053254,0.428402366863905,0.293491124260355,0.556213017751479,0.976331360946746,0.294674556213018,0.322485207100592,0.0733727810650888,0.0165680473372781,2
0.670414201183432,0.0218934911242604,0.149704142011834,0.342603550295858,0.679289940828402,0.50887573964497,0.0686390532544379,0.921301775147929,0.126627218934911,0.0994082840236686,0.0715976331360947,0.0733727810650888,0.00236686390532544,0.171005917159763,0.53491124260355,0.101775147928994,0.817751479289941,0.7,3
0.885207100591716,0.855621301775148,0.966863905325444,0.856804733727811,0.611834319526627,0.96508875739645,0.948520710059172,0.132544378698225,0.937869822485207,0.886390532544379,0.869230769230769,0.925443786982248,0.777514792899408,0.459763313609467,0.936094674556213,0.984023668639053,0.536686390532544,0.835502958579882,1
0.564497041420118,0.418343195266272,0.220710059171598,0.435502958579882,0.374556213017751,0.342603550295858,0.409467455621302,0.518934911242604,0.344378698224852,0.382248520710059,0.450295857988166,0.433727810650888,0.675739644970414,0.22603550295858,0.855029585798817,0.496449704142012,0.746745562130178,0.585798816568047,1
0.63491124260355,0.547337278106509,0.640828402366864,0.513609467455621,0.82603550295858,0.753254437869822,0.449112426035503,0.597041420118343,0.344378698224852,0.589349112426035,0.243786982248521,0.445562130177515,0.510650887573964,0.22603550295858,0.729585798816568,0.367455621301775,0.698224852071006,0.749704142011834,3
0.329585798816568,0.659763313609467,0.506508875739645,0.153254437869822,0.1,0.883431952662722,0.546745562130178,0.518934911242604,0.554437869822485,0.816568047337278,0.450295857988166,0.522485207100592,0.510650887573964,0.792307692307692,0.138461538461538,0.322485207100592,0.154437869822485,0.32603550295858,3
0.859171597633136,0.939644970414201,0.911834319526627,0.926627218934911,0.863313609467456,0.883431952662722,0.785207100591716,0.201775147928994,0.766272189349112,0.9,0.798816568047337,0.77810650887574,0.875147928994083,0.459763313609467,0.729585798816568,0.73491124260355,0.536686390532544,0.463905325443787,0
0.96508875739645,0.897041420118343,0.855029585798817,0.941420118343195,0.78698224852071,0.883431952662722,0.856213017751479,0.132544378698225,0.850295857988166,0.871005917159763,0.912426035502959,0.855029585798817,0.835502958579882,0.388757396449704,0.138461538461538,0.863905325443787,0.464497041420118,0.749704142011834,1
0.96508875739645,0.855621301775148,0.855029585798817,0.889940828402367,0.611834319526627,0.883431952662722,0.911834319526627,0.0597633136094675,0.937869822485207,0.937869822485207,0.912426035502959,0.910059171597633,0.835502958579882,0.459763313609467,0.53491124260355,0.142603550295858,0.464497041420118,0.647337278106509,1
0.733727810650888,0.897041420118343,0.785207100591716,0.79112426035503,0.550887573964497,0.631360946745562,0.757396449704142,0.244378698224852,0.766272189349112,0.857988165680473,0.811834319526627,0.757988165680473,0.972781065088757,0.388757396449704,0.223668639053254,0.322485207100592,0.536686390532544,0.585798816568047,0
0.475739644970414,0.610059171597633,0.543195266272189,0.526627218934911,0.311242603550296,0.50887573964497,0.593491124260355,0.41301775147929,0.554437869822485,0.589349112426035,0.53491124260355,0.590532544378698,0.390532544378698,0.00946745562130178,0.674556213017751,0.496449704142012,0.950295857988166,0.963313609467456,0
0.0988165680473373,0.157396449704142,0.149704142011834,0.214201183431953,0.550887573964497,0.16508875739645,0.0538461538461538,0.950887573964497,0.126627218934911,0.157396449704142,0.0497041420118343,0.0532544378698225,0.156213017751479,0.388757396449704,0.369822485207101,0.322485207100592,0.27396449704142,0.241420118343195,0
0.137278106508876,0.354437869822485,0.149704142011834,0.0532544378698225,0.0615384615384615,0.342603550295858,0.305325443786982,0.68284023668639,0.344378698224852,0.467455621301775,0.403550295857988,0.293491124260355,0.382248520710059,0.941420118343195,0.453254437869823,0.185798816568047,0.0733727810650888,0.0165680473372781,2
0.329585798816568,0.0556213017751479,0.194082840236686,0.250887573964497,0.374556213017751,0.50887573964497,0.171597633136095,0.80414201183432,0.126627218934911,0.114792899408284,0.225443786982249,0.182840236686391,0.0668639053254438,0.615976331360947,0.610650887573964,0.057396449704142,0.536686390532544,0.463905325443787,3
0.948520710059172,0.855621301775148,0.884023668639053,0.617159763313609,0.2,0.883431952662722,0.924260355029586,0.132544378698225,0.937869822485207,0.871005917159763,0.869230769230769,0.925443786982248,0.856804733727811,0.544378698224852,0.936094674556213,0.73491124260355,0.536686390532544,0.647337278106509,1
0.859171597633136,0.897041420118343,0.815384615384615,0.769822485207101,0.679289940828402,0.883431952662722,0.844378698224852,0.132544378698225,0.850295857988166,0.937869822485207,0.763313609467456,0.839644970414201,0.928402366863905,0.674556213017751,0.914201183431953,0.185798816568047,0.392307692307692,0.463905325443787,1
0.759171597633136,0.78698224852071,0.671005917159763,0.79112426035503,0.742603550295858,0.16508875739645,0.76508875739645,0.201775147928994,0.766272189349112,0.743195266272189,0.77396449704142,0.776331360946746,0.807692307692308,0.674556213017751,0.53491124260355,0.322485207100592,0.746745562130178,0.32603550295858,2
0.137278106508876,0.0218934911242604,0.10414201183432,0.132544378698225,0.259763313609467,0.16508875739645,0.0100591715976331,0.982840236686391,0.0248520710059172,0.0313609467455621,0.0224852071005917,0.0106508875739645,0.0372781065088757,0.128994082840237,0.138461538461538,0.863905325443787,0.85207100591716,0.835502958579882,3
0.705917159763314,0.939644970414201,0.966863905325444,0.503550295857988,0.0615384615384615,0.883431952662722,0.959171597633136,0.0597633136094675,0.937869822485207,0.989349112426036,0.927218934911243,0.96094674556213,0.885207100591716,0.615976331360947,0.674556213017751,0.956804733727811,0.392307692307692,0.585798816568047,0
0.0988165680473373,0.157396449704142,0.363905325443787,0.214201183431953,0.259763313609467,0.50887573964497,0.171597633136095,0.849112426035503,0.126627218934911,0.0603550295857988,0.151479289940828,0.163905325443787,0.0668639053254438,0.544378698224852,0.729585798816568,0.781656804733728,0.192899408284024,0.266863905325444,0
0.329585798816568,0.157396449704142,0.471597633136095,0.357988165680473,0.491715976331361,0.342603550295858,0.242603550295858,0.76094674556213,0.344378698224852,0.0603550295857988,0.225443786982249,0.233136094674556,0.182840236686391,0.331360946745562,0.0449704142011834,0.410059171597633,0.392307692307692,0.363313609467456,0
0.859171597633136,0.939644970414201,0.911834319526627,0.956213017751479,0.924852071005917,0.753254437869822,0.955621301775148,0.0597633136094675,0.937869822485207,0.982840236686391,0.956804733727811,0.96094674556213,0.897041420118343,0.728402366863905,0.914201183431953,0.496449704142012,0.464497041420118,0.463905325443787,0
0.0988165680473373,0.483431952662722,0.117751479289941,0.12603550295858,0.144378698224852,0.50887573964497,0.343195266272189,0.76094674556213,0.344378698224852,0.565680473372781,0.29112426035503,0.293491124260355,0.537278106508876,0.891715976331361,0.138461538461538,0.496449704142012,0.0319526627218935,0.0550295857988166,2
0.0218934911242604,0.0556213017751479,0.220710059171598,0.118343195266272,0.2,0.342603550295858,0.0686390532544379,0.93905325443787,0.126627218934911,0.0195266272189349,0.0633136094674556,0.0609467455621302,0.105325443786982,0.388757396449704,0.223668639053254,0.811834319526627,0.192899408284024,0.266863905325444,0
0.0118343195266272,0.418343195266272,0.315976331360947,0.250887573964497,0.550887573964497,0.50887573964497,0.430769230769231,0.597041420118343,0.344378698224852,0.423668639053254,0.450295857988166,0.41301775147929,0.510650887573964,0.814201183431953,0.0449704142011834,0.367455621301775,0.154437869822485,0.204733727810651,2
0.329585798816568,0.418343195266272,0.443786982248521,0.300591715976331,0.1,0.50887573964497,0.219526627218935,0.76094674556213,0.344378698224852,0.504733727810651,0.181065088757396,0.21301775147929,0.510650887573964,0.0881656804733728,0.888165680473373,0.231360946745562,0.782840236686391,0.749704142011834,1
0.0769230769230769,0.259763313609467,0.0532544378698225,0.0307692307692308,0.0615384615384615,0.342603550295858,0.0994082840236686,0.921301775147929,0.126627218934911,0.25207100591716,0.0538461538461538,0.0840236686390533,0.315384615384615,0.923076923076923,0.855029585798817,0.274556213017751,0.00591715976331361,0.0550295857988166,3
0.329585798816568,0.760355029585799,0.563313609467456,0.749112426035503,0.742603550295858,0.16508875739645,0.663313609467456,0.348520710059172,0.650887573964497,0.689349112426035,0.688165680473373,0.662130177514793,0.826627218934911,0.459763313609467,0.138461538461538,0.274556213017751,0.536686390532544,0.363313609467456,0
0.389940828402367,0.259763313609467,0.563313609467456,0.594082840236686,0.491715976331361,0.50887573964497,0.663313609467456,0.348520710059172,0.650887573964497,0.157396449704142,0.642011834319527,0.652662721893491,0.315384615384615,0.459763313609467,0.138461538461538,0.614792899408284,0.392307692307692,0.32603550295858,0
0.27396449704142,0.354437869822485,0.149704142011834,0.169230769230769,0.259763313609467,0.16508875739645,0.0449704142011834,0.950887573964497,0.0248520710059172,0.423668639053254,0.0633136094674556,0.0479289940828402,0.35207100591716,0.171005917159763,0.674556213017751,0.185798816568047,0.746745562130178,0.585798816568047,3
0.63491124260355,0.418343195266272,0.543195266272189,0.435502958579882,0.144378698224852,0.0568047337278106,0.694674556213018,0.273372781065089,0.707100591715976,0.327810650887574,0.735502958579882,0.708284023668639,0.373372781065089,0.728402366863905,0.0449704142011834,0.274556213017751,0.817751479289941,0.463905325443787,2
0.517159763313609,0.210059171597633,0.0875739644970414,0.291715976331361,0.311242603550296,0.342603550295858,0.0686390532544379,0.921301775147929,0.126627218934911,0.197041420118343,0.0781065088757396,0.0733727810650888,0.328994082840237,0.0514792899408284,0.729585798816568,0.322485207100592,0.907100591715976,0.868639053254438,1
0.705917159763314,0.610059171597633,0.443786982248521,0.79112426035503,0.944378698224852,0.342603550295858,0.597041420118343,0.39112426035503,0.554437869822485,0.608284023668639,0.557988165680473,0.604142011834319,0.59112426035503,0.331360946745562,0.888165680473373,0.410059171597633,0.950295857988166,0.835502958579882,2
0.517159763313609,0.210059171597633,0.471597633136095,0.471005917159763,0.78698224852071,0.50887573964497,0.171597633136095,0.82603550295858,0.126627218934911,0.307692307692308,0.123076923076923,0.179289940828402,0.0579881656804734,0.0881656804733728,0.369822485207101,0.322485207100592,0.969230769230769,0.963313609467456,3
0.759171597633136,0.78698224852071,0.985798816568047,0.982840236686391,0.924852071005917,0.883431952662722,0.924260355029586,0.0597633136094675,0.937869822485207,0.816568047337278,0.959763313609467,0.942603550295858,0.812426035502959,0.615976331360947,0.818343195266272,0.756804733727811,0.536686390532544,0.585798816568047,0
0.389940828402367,0.0556213017751479,0.609467455621302,0.642603550295858,0.679289940828402,0.16508875739645,0.546745562130178,0.437869822485207,0.554437869822485,0.0313609467455621,0.57810650887574,0.559171597633136,0.156213017751479,0.171005917159763,0.729585798816568,0.964497041420118,0.817751479289941,0.835502958579882,1
0.27396449704142,0.259763313609467,0.490532544378698,0.631360946745562,0.550887573964497,0.342603550295858,0.646153846153846,0.369822485207101,0.650887573964497,0.268639053254438,0.650887573964497,0.641420118343195,0.255621301775148,0.171005917159763,0.0449704142011834,0.944970414201183,0.536686390532544,0.647337278106509,0
0.670414201183432,0.855621301775148,0.911834319526627,0.962721893491124,0.944378698224852,0.96508875739645,0.936686390532544,0.0597633136094675,0.937869822485207,0.871005917159763,0.869230769230769,0.928994082840237,0.786390532544379,0.388757396449704,0.294674556213018,0.781656804733728,0.325443786982249,0.7,1
0.0988165680473373,0.104733727810651,0.254437869822485,0.330769230769231,0.491715976331361,0.342603550295858,0.155029585798817,0.849112426035503,0.126627218934911,0.307692307692308,0.117159763313609,0.150887573964497,0.0284023668639053,0.0881656804733728,0.0449704142011834,0.863905325443787,0.85207100591716,0.898816568047337,3
0.192307692307692,0.210059171597633,0.0745562130177515,0.132544378698225,0.374556213017751,0.16508875739645,0.0100591715976331,0.982840236686391,0.0248520710059172,0.220710059171598,0.0171597633136095,0.0124260355029586,0.214792899408284,0.0881656804733728,0.610650887573964,0.410059171597633,0.930177514792899,0.868639053254438,3
0.137278106508876,0.157396449704142,0.315976331360947,0.142603550295858,0.0615384615384615,0.631360946745562,0.123668639053254,0.898816568047337,0.126627218934911,0.157396449704142,0.0538461538461538,0.114201183431953,0.0372781065088757,0.128994082840237,0.138461538461538,0.882840236686391,0.464497041420118,0.585798816568047,0
0.237278106508876,0.354437869822485,0.0615384615384615,0.0307692307692308,0.0224852071005917,0.16508875739645,0.343195266272189,0.76094674556213,0.344378698224852,0.327810650887574,0.29112426035503,0.286390532544379,0.452662721893491,0.941420118343195,0.223668639053254,0.614792899408284,0.0112426035502959,0.0165680473372781,2
0.832544378698225,0.968047337278107,0.911834319526627,0.631360946745562,0.374556213017751,0.753254437869822,0.819526627218935,0.201775147928994,0.850295857988166,0.951479289940828,0.753846153846154,0.810059171597633,0.897041420118343,0.544378698224852,0.888165680473373,0.840828402366864,0.464497041420118,0.463905325443787,0
0.389940828402367,0.734319526627219,0.609467455621302,0.250887573964497,0.259763313609467,0.883431952662722,0.533727810650888,0.518934911242604,0.554437869822485,0.871005917159763,0.403550295857988,0.50414201183432,0.656213017751479,0.728402366863905,0.138461538461538,0.496449704142012,0.154437869822485,0.29585798816568,3
0.0218934911242604,0.00710059171597633,0.00118343195266272,0.00473372781065089,0.259763313609467,0.0029585798816568,0.0029585798816568,0.997041420118343,0.0248520710059172,0.0029585798816568,0.00118343195266272,0.00118343195266272,0.0284023668639053,0.976331360946746,0.369822485207101,0.322485207100592,0.0319526627218935,0.0550295857988166,0
0.475739644970414,0.104733727810651,0.387573964497041,0.706508875739645,0.944378698224852,0.16508875739645,0.56094674556213,0.41301775147929,0.554437869822485,0.0810650887573964,0.52189349112426,0.572189349112426,0.117159763313609,0.331360946745562,0.138461538461538,0.614792899408284,0.817751479289941,0.797633136094675,2
0.137278106508876,0.000591715976331361,0.00650887573964497,0,0.0615384615384615,0.0159763313609467,0.00650887573964497,0.997041420118343,0.0248520710059172,0.000591715976331361,0.0124260355029586,0.00355029585798817,0.0668639053254438,0.910650887573965,0.138461538461538,0.956804733727811,0.0319526627218935,0.13905325443787,1
0.27396449704142,0.00710059171597633,0.220710059171598,0.350887573964497,0.259763313609467,0.0568047337278106,0.163313609467456,0.82603550295858,0.126627218934911,0.00946745562130178,0.130769230769231,0.168639053254438,0.0230769230769231,0.0266272189349112,0.729585798816568,0.944970414201183,0.998224852071006,0.99112426035503,0
0.475739644970414,0.354437869822485,0.220710059171598,0.357988165680473,0.311242603550296,0.50887573964497,0.183431952662722,0.82603550295858,0.126627218934911,0.268639053254438,0.209467455621302,0.179289940828402,0.265680473372781,0.0881656804733728,0.77810650887574,0.811834319526627,0.930177514792899,0.926627218934911,0
0.0769230769230769,0.104733727810651,0.00473372781065089,0.0118343195266272,0.144378698224852,0.0568047337278106,0.0372781065088757,0.962721893491124,0.0248520710059172,0.0810650887573964,0.0497041420118343,0.0349112426035503,0.224260355029586,0.941420118343195,0.674556213017751,0.68284023668639,0.0733727810650888,0.101183431952663,3
0.705917159763314,0.210059171597633,0.194082840236686,0.192307692307692,0.2,0.50887573964497,0.0905325443786982,0.921301775147929,0.126627218934911,0.423668639053254,0.141420118343195,0.0863905325443787,0.111242603550296,0.544378698224852,0.369822485207101,0.451479289940828,0.325443786982249,0.184615384615385,3
0.670414201183432,0.939644970414201,0.730177514792899,0.526627218934911,0.1,0.753254437869822,0.876923076923077,0.132544378698225,0.850295857988166,0.951479289940828,0.77396449704142,0.872781065088757,0.897041420118343,0.728402366863905,0.0449704142011834,0.185798816568047,0.23491124260355,0.32603550295858,0
0.948520710059172,0.968047337278107,0.855029585798817,0.988757396449704,0.969230769230769,0.753254437869822,0.936686390532544,0.0597633136094675,0.937869822485207,0.962130177514793,0.939644970414201,0.93491124260355,0.856804733727811,0.615976331360947,0.674556213017751,0.142603550295858,0.392307692307692,0.524260355029586,1
0.389940828402367,0.699408284023669,0.525443786982248,0.276331360946746,0.439644970414201,0.631360946745562,0.343195266272189,0.597041420118343,0.344378698224852,0.689349112426035,0.403550295857988,0.35207100591716,0.766863905325444,0.728402366863905,0.223668639053254,0.0171597633136095,0.27396449704142,0.408284023668639,3
0.63491124260355,0.259763313609467,0.785207100591716,0.594082840236686,0.311242603550296,0.50887573964497,0.671597633136095,0.348520710059172,0.650887573964497,0.197041420118343,0.676923076923077,0.667455621301775,0.35207100591716,0.281065088757396,0.453254437869823,0.981065088757396,0.698224852071006,0.797633136094675,1
0.906508875739645,0.820710059171598,0.966863905325444,0.865680473372781,0.679289940828402,0.96508875739645,0.936686390532544,0.132544378698225,0.937869822485207,0.886390532544379,0.912426035502959,0.915384615384615,0.766863905325444,0.615976331360947,0.998224852071006,0.993491124260355,0.597041420118343,0.898816568047337,1
0.0988165680473373,0.0556213017751479,0.387573964497041,0.192307692307692,0.144378698224852,0.16508875739645,0.183431952662722,0.82603550295858,0.126627218934911,0.0313609467455621,0.225443786982249,0.179289940828402,0.143786982248521,0.459763313609467,0.369822485207101,0.988165680473373,0.536686390532544,0.408284023668639,1
0.859171597633136,0.855621301775148,0.815384615384615,0.697041420118343,0.611834319526627,0.753254437869822,0.844378698224852,0.201775147928994,0.850295857988166,0.857988165680473,0.763313609467456,0.828402366863905,0.786390532544379,0.674556213017751,0.888165680473373,0.811834319526627,0.464497041420118,0.585798816568047,1
0.0769230769230769,0.483431952662722,0.254437869822485,0.490532544378698,0.898816568047337,0.0568047337278106,0.210059171597633,0.76094674556213,0.126627218934911,0.382248520710059,0.225443786982249,0.207100591715976,0.437869822485207,0.331360946745562,0.610650887573964,0.274556213017751,0.464497041420118,0.32603550295858,2
0.27396449704142,0.483431952662722,0.289940828402367,0.481065088757396,0.924852071005917,0.342603550295858,0.219526627218935,0.76094674556213,0.344378698224852,0.327810650887574,0.243786982248521,0.22603550295858,0.47396449704142,0.459763313609467,0.369822485207101,0.185798816568047,0.464497041420118,0.32603550295858,2
0.705917159763314,0.78698224852071,0.584023668639053,0.865680473372781,0.959171597633136,0.342603550295858,0.681656804733728,0.300591715976331,0.650887573964497,0.774556213017751,0.642011834319527,0.689349112426035,0.749112426035503,0.544378698224852,0.729585798816568,0.496449704142012,0.85207100591716,0.647337278106509,2
0.389940828402367,0.354437869822485,0.0875739644970414,0.276331360946746,0.374556213017751,0.342603550295858,0.0905325443786982,0.873372781065089,0.126627218934911,0.351479289940828,0.102958579881657,0.105325443786982,0.373372781065089,0.128994082840237,0.936094674556213,0.142603550295858,0.881065088757396,0.868639053254438,3
0.192307692307692,0.259763313609467,0.0875739644970414,0.182248520710059,0.2,0.0568047337278106,0.111834319526627,0.873372781065089,0.126627218934911,0.220710059171598,0.0923076923076923,0.118343195266272,0.409467455621302,0.388757396449704,0.729585798816568,0.101775147928994,0.392307692307692,0.266863905325444,1
0.832544378698225,0.734319526627219,0.949112426035503,0.601183431952663,0.1,0.96508875739645,0.807692307692308,0.201775147928994,0.850295857988166,0.743195266272189,0.725443786982249,0.807100591715976,0.608284023668639,0.171005917159763,0.138461538461538,0.540236686390533,0.646153846153846,0.7,0
0.192307692307692,0.483431952662722,0.254437869822485,0.238461538461538,0.679289940828402,0.16508875739645,0.277514792899408,0.68284023668639,0.344378698224852,0.467455621301775,0.328402366863905,0.272189349112426,0.633136094674556,0.891715976331361,0.77810650887574,0.057396449704142,0.117751479289941,0.0550295857988166,2
0.811834319526627,0.820710059171598,0.815384615384615,0.911834319526627,0.679289940828402,0.753254437869822,0.775739644970414,0.244378698224852,0.766272189349112,0.706508875739645,0.725443786982249,0.77396449704142,0.656213017751479,0.128994082840237,0.0449704142011834,0.756804733727811,0.746745562130178,0.835502958579882,0
0.0366863905325444,0.157396449704142,0.0224852071005917,0.0798816568047337,0.311242603550296,0.16508875739645,0.123668639053254,0.898816568047337,0.126627218934911,0.0810650887573964,0.0633136094674556,0.105325443786982,0.238461538461538,0.910650887573965,0.77810650887574,0.274556213017751,0.00591715976331361,0.101183431952663,0
0.670414201183432,0.305325443786982,0.0745562130177515,0.169230769230769,0.2,0.342603550295858,0.0816568047337278,0.921301775147929,0.126627218934911,0.382248520710059,0.130769230769231,0.0781065088757396,0.315384615384615,0.814201183431953,0.453254437869823,0.322485207100592,0.23491124260355,0.163905325443787,3
0.63491124260355,0.305325443786982,0.220710059171598,0.357988165680473,0.2,0.342603550295858,0.19112426035503,0.80414201183432,0.126627218934911,0.327810650887574,0.169822485207101,0.194082840236686,0.431360946745562,0.00946745562130178,0.818343195266272,0.367455621301775,0.984023668639053,0.979289940828402,1
0.192307692307692,0.483431952662722,0.117751479289941,0.132544378698225,0.2,0.16508875739645,0.409467455621302,0.68284023668639,0.344378698224852,0.608284023668639,0.263313609467456,0.33491124260355,0.556213017751479,0.910650887573965,0.369822485207101,0.574556213017752,0.0112426035502959,0.0550295857988166,2
0.670414201183432,0.734319526627219,0.415384615384615,0.830177514792899,0.969230769230769,0.342603550295858,0.663313609467456,0.326627218934911,0.650887573964497,0.706508875739645,0.616568047337278,0.668639053254438,0.656213017751479,0.544378698224852,0.0449704142011834,0.322485207100592,0.881065088757396,0.7,2
0.948520710059172,0.939644970414201,0.911834319526627,0.976923076923077,0.863313609467456,0.883431952662722,0.899408284023669,0.0597633136094675,0.850295857988166,0.924260355029586,0.896449704142012,0.915384615384615,0.826627218934911,0.331360946745562,0.914201183431953,0.185798816568047,0.597041420118343,0.524260355029586,0
0.437869822485207,0.820710059171598,0.756213017751479,0.756804733727811,0.550887573964497,0.631360946745562,0.726627218934911,0.273372781065089,0.707100591715976,0.774556213017751,0.742603550295858,0.724260355029586,0.978698224852071,0.331360946745562,0.294674556213018,0.057396449704142,0.597041420118343,0.647337278106509,0
0.0988165680473373,0.418343195266272,0.415384615384615,0.609467455621302,0.98698224852071,0.342603550295858,0.466863905325444,0.518934911242604,0.344378698224852,0.382248520710059,0.52189349112426,0.480473372781065,0.492307692307692,0.792307692307692,0.453254437869823,0.540236686390533,0.27396449704142,0.241420118343195,2
0.601183431952663,0.610059171597633,0.884023668639053,0.872189349112426,0.78698224852071,0.631360946745562,0.715384615384615,0.300591715976331,0.707100591715976,0.565680473372781,0.707100591715976,0.71301775147929,0.431360946745562,0.281065088757396,0.0449704142011834,0.930177514792899,0.597041420118343,0.7,1
0.601183431952663,0.418343195266272,0.563313609467456,0.782248520710059,0.898816568047337,0.16508875739645,0.654437869822485,0.326627218934911,0.650887573964497,0.288757396449704,0.592899408284024,0.663905325443787,0.382248520710059,0.281065088757396,0.53491124260355,0.185798816568047,0.85207100591716,0.585798816568047,2
0.63491124260355,0.610059171597633,0.655029585798817,0.424260355029586,0.679289940828402,0.631360946745562,0.381065088757396,0.597041420118343,0.344378698224852,0.565680473372781,0.403550295857988,0.385798816568047,0.600591715976331,0.388757396449704,0.936094674556213,0.496449704142012,0.698224852071006,0.647337278106509,3
0.192307692307692,0.483431952662722,0.443786982248521,0.37810650887574,0.439644970414201,0.342603550295858,0.409467455621302,0.597041420118343,0.344378698224852,0.327810650887574,0.428402366863905,0.417159763313609,0.362130177514793,0.544378698224852,0.729585798816568,0.0171597633136095,0.392307692307692,0.29585798816568,0
0.389940828402367,0.157396449704142,0.490532544378698,0.651479289940828,0.898816568047337,0.16508875739645,0.546745562130178,0.41301775147929,0.554437869822485,0.114792899408284,0.494674556213018,0.572189349112426,0.105325443786982,0.171005917159763,0.223668639053254,0.614792899408284,0.907100591715976,0.898816568047337,2
0.137278106508876,0.157396449704142,0.387573964497041,0.159763313609467,0.1,0.342603550295858,0.258579881656805,0.76094674556213,0.344378698224852,0.135502958579882,0.358579881656805,0.24792899408284,0.214792899408284,0.728402366863905,0.610650887573964,0.897041420118343,0.192899408284024,0.204733727810651,1
0.885207100591716,0.855621301775148,0.911834319526627,0.642603550295858,0.259763313609467,0.883431952662722,0.824852071005917,0.132544378698225,0.850295857988166,0.886390532544379,0.840828402366864,0.823668639053254,0.897041420118343,0.459763313609467,0.0449704142011834,0.650887573964497,0.325443786982249,0.524260355029586,1
0.329585798816568,0.157396449704142,0.443786982248521,0.435502958579882,0.550887573964497,0.342603550295858,0.305325443786982,0.68284023668639,0.344378698224852,0.0994082840236686,0.428402366863905,0.309467455621302,0.284615384615385,0.459763313609467,0.53491124260355,0.811834319526627,0.464497041420118,0.32603550295858,1
0.705917159763314,0.939644970414201,0.884023668639053,0.911834319526627,0.82603550295858,0.631360946745562,0.790532544378698,0.201775147928994,0.766272189349112,0.871005917159763,0.826627218934911,0.786390532544379,0.914792899408284,0.544378698224852,0.453254437869823,0.756804733727811,0.392307692307692,0.463905325443787,1
0.137278106508876,0.259763313609467,0.149704142011834,0.192307692307692,0.311242603550296,0.16508875739645,0.199408284023669,0.82603550295858,0.344378698224852,0.25207100591716,0.195266272189349,0.189349112426035,0.390532544378698,0.792307692307692,0.223668639053254,0.840828402366864,0.154437869822485,0.163905325443787,1
0.670414201183432,0.104733727810651,0.471597633136095,0.617159763313609,0.550887573964497,0.50887573964497,0.56094674556213,0.437869822485207,0.554437869822485,0.135502958579882,0.543786982248521,0.566863905325444,0.0130177514792899,0.0266272189349112,0.223668639053254,0.930177514792899,0.992899408284024,0.998224852071006,0
0.670414201183432,0.305325443786982,0.698224852071006,0.769822485207101,0.611834319526627,0.753254437869822,0.667455621301775,0.348520710059172,0.650887573964497,0.307692307692308,0.632544378698225,0.662130177514793,0.123668639053254,0.0514792899408284,0.369822485207101,0.142603550295858,0.881065088757396,0.868639053254438,0
0.759171597633136,0.659763313609467,0.655029585798817,0.697041420118343,0.439644970414201,0.753254437869822,0.625443786982249,0.369822485207101,0.650887573964497,0.671597633136095,0.57396449704142,0.624852071005917,0.431360946745562,0,0.936094674556213,0.73491124260355,0.969230769230769,0.99112426035503,1
0.192307692307692,0.0218934911242604,0.00236686390532544,0.00473372781065089,0.1,0,0.0242603550295858,0.982840236686391,0.0248520710059172,0.00650887573964497,0.0266272189349112,0.0218934911242604,0.133136094674556,0.99112426035503,0.53491124260355,0.057396449704142,0.0733727810650888,0.0550295857988166,3
0.0988165680473373,0.354437869822485,0.415384615384615,0.386390532544379,0.679289940828402,0.342603550295858,0.381065088757396,0.597041420118343,0.344378698224852,0.382248520710059,0.507692307692308,0.385798816568047,0.315384615384615,0.728402366863905,0.0449704142011834,0.781656804733728,0.392307692307692,0.32603550295858,2
0.329585798816568,0.547337278106509,0.609467455621302,0.318934911242604,0.374556213017751,0.883431952662722,0.52189349112426,0.518934911242604,0.554437869822485,0.724260355029586,0.482840236686391,0.489940828402367,0.492307692307692,0.728402366863905,0.855029585798817,0.68284023668639,0.192899408284024,0.32603550295858,3
0.437869822485207,0.210059171597633,0.443786982248521,0.357988165680473,0.374556213017751,0.50887573964497,0.171597633136095,0.82603550295858,0.126627218934911,0.288757396449704,0.141420118343195,0.175739644970414,0.0372781065088757,0.0266272189349112,0.674556213017751,0.71301775147929,0.969230769230769,0.979289940828402,3
0.63491124260355,0.760355029585799,0.711834319526627,0.92189349112426,0.82603550295858,0.631360946745562,0.700591715976331,0.300591715976331,0.707100591715976,0.724260355029586,0.725443786982249,0.696449704142012,0.856804733727811,0.22603550295858,0.674556213017751,0.274556213017751,0.746745562130178,0.749704142011834,1
0.27396449704142,0.0218934911242604,0.0615384615384615,0.268047337278107,0.374556213017751,0.342603550295858,0.0686390532544379,0.921301775147929,0.126627218934911,0.0994082840236686,0.0633136094674556,0.0733727810650888,0,0.0266272189349112,0.138461538461538,0.274556213017751,0.984023668639053,0.979289940828402,3
0.977514792899408,0.610059171597633,0.785207100591716,0.769822485207101,0.491715976331361,0.631360946745562,0.726627218934911,0.273372781065089,0.707100591715976,0.589349112426035,0.702958579881657,0.723076923076923,0.35207100591716,0.128994082840237,0.818343195266272,0.322485207100592,0.782840236686391,0.835502958579882,1
0.237278106508876,0.305325443786982,0.149704142011834,0.238461538461538,0.311242603550296,0.16508875739645,0.277514792899408,0.76094674556213,0.344378698224852,0.237278106508876,0.195266272189349,0.24792899408284,0.571005917159763,0.830769230769231,0.984023668639053,0.101775147928994,0.117751479289941,0.13905325443787,1
0.329585798816568,0.659763313609467,0.563313609467456,0.513609467455621,0.491715976331361,0.50887573964497,0.588757396449704,0.41301775147929,0.554437869822485,0.608284023668639,0.592899408284024,0.582840236686391,0.703550295857988,0.544378698224852,0.610650887573964,0.451479289940828,0.392307692307692,0.32603550295858,1
0.389940828402367,0.418343195266272,0.315976331360947,0.393491124260355,0.679289940828402,0.50887573964497,0.145562130177515,0.849112426035503,0.126627218934911,0.467455621301775,0.130769230769231,0.153846153846154,0.415384615384615,0.0881656804733728,0.369822485207101,0.274556213017751,0.969230769230769,0.979289940828402,3
0.389940828402367,0.659763313609467,0.609467455621302,0.435502958579882,0.679289940828402,0.753254437869822,0.581656804733728,0.467455621301775,0.554437869822485,0.757988165680473,0.482840236686391,0.566863905325444,0.633136094674556,0.615976331360947,0.729585798816568,0.0171597633136095,0.27396449704142,0.408284023668639,3
0.811834319526627,0.418343195266272,0.730177514792899,0.769822485207101,0.611834319526627,0.753254437869822,0.68698224852071,0.326627218934911,0.707100591715976,0.351479289940828,0.663313609467456,0.68284023668639,0.156213017751479,0.128994082840237,0.674556213017751,0.540236686390533,0.817751479289941,0.868639053254438,0
0.977514792899408,0.855621301775148,0.884023668639053,0.956213017751479,0.78698224852071,0.753254437869822,0.824852071005917,0.201775147928994,0.850295857988166,0.832544378698225,0.826627218934911,0.820118343195266,0.826627218934911,0.22603550295858,0.453254437869823,0.68284023668639,0.597041420118343,0.835502958579882,1
0.564497041420118,0.610059171597633,0.689940828402367,0.569230769230769,0.924852071005917,0.96508875739645,0.50414201183432,0.518934911242604,0.554437869822485,0.671597633136095,0.378698224852071,0.476923076923077,0.715384615384615,0.331360946745562,0.936094674556213,0.811834319526627,0.597041420118343,0.7,3
0.137278106508876,0.483431952662722,0.149704142011834,0.0970414201183432,0.311242603550296,0.16508875739645,0.277514792899408,0.68284023668639,0.344378698224852,0.467455621301775,0.328402366863905,0.279881656804734,0.633136094674556,0.923076923076923,0.674556213017751,0.057396449704142,0.0733727810650888,0.0550295857988166,2
0.601183431952663,0.78698224852071,0.730177514792899,0.756804733727811,0.611834319526627,0.631360946745562,0.71301775147929,0.300591715976331,0.707100591715976,0.774556213017751,0.697041420118343,0.71301775147929,0.961538461538462,0.281065088757396,0.888165680473373,0.0171597633136095,0.646153846153846,0.585798816568047,0
0.832544378698225,0.305325443786982,0.563313609467456,0.737278106508876,0.611834319526627,0.631360946745562,0.639644970414201,0.369822485207101,0.650887573964497,0.351479289940828,0.642011834319527,0.632544378698225,0.143786982248521,0.128994082840237,0.610650887573964,0.956804733727811,0.881065088757396,0.926627218934911,0
0.670414201183432,0.659763313609467,0.655029585798817,0.631360946745562,0.439644970414201,0.342603550295858,0.742011834319527,0.244378698224852,0.766272189349112,0.565680473372781,0.725443786982249,0.753846153846154,0.777514792899408,0.674556213017751,0.674556213017751,0.0171597633136095,0.698224852071006,0.266863905325444,2
0.437869822485207,0.0218934911242604,0.149704142011834,0.41301775147929,0.374556213017751,0.342603550295858,0.258579881656805,0.68284023668639,0.344378698224852,0.135502958579882,0.29112426035503,0.272189349112426,0.0372781065088757,0.0881656804733728,0.138461538461538,0.057396449704142,0.881065088757396,0.835502958579882,0
0.475739644970414,0.104733727810651,0.506508875739645,0.609467455621302,0.82603550295858,0.50887573964497,0.449112426035503,0.518934911242604,0.344378698224852,0.0994082840236686,0.52189349112426,0.454437869822485,0.201183431952663,0.331360946745562,0.53491124260355,0.410059171597633,0.597041420118343,0.408284023668639,1
0.759171597633136,0.996449704142012,0.985798816568047,0.976923076923077,0.924852071005917,0.883431952662722,0.967455621301775,0.0597633136094675,0.937869822485207,0.997041420118343,0.949112426035503,0.966863905325444,0.815976331360947,0.544378698224852,0.0449704142011834,0.574556213017752,0.392307692307692,0.585798816568047,0
0.0556213017751479,0.418343195266272,0.342603550295858,0.402366863905325,0.863313609467456,0.342603550295858,0.381065088757396,0.597041420118343,0.344378698224852,0.467455621301775,0.53491124260355,0.376923076923077,0.492307692307692,0.84792899408284,0.223668639053254,0.71301775147929,0.192899408284024,0.204733727810651,2
0.885207100591716,0.78698224852071,0.506508875739645,0.865680473372781,0.944378698224852,0.16508875739645,0.733136094674556,0.244378698224852,0.707100591715976,0.743195266272189,0.725443786982249,0.742011834319527,0.686390532544379,0.728402366863905,0.53491124260355,0.781656804733728,0.782840236686391,0.363313609467456,2
0.192307692307692,0.547337278106509,0.254437869822485,0.0710059171597633,0.2,0.342603550295858,0.277514792899408,0.68284023668639,0.344378698224852,0.423668639053254,0.328402366863905,0.286390532544379,0.656213017751479,0.923076923076923,0.729585798816568,0.231360946745562,0.0733727810650888,0.0550295857988166,2
0.329585798816568,0.305325443786982,0.415384615384615,0.631360946745562,0.969230769230769,0.342603550295858,0.50414201183432,0.467455621301775,0.344378698224852,0.237278106508876,0.53491124260355,0.537869822485207,0.284615384615385,0.674556213017751,0.674556213017751,0.540236686390533,0.646153846153846,0.408284023668639,2
0.601183431952663,0.610059171597633,0.415384615384615,0.449704142011834,0.78698224852071,0.883431952662722,0.573372781065089,0.467455621301775,0.554437869822485,0.671597633136095,0.450295857988166,0.553254437869823,0.47396449704142,0.674556213017751,0.674556213017751,0.185798816568047,0.23491124260355,0.32603550295858,3
0.63491124260355,0.610059171597633,0.254437869822485,0.737278106508876,0.924852071005917,0.16508875739645,0.603550295857988,0.39112426035503,0.554437869822485,0.565680473372781,0.54792899408284,0.610650887573964,0.452662721893491,0.331360946745562,0.968047337278107,0.451479289940828,0.950295857988166,0.835502958579882,2
0.389940828402367,0.610059171597633,0.342603550295858,0.204733727810651,0.311242603550296,0.883431952662722,0.56094674556213,0.518934911242604,0.554437869822485,0.724260355029586,0.328402366863905,0.537869822485207,0.656213017751479,0.765680473372781,0.0449704142011834,0.410059171597633,0.154437869822485,0.32603550295858,3
0.977514792899408,0.968047337278107,0.985798816568047,0.79112426035503,0.259763313609467,0.0568047337278106,0.988165680473373,0.0153846153846154,0.985798816568047,0.9,0.985207100591716,0.988757396449704,1,0.891715976331361,0.818343195266272,0.451479289940828,0.192899408284024,0.0550295857988166,2
0.733727810650888,0.157396449704142,0.363905325443787,0.642603550295858,0.78698224852071,0.16508875739645,0.588757396449704,0.39112426035503,0.554437869822485,0.135502958579882,0.613609467455621,0.592899408284024,0.133136094674556,0.459763313609467,0.223668639053254,0.840828402366864,0.950295857988166,0.797633136094675,2
0.137278106508876,0.354437869822485,0.149704142011834,0.0532544378698225,0.0615384615384615,0.342603550295858,0.305325443786982,0.76094674556213,0.344378698224852,0.382248520710059,0.29112426035503,0.264497041420118,0.35207100591716,0.941420118343195,0.77810650887574,0.322485207100592,0.0733727810650888,0.0165680473372781,2
0.27396449704142,0.259763313609467,0.220710059171598,0.291715976331361,0.374556213017751,0.342603550295858,0.0816568047337278,0.898816568047337,0.126627218934911,0.197041420118343,0.0633136094674556,0.0899408284023669,0.201183431952663,0.0881656804733728,0.138461538461538,0.057396449704142,0.746745562130178,0.7,0
0.906508875739645,0.985207100591716,0.949112426035503,0.990532544378698,0.82603550295858,0.16508875739645,0.998816568047337,0.00532544378698225,0.994082840236686,0.924260355029586,0.995266272189349,0.997633136094675,0.992899408284024,0.962721893491124,0.729585798816568,0.964497041420118,0.0733727810650888,0.101183431952663,2
0.329585798816568,0.0218934911242604,0.0159763313609467,0.0633136094674556,0.259763313609467,0.0159763313609467,0.0372781065088757,0.962721893491124,0.0248520710059172,0.0313609467455621,0.0266272189349112,0.0366863905325444,0.0775147928994083,0.891715976331361,0.453254437869823,0.574556213017752,0.117751479289941,0.101183431952663,1
0.885207100591716,0.78698224852071,0.911834319526627,0.769822485207101,0.439644970414201,0.883431952662722,0.715384615384615,0.300591715976331,0.707100591715976,0.795266272189349,0.688165680473373,0.714792899408284,0.724852071005917,0.0881656804733728,0.97810650887574,0.185798816568047,0.85207100591716,0.898816568047337,1
0.564497041420118,0.259763313609467,0.609467455621302,0.662130177514793,0.550887573964497,0.631360946745562,0.615976331360947,0.39112426035503,0.554437869822485,0.288757396449704,0.557988165680473,0.617159763313609,0.105325443786982,0.00946745562130178,0.223668639053254,0.410059171597633,0.950295857988166,0.99112426035503,1
0.192307692307692,0.547337278106509,0.289940828402367,0.526627218934911,0.924852071005917,0.16508875739645,0.242603550295858,0.68284023668639,0.344378698224852,0.504733727810651,0.378698224852071,0.264497041420118,0.69585798816568,0.459763313609467,0.77810650887574,0.367455621301775,0.392307692307692,0.266863905325444,2
0.948520710059172,0.78698224852071,0.785207100591716,0.856804733727811,0.611834319526627,0.753254437869822,0.737278106508876,0.273372781065089,0.766272189349112,0.743195266272189,0.725443786982249,0.737869822485207,0.777514792899408,0.128994082840237,0.610650887573964,0.68284023668639,0.782840236686391,0.898816568047337,1
0.389940828402367,0.610059171597633,0.387573964497041,0.169230769230769,0.144378698224852,0.883431952662722,0.546745562130178,0.518934911242604,0.554437869822485,0.774556213017751,0.403550295857988,0.522485207100592,0.452662721893491,0.792307692307692,0.0449704142011834,0.68284023668639,0.154437869822485,0.29585798816568,3
0.759171597633136,0.418343195266272,0.698224852071006,0.769822485207101,0.550887573964497,0.753254437869822,0.668639053254438,0.326627218934911,0.650887573964497,0.382248520710059,0.650887573964497,0.669822485207101,0.284615384615385,0.0881656804733728,0.53491124260355,0.410059171597633,0.817751479289941,0.898816568047337,1
0.475739644970414,0.305325443786982,0.149704142011834,0.0970414201183432,0.0372781065088757,0.342603550295858,0.171597633136095,0.873372781065089,0.126627218934911,0.382248520710059,0.151479289940828,0.146153846153846,0.362130177514793,0.869822485207101,0.610650887573964,0.756804733727811,0.154437869822485,0.101183431952663,3
0.329585798816568,0.157396449704142,0.543195266272189,0.386390532544379,0.374556213017751,0.50887573964497,0.430769230769231,0.518934911242604,0.344378698224852,0.0994082840236686,0.507692307692308,0.445562130177515,0.133136094674556,0.388757396449704,0.138461538461538,0.057396449704142,0.392307692307692,0.29585798816568,1
0.475739644970414,0.104733727810651,0.387573964497041,0.642603550295858,0.924852071005917,0.16508875739645,0.449112426035503,0.467455621301775,0.344378698224852,0.135502958579882,0.557988165680473,0.49585798816568,0.0668639053254438,0.459763313609467,0.0449704142011834,0.185798816568047,0.907100591715976,0.797633136094675,2
0.0769230769230769,0.354437869822485,0.289940828402367,0.350887573964497,0.679289940828402,0.342603550295858,0.305325443786982,0.68284023668639,0.344378698224852,0.351479289940828,0.378698224852071,0.33491124260355,0.328994082840237,0.674556213017751,0.223668639053254,0.101775147928994,0.23491124260355,0.241420118343195,2
0.517159763313609,0.659763313609467,0.563313609467456,0.481065088757396,0.439644970414201,0.342603550295858,0.603550295857988,0.41301775147929,0.554437869822485,0.536094674556213,0.632544378698225,0.598816568047337,0.777514792899408,0.615976331360947,0.855029585798817,0.185798816568047,0.392307692307692,0.29585798816568,0
0.906508875739645,0.855621301775148,0.756213017751479,0.716568047337278,0.311242603550296,0.883431952662722,0.88698224852071,0.132544378698225,0.850295857988166,0.857988165680473,0.896449704142012,0.884023668639053,0.710059171597633,0.459763313609467,0.818343195266272,0.882840236686391,0.464497041420118,0.585798816568047,0
0.948520710059172,0.734319526627219,0.855029585798817,0.8,0.550887573964497,0.753254437869822,0.790532544378698,0.201775147928994,0.766272189349112,0.671597633136095,0.883431952662722,0.793491124260355,0.867455621301775,0.544378698224852,0.53491124260355,0.68284023668639,0.536686390532544,0.585798816568047,1
0.63491124260355,0.699408284023669,0.563313609467456,0.585798816568047,0.374556213017751,0.50887573964497,0.625443786982249,0.39112426035503,0.650887573964497,0.635502958579882,0.619526627218935,0.623668639053254,0.736094674556213,0.22603550295858,0.936094674556213,0.0171597633136095,0.817751479289941,0.749704142011834,0
0.517159763313609,0.418343195266272,0.471597633136095,0.449704142011834,0.679289940828402,0.50887573964497,0.155029585798817,0.82603550295858,0.126627218934911,0.467455621301775,0.117159763313609,0.160355029585799,0.341420118343195,0.0514792899408284,0.968047337278107,0.540236686390533,0.992899408284024,0.99112426035503,3
0.733727810650888,0.820710059171598,0.884023668639053,0.585798816568047,0.144378698224852,0.753254437869822,0.819526627218935,0.201775147928994,0.850295857988166,0.857988165680473,0.77396449704142,0.817751479289941,0.867455621301775,0.615976331360947,0.294674556213018,0.101775147928994,0.392307692307692,0.363313609467456,0
0.977514792899408,0.897041420118343,0.83491124260355,0.808284023668639,0.679289940828402,0.883431952662722,0.844378698224852,0.132544378698225,0.850295857988166,0.924260355029586,0.811834319526627,0.839644970414201,0.921301775147929,0.615976331360947,0.968047337278107,0.68284023668639,0.464497041420118,0.585798816568047,1
0.0556213017751479,0.418343195266272,0.254437869822485,0.995266272189349,0.995266272189349,1,0.171597633136095,0.82603550295858,0.126627218934911,0.467455621301775,0.927218934911243,0.175739644970414,0.47396449704142,0.995266272189349,0.369822485207101,0.410059171597633,0.597041420118343,0.647337278106509,3
0.475739644970414,0.0218934911242604,0.0467455621301775,0.192307692307692,0.311242603550296,0.16508875739645,0.0372781065088757,0.962721893491124,0.0248520710059172,0.157396449704142,0.0420118343195266,0.0402366863905325,0.0100591715976331,0.0881656804733728,0.53491124260355,0.71301775147929,0.881065088757396,0.835502958579882,3
0.564497041420118,0.734319526627219,0.543195266272189,0.204733727810651,0.2,0.753254437869822,0.533727810650888,0.518934911242604,0.554437869822485,0.757988165680473,0.469230769230769,0.515976331360947,0.656213017751479,0.765680473372781,0.77810650887574,0.322485207100592,0.192899408284024,0.29585798816568,3
0.601183431952663,0.354437869822485,0.730177514792899,0.769822485207101,0.742603550295858,0.631360946745562,0.663313609467456,0.348520710059172,0.650887573964497,0.327810650887574,0.642011834319527,0.655621301775148,0.247337278106509,0.22603550295858,0.138461538461538,0.944970414201183,0.746745562130178,0.7,0
0.811834319526627,0.897041420118343,0.756213017751479,0.808284023668639,0.491715976331361,0.16508875739645,0.963905325443787,0.0289940828402367,0.937869822485207,0.845562130177515,0.966863905325444,0.970414201183432,0.955621301775148,0.830769230769231,0.729585798816568,0.614792899408284,0.464497041420118,0.184615384615385,2
0.759171597633136,0.897041420118343,0.83491124260355,0.856804733727811,0.742603550295858,0.753254437869822,0.748520710059172,0.244378698224852,0.766272189349112,0.832544378698225,0.840828402366864,0.749704142011834,0.970414201183432,0.544378698224852,0.369822485207101,0.496449704142012,0.392307692307692,0.463905325443787,1
0.885207100591716,0.547337278106509,0.785207100591716,0.749112426035503,0.491715976331361,0.753254437869822,0.748520710059172,0.244378698224852,0.766272189349112,0.589349112426035,0.725443786982249,0.746745562130178,0.656213017751479,0.22603550295858,0.674556213017751,0.231360946745562,0.698224852071006,0.7,1
0.928994082840237,0.855621301775148,0.966863905325444,0.896449704142012,0.611834319526627,0.883431952662722,0.911834319526627,0.132544378698225,0.937869822485207,0.886390532544379,0.896449704142012,0.900591715976331,0.749112426035503,0.331360946745562,0.77810650887574,0.811834319526627,0.597041420118343,0.835502958579882,1
0.564497041420118,0.483431952662722,0.254437869822485,0.662130177514793,0.959171597633136,0.50887573964497,0.430769230769231,0.467455621301775,0.344378698224852,0.423668639053254,0.358579881656805,0.485207100591716,0.571005917159763,0.22603550295858,0.610650887573964,0.101775147928994,0.930177514792899,0.926627218934911,2
0.759171597633136,0.820710059171598,0.985798816568047,0.962721893491124,0.863313609467456,0.753254437869822,0.948520710059172,0.0597633136094675,0.937869822485207,0.845562130177515,0.963905325443787,0.955029585798817,0.815976331360947,0.615976331360947,0.610650887573964,0.930177514792899,0.464497041420118,0.647337278106509,0
0.670414201183432,0.305325443786982,0.655029585798817,0.642603550295858,0.374556213017751,0.631360946745562,0.639644970414201,0.369822485207101,0.650887573964497,0.307692307692308,0.611242603550296,0.63905325443787,0.230177514792899,0.0514792899408284,0.138461538461538,0.231360946745562,0.85207100591716,0.898816568047337,1
0.63491124260355,0.610059171597633,0.363905325443787,0.819526627218935,0.978698224852071,0.0568047337278106,0.581656804733728,0.39112426035503,0.554437869822485,0.589349112426035,0.568639053254438,0.589349112426035,0.710059171597633,0.388757396449704,0.610650887573964,0.367455621301775,0.85207100591716,0.7,2
0.859171597633136,0.820710059171598,0.997041420118343,0.546745562130178,0.0615384615384615,0.753254437869822,0.911834319526627,0.0597633136094675,0.937869822485207,0.857988165680473,0.953254437869822,0.92189349112426,0.897041420118343,0.674556213017751,0.77810650887574,0.930177514792899,0.464497041420118,0.585798816568047,0
0.859171597633136,0.855621301775148,0.815384615384615,0.79112426035503,0.742603550295858,0.883431952662722,0.844378698224852,0.132544378698225,0.850295857988166,0.886390532544379,0.742603550295858,0.83491124260355,0.921301775147929,0.544378698224852,0.855029585798817,0.540236686390533,0.392307692307692,0.585798816568047,1
0.437869822485207,0.157396449704142,0.415384615384615,0.546745562130178,0.491715976331361,0.50887573964497,0.603550295857988,0.41301775147929,0.554437869822485,0.197041420118343,0.623668639053254,0.595266272189349,0.214792899408284,0.459763313609467,0.0449704142011834,0.930177514792899,0.536686390532544,0.585798816568047,0
0.885207100591716,0.897041420118343,0.966863905325444,0.988757396449704,0.924852071005917,0.96508875739645,0.867455621301775,0.132544378698225,0.850295857988166,0.886390532544379,0.869230769230769,0.876331360946746,0.948520710059172,0.281065088757396,0.369822485207101,0.840828402366864,0.536686390532544,0.749704142011834,1
0.564497041420118,0.547337278106509,0.609467455621302,0.462130177514793,0.863313609467456,0.753254437869822,0.50414201183432,0.597041420118343,0.554437869822485,0.689349112426035,0.328402366863905,0.473372781065089,0.537278106508876,0.615976331360947,0.968047337278107,0.496449704142012,0.392307692307692,0.408284023668639,3
0.885207100591716,0.610059171597633,0.785207100591716,0.749112426035503,0.491715976331361,0.631360946745562,0.726627218934911,0.273372781065089,0.707100591715976,0.608284023668639,0.688165680473373,0.719526627218935,0.362130177514793,0.128994082840237,0.453254437869823,0.410059171597633,0.782840236686391,0.797633136094675,0
0.564497041420118,0.547337278106509,0.609467455621302,0.424260355029586,0.611834319526627,0.753254437869822,0.52189349112426,0.518934911242604,0.554437869822485,0.706508875739645,0.428402366863905,0.515976331360947,0.373372781065089,0.281065088757396,0.138461538461538,0.274556213017751,0.536686390532544,0.647337278106509,3
0.437869822485207,0.104733727810651,0.415384615384615,0.214201183431953,0.144378698224852,0.50887573964497,0.0994082840236686,0.898816568047337,0.126627218934911,0.220710059171598,0.123076923076923,0.0994082840236686,0.0455621301775148,0.331360946745562,0.0449704142011834,0.540236686390533,0.646153846153846,0.29585798816568,3
0.811834319526627,0.699408284023669,0.911834319526627,0.917751479289941,0.679289940828402,0.753254437869822,0.76508875739645,0.244378698224852,0.766272189349112,0.635502958579882,0.725443786982249,0.757988165680473,0.571005917159763,0.0881656804733728,0.0449704142011834,0.897041420118343,0.698224852071006,0.868639053254438,1
0.63491124260355,0.483431952662722,0.194082840236686,0.697041420118343,0.924852071005917,0.342603550295858,0.466863905325444,0.437869822485207,0.344378698224852,0.467455621301775,0.507692307692308,0.533136094674556,0.409467455621302,0.22603550295858,0.453254437869823,0.322485207100592,0.984023668639053,0.926627218934911,2
0.137278106508876,0.0556213017751479,0.315976331360947,0.118343195266272,0.2,0.342603550295858,0.0597633136094675,0.950887573964497,0.126627218934911,0.0313609467455621,0.0497041420118343,0.0544378698224852,0.0372781065088757,0.388757396449704,0.294674556213018,0.956804733727811,0.23491124260355,0.363313609467456,0
0.832544378698225,0.699408284023669,0.730177514792899,0.98698224852071,0.944378698224852,0.753254437869822,0.785207100591716,0.201775147928994,0.766272189349112,0.649704142011834,0.869230769230769,0.790532544378698,0.740828402366864,0.459763313609467,0.223668639053254,0.650887573964497,0.464497041420118,0.463905325443787,0
0.788165680473373,0.939644970414201,0.949112426035503,0.8,0.491715976331361,0.883431952662722,0.963905325443787,0.0597633136094675,0.937869822485207,0.989349112426036,0.896449704142012,0.952662721893491,0.801183431952663,0.674556213017751,0.674556213017751,0.984023668639053,0.392307692307692,0.749704142011834,0
0.832544378698225,0.820710059171598,0.855029585798817,0.526627218934911,0.0372781065088757,0.342603550295858,0.974556213017752,0.0236686390532544,0.977514792899408,0.757988165680473,0.969822485207101,0.972781065088757,0.987573964497041,0.891715976331361,0.294674556213018,0.863905325443787,0.192899408284024,0.101183431952663,2
0.137278106508876,0.547337278106509,0.342603550295858,0.498224852071006,0.898816568047337,0.50887573964497,0.210059171597633,0.76094674556213,0.126627218934911,0.565680473372781,0.403550295857988,0.209467455621302,0.537278106508876,0.459763313609467,0.223668639053254,0.0171597633136095,0.597041420118343,0.647337278106509,3
0.992899408284024,0.985207100591716,0.83491124260355,0.617159763313609,0.0372781065088757,0.16508875739645,0.994082840236686,0.00532544378698225,0.994082840236686,0.9,0.997633136094675,0.995266272189349,0.995266272189349,0.941420118343195,0.223668639053254,0.811834319526627,0.154437869822485,0.101183431952663,2
0.27396449704142,0.259763313609467,0.0349112426035503,0.0195266272189349,0.0615384615384615,0.342603550295858,0.0994082840236686,0.93905325443787,0.126627218934911,0.288757396449704,0.0420118343195266,0.0816568047337278,0.328994082840237,0.976331360946746,0.0449704142011834,0.322485207100592,0.00118343195266272,0.0550295857988166,3
0.192307692307692,0.104733727810651,0.443786982248521,0.276331360946746,0.1,0.342603550295858,0.449112426035503,0.518934911242604,0.344378698224852,0.0603550295857988,0.507692307692308,0.451479289940828,0.214792899408284,0.459763313609467,0.914201183431953,0.574556213017752,0.325443786982249,0.266863905325444,0
0.811834319526627,0.78698224852071,0.884023668639053,0.928994082840237,0.82603550295858,0.753254437869822,0.780473372781065,0.201775147928994,0.766272189349112,0.795266272189349,0.78698224852071,0.775147928994083,0.730769230769231,0.281065088757396,0.294674556213018,0.756804733727811,0.464497041420118,0.524260355029586,1
0.885207100591716,0.78698224852071,0.705917159763314,0.424260355029586,0.0224852071005917,0.342603550295858,0.88698224852071,0.0597633136094675,0.850295857988166,0.845562130177515,0.962130177514793,0.897633136094675,0.817751479289941,0.869822485207101,0.729585798816568,0.897041420118343,0.464497041420118,0.204733727810651,2
0.759171597633136,0.760355029585799,0.756213017751479,0.840828402366864,0.611834319526627,0.16508875739645,0.899408284023669,0.0597633136094675,0.850295857988166,0.689349112426035,0.939644970414201,0.937869822485207,0.843786982248521,0.792307692307692,0.674556213017751,0.322485207100592,0.536686390532544,0.223076923076923,2
0.63491124260355,0.483431952662722,0.609467455621302,0.490532544378698,0.78698224852071,0.753254437869822,0.466863905325444,0.518934911242604,0.344378698224852,0.608284023668639,0.243786982248521,0.465680473372781,0.341420118343195,0.22603550295858,0.294674556213018,0.451479289940828,0.698224852071006,0.797633136094675,3
0.96508875739645,0.820710059171598,0.884023668639053,0.79112426035503,0.439644970414201,0.96508875739645,0.867455621301775,0.132544378698225,0.850295857988166,0.795266272189349,0.78698224852071,0.879881656804734,0.835502958579882,0.22603550295858,0.818343195266272,0.322485207100592,0.536686390532544,0.647337278106509,1
0.237278106508876,0.210059171597633,0.363905325443787,0.481065088757396,0.78698224852071,0.16508875739645,0.230177514792899,0.68284023668639,0.344378698224852,0.197041420118343,0.403550295857988,0.24792899408284,0.156213017751479,0.388757396449704,0.294674556213018,0.811834319526627,0.817751479289941,0.7,2
0.389940828402367,0.305325443786982,0.471597633136095,0.284615384615385,0.144378698224852,0.342603550295858,0.163313609467456,0.82603550295858,0.126627218934911,0.268639053254438,0.160355029585799,0.168639053254438,0.328994082840237,0.22603550295858,0.0449704142011834,0.057396449704142,0.698224852071006,0.524260355029586,0
0.705917159763314,0.699408284023669,0.815384615384615,0.830177514792899,0.742603550295858,0.631360946745562,0.742011834319527,0.244378698224852,0.766272189349112,0.635502958579882,0.742603550295858,0.744378698224852,0.510650887573964,0.281065088757396,0.223668639053254,0.231360946745562,0.536686390532544,0.524260355029586,1
0.63491124260355,0.610059171597633,0.655029585798817,0.562721893491124,0.863313609467456,0.753254437869822,0.466863905325444,0.518934911242604,0.344378698224852,0.565680473372781,0.403550295857988,0.459171597633136,0.600591715976331,0.331360946745562,0.914201183431953,0.650887573964497,0.782840236686391,0.797633136094675,3
0.137278106508876,0.418343195266272,0.220710059171598,0.250887573964497,0.550887573964497,0.342603550295858,0.409467455621302,0.597041420118343,0.344378698224852,0.467455621301775,0.494674556213018,0.398816568047337,0.582840236686391,0.923076923076923,0.138461538461538,0.185798816568047,0.117751479289941,0.101183431952663,2
0.437869822485207,0.354437869822485,0.149704142011834,0.26094674556213,0.311242603550296,0.631360946745562,0.123668639053254,0.873372781065089,0.126627218934911,0.351479289940828,0.181065088757396,0.13491124260355,0.390532544378698,0.331360946745562,0.53491124260355,0.231360946745562,0.646153846153846,0.524260355029586,3
0.0218934911242604,0.418343195266272,0.194082840236686,0.0798816568047337,0.0615384615384615,0.342603550295858,0.343195266272189,0.76094674556213,0.344378698224852,0.536094674556213,0.29112426035503,0.309467455621302,0.537278106508876,0.869822485207101,0.610650887573964,0.614792899408284,0.0319526627218935,0.101183431952663,2
0.517159763313609,0.610059171597633,0.609467455621302,0.513609467455621,0.78698224852071,0.631360946745562,0.381065088757396,0.597041420118343,0.344378698224852,0.536094674556213,0.29112426035503,0.385798816568047,0.582840236686391,0.22603550295858,0.0449704142011834,0.185798816568047,0.817751479289941,0.868639053254438,3
0.517159763313609,0.78698224852071,0.681065088757396,0.881656804733728,0.898816568047337,0.50887573964497,0.676923076923077,0.326627218934911,0.707100591715976,0.689349112426035,0.710650887573965,0.67810650887574,0.953254437869822,0.388757396449704,0.53491124260355,0.057396449704142,0.536686390532544,0.463905325443787,1
0.63491124260355,0.259763313609467,0.471597633136095,0.526627218934911,0.311242603550296,0.342603550295858,0.63491124260355,0.369822485207101,0.650887573964497,0.288757396449704,0.632544378698225,0.632544378698225,0.35207100591716,0.281065088757396,0.294674556213018,0.944970414201183,0.646153846153846,0.7,1
0.137278106508876,0.0556213017751479,0.0112426035502959,0.0242603550295858,0.2,0.0568047337278106,0.0242603550295858,0.982840236686391,0.0248520710059172,0.0195266272189349,0.0266272189349112,0.0195266272189349,0.0668639053254438,0.869822485207101,0.888165680473373,0.231360946745562,0.117751479289941,0.101183431952663,3
0.759171597633136,0.0556213017751479,0.342603550295858,0.79112426035503,0.969230769230769,0.16508875739645,0.573372781065089,0.41301775147929,0.554437869822485,0.0603550295857988,0.592899408284024,0.581065088757396,0.0526627218934911,0.544378698224852,0.53491124260355,0.756804733727811,0.950295857988166,0.868639053254438,2
0.437869822485207,0.0556213017751479,0.315976331360947,0.449704142011834,0.439644970414201,0.50887573964497,0.343195266272189,0.597041420118343,0.344378698224852,0.174556213017751,0.225443786982249,0.360355029585799,0.0284023668639053,0.0514792899408284,0.223668639053254,0.840828402366864,0.85207100591716,0.898816568047337,1
0.437869822485207,0.305325443786982,0.10414201183432,0.310059171597633,0.491715976331361,0.50887573964497,0.0751479289940828,0.898816568047337,0.126627218934911,0.351479289940828,0.160355029585799,0.0816568047337278,0.284615384615385,0.281065088757396,0.53491124260355,0.540236686390533,0.782840236686391,0.749704142011834,3
0.192307692307692,0.210059171597633,0.0467455621301775,0.0970414201183432,0.144378698224852,0.0568047337278106,0.0136094674556213,0.982840236686391,0.0248520710059172,0.197041420118343,0.0313609467455621,0.014792899408284,0.238461538461538,0.331360946745562,0.610650887573964,0.274556213017751,0.597041420118343,0.363313609467456,3
0.601183431952663,0.855621301775148,0.716568047337278,0.819526627218935,0.742603550295858,0.753254437869822,0.726627218934911,0.273372781065089,0.707100591715976,0.757988165680473,0.78698224852071,0.72189349112426,0.964497041420118,0.459763313609467,0.294674556213018,0.101775147928994,0.464497041420118,0.463905325443787,1
0.437869822485207,0.418343195266272,0.315976331360947,0.26094674556213,0.2,0.342603550295858,0.305325443786982,0.68284023668639,0.344378698224852,0.307692307692308,0.263313609467456,0.309467455621302,0.400591715976331,0.544378698224852,0.888165680473373,0.863905325443787,0.325443786982249,0.266863905325444,1
0.0366863905325444,0.547337278106509,0.194082840236686,0.204733727810651,0.439644970414201,0.342603550295858,0.409467455621302,0.68284023668639,0.344378698224852,0.622485207100592,0.243786982248521,0.35207100591716,0.582840236686391,0.869822485207101,0.294674556213018,0.574556213017752,0.0319526627218935,0.0550295857988166,2
0.564497041420118,0.760355029585799,0.584023668639053,0.214201183431953,0.259763313609467,0.753254437869822,0.484023668639053,0.597041420118343,0.554437869822485,0.911834319526627,0.358579881656805,0.445562130177515,0.675739644970414,0.792307692307692,0.453254437869823,0.274556213017751,0.154437869822485,0.266863905325444,3
0.928994082840237,0.547337278106509,0.698224852071006,0.769822485207101,0.550887573964497,0.753254437869822,0.705325443786982,0.300591715976331,0.707100591715976,0.565680473372781,0.663313609467456,0.698816568047337,0.341420118343195,0.0881656804733728,0.855029585798817,0.781656804733728,0.817751479289941,0.835502958579882,0
0.995266272189349,0.78698224852071,0.785207100591716,0.808284023668639,0.439644970414201,0.96508875739645,0.737278106508876,0.273372781065089,0.766272189349112,0.795266272189349,0.688165680473373,0.733136094674556,0.618343195266272,0.0266272189349112,0.998224852071006,0.057396449704142,0.907100591715976,0.963313609467456,1
0.389940828402367,0.483431952662722,0.220710059171598,0.350887573964497,0.679289940828402,0.342603550295858,0.13491124260355,0.849112426035503,0.126627218934911,0.467455621301775,0.209467455621302,0.140828402366864,0.373372781065089,0.728402366863905,0.294674556213018,0.101775147928994,0.392307692307692,0.266863905325444,3
0.811834319526627,0.820710059171598,0.756213017751479,0.962721893491124,0.944378698224852,0.753254437869822,0.856213017751479,0.132544378698225,0.850295857988166,0.832544378698225,0.896449704142012,0.86508875739645,0.757988165680473,0.459763313609467,0.0449704142011834,0.68284023668639,0.392307692307692,0.463905325443787,0
0.832544378698225,0.855621301775148,0.934319526627219,0.546745562130178,0.144378698224852,0.753254437869822,0.833136094674556,0.201775147928994,0.850295857988166,0.886390532544379,0.78698224852071,0.821301775147929,0.936094674556213,0.615976331360947,0.954437869822485,0.882840236686391,0.392307692307692,0.524260355029586,1
0.0988165680473373,0.418343195266272,0.254437869822485,0.0798816568047337,0.1,0.50887573964497,0.381065088757396,0.68284023668639,0.344378698224852,0.504733727810651,0.403550295857988,0.343195266272189,0.537278106508876,0.869822485207101,0.138461538461538,0.540236686390533,0.117751479289941,0.101183431952663,2
0.705917159763314,0.157396449704142,0.471597633136095,0.706508875739645,0.742603550295858,0.50887573964497,0.615976331360947,0.39112426035503,0.554437869822485,0.237278106508876,0.632544378698225,0.617159763313609,0.175739644970414,0.22603550295858,0.729585798816568,0.781656804733728,0.698224852071006,0.647337278106509,1
0.27396449704142,0.210059171597633,0.254437869822485,0.490532544378698,0.78698224852071,0.342603550295858,0.277514792899408,0.597041420118343,0.344378698224852,0.197041420118343,0.243786982248521,0.343195266272189,0.190532544378698,0.331360946745562,0.453254437869823,0.574556213017752,0.746745562130178,0.749704142011834,2
0.437869822485207,0.610059171597633,0.815384615384615,0.79112426035503,0.742603550295858,0.631360946745562,0.737278106508876,0.273372781065089,0.766272189349112,0.504733727810651,0.77396449704142,0.73491124260355,0.757988165680473,0.615976331360947,0.453254437869823,0.367455621301775,0.325443786982249,0.363313609467456,0
0.437869822485207,0.0556213017751479,0.563313609467456,0.449704142011834,0.491715976331361,0.50887573964497,0.199408284023669,0.80414201183432,0.344378698224852,0.0810650887573964,0.181065088757396,0.19585798816568,0.133136094674556,0.0514792899408284,0.0449704142011834,0.964497041420118,0.746745562130178,0.7,1
0.0218934911242604,0.483431952662722,0.194082840236686,0.0532544378698225,0.0615384615384615,0.50887573964497,0.381065088757396,0.68284023668639,0.344378698224852,0.504733727810651,0.328402366863905,0.35207100591716,0.703550295857988,0.84792899408284,0.369822485207101,0.68284023668639,0.0733727810650888,0.13905325443787,2
0.670414201183432,0.699408284023669,0.911834319526627,0.90414201183432,0.679289940828402,0.883431952662722,0.76508875739645,0.244378698224852,0.766272189349112,0.671597633136095,0.714201183431953,0.762130177514793,0.373372781065089,0.0881656804733728,0.223668639053254,0.322485207100592,0.746745562130178,0.797633136094675,0
0.475739644970414,0.820710059171598,0.705917159763314,0.840828402366864,0.82603550295858,0.631360946745562,0.710059171597633,0.300591715976331,0.707100591715976,0.774556213017751,0.725443786982249,0.711242603550296,0.970414201183432,0.544378698224852,0.223668639053254,0.231360946745562,0.464497041420118,0.408284023668639,0
0.237278106508876,0.354437869822485,0.254437869822485,0.225443786982249,0.374556213017751,0.342603550295858,0.305325443786982,0.68284023668639,0.344378698224852,0.351479289940828,0.482840236686391,0.309467455621302,0.304733727810651,0.814201183431953,0.53491124260355,0.410059171597633,0.27396449704142,0.204733727810651,2
0.564497041420118,0.104733727810651,0.315976331360947,0.291715976331361,0.439644970414201,0.631360946745562,0.111834319526627,0.873372781065089,0.126627218934911,0.220710059171598,0.160355029585799,0.118343195266272,0.0775147928994083,0.331360946745562,0.223668639053254,0.322485207100592,0.698224852071006,0.408284023668639,3
0.670414201183432,0.157396449704142,0.387573964497041,0.681065088757396,0.863313609467456,0.16508875739645,0.625443786982249,0.348520710059172,0.554437869822485,0.0994082840236686,0.642011834319527,0.629585798816568,0.133136094674556,0.674556213017751,0.223668639053254,0.274556213017751,0.881065088757396,0.647337278106509,2
0.63491124260355,0.547337278106509,0.815384615384615,0.808284023668639,0.78698224852071,0.631360946745562,0.720118343195266,0.273372781065089,0.707100591715976,0.382248520710059,0.763313609467456,0.717159763313609,0.730769230769231,0.615976331360947,0.294674556213018,0.756804733727811,0.536686390532544,0.524260355029586,1
0.906508875739645,0.855621301775148,0.756213017751479,0.367455621301775,0.000591715976331361,0.0159763313609467,0.976331360946746,0.0236686390532544,0.977514792899408,0.832544378698225,0.975147928994083,0.976331360946746,0.928402366863905,0.891715976331361,0.369822485207101,0.71301775147929,0.27396449704142,0.101183431952663,2
0.984023668639053,0.760355029585799,0.855029585798817,0.79112426035503,0.439644970414201,0.883431952662722,0.824852071005917,0.132544378698225,0.850295857988166,0.689349112426035,0.826627218934911,0.826627218934911,0.686390532544379,0.281065088757396,0.729585798816568,0.410059171597633,0.597041420118343,0.7,1
0.63491124260355,0.210059171597633,0.10414201183432,0.00887573964497041,0.00414201183431953,0.50887573964497,0.123668639053254,0.921301775147929,0.126627218934911,0.327810650887574,0.151479289940828,0.101183431952663,0.156213017751479,0.84792899408284,0.610650887573964,0.781656804733728,0.192899408284024,0.101183431952663,3
0.96508875739645,0.659763313609467,0.730177514792899,0.856804733727811,0.679289940828402,0.631360946745562,0.748520710059172,0.244378698224852,0.766272189349112,0.608284023668639,0.77396449704142,0.746745562130178,0.710059171597633,0.388757396449704,0.369822485207101,0.574556213017752,0.597041420118343,0.585798816568047,1
0.27396449704142,0.354437869822485,0.10414201183432,0.342603550295858,0.550887573964497,0.50887573964497,0.0816568047337278,0.898816568047337,0.126627218934911,0.351479289940828,0.0816568047337278,0.0940828402366864,0.362130177514793,0.0514792899408284,0.294674556213018,0.101775147928994,0.992899408284024,0.99112426035503,3
0.237278106508876,0.483431952662722,0.756213017751479,0.896449704142012,0.924852071005917,0.753254437869822,0.710059171597633,0.300591715976331,0.707100591715976,0.327810650887574,0.725443786982249,0.710059171597633,0.571005917159763,0.459763313609467,0.223668639053254,0.811834319526627,0.392307692307692,0.363313609467456,0
0.928994082840237,0.897041420118343,0.730177514792899,0.808284023668639,0.550887573964497,0.96508875739645,0.899408284023669,0.132544378698225,0.850295857988166,0.911834319526627,0.798816568047337,0.886390532544379,0.885207100591716,0.459763313609467,0.223668639053254,0.811834319526627,0.392307692307692,0.585798816568047,1
0.237278106508876,0.104733727810651,0.0159763313609467,0.0307692307692308,0.1,0.16508875739645,0.00650887573964497,0.992307692307692,0.0248520710059172,0.0443786982248521,0.00769230769230769,0.00769230769230769,0.201183431952663,0.674556213017751,0.818343195266272,0.840828402366864,0.325443786982249,0.241420118343195,3
0.137278106508876,0.418343195266272,0.149704142011834,0.0798816568047337,0.2,0.16508875739645,0.277514792899408,0.76094674556213,0.344378698224852,0.467455621301775,0.225443786982249,0.253254437869822,0.452662721893491,0.941420118343195,0.53491124260355,0.496449704142012,0.0319526627218935,0.0165680473372781,2
0.928994082840237,0.939644970414201,0.855029585798817,0.911834319526627,0.863313609467456,0.883431952662722,0.911834319526627,0.0597633136094675,0.937869822485207,0.937869822485207,0.798816568047337,0.915384615384615,0.875147928994083,0.388757396449704,0.77810650887574,0.322485207100592,0.392307692307692,0.524260355029586,1
0.517159763313609,0.104733727810651,0.254437869822485,0.109467455621302,0.0372781065088757,0.631360946745562,0.0597633136094675,0.93905325443787,0.126627218934911,0.25207100591716,0.117159763313609,0.0585798816568047,0.0195266272189349,0.459763313609467,0.223668639053254,0.574556213017752,0.646153846153846,0.241420118343195,3
0.995266272189349,0.820710059171598,0.785207100591716,0.830177514792899,0.550887573964497,0.753254437869822,0.88698224852071,0.132544378698225,0.850295857988166,0.845562130177515,0.912426035502959,0.891715976331361,0.856804733727811,0.544378698224852,0.914201183431953,0.185798816568047,0.464497041420118,0.524260355029586,1
0.389940828402367,0.210059171597633,0.609467455621302,0.424260355029586,0.374556213017751,0.342603550295858,0.581656804733728,0.437869822485207,0.554437869822485,0.135502958579882,0.592899408284024,0.577514792899408,0.328994082840237,0.459763313609467,0.610650887573964,0.574556213017752,0.325443786982249,0.29585798816568,1
0.137278106508876,0.418343195266272,0.149704142011834,0.0532544378698225,0.1,0.0568047337278106,0.277514792899408,0.76094674556213,0.344378698224852,0.467455621301775,0.263313609467456,0.258579881656805,0.510650887573964,0.976331360946746,0.674556213017751,0.101775147928994,0.0319526627218935,0.000591715976331361,2
0.192307692307692,0.418343195266272,0.194082840236686,0.330769230769231,0.679289940828402,0.631360946745562,0.163313609467456,0.82603550295858,0.126627218934911,0.382248520710059,0.160355029585799,0.171597633136095,0.510650887573964,0.331360946745562,0.53491124260355,0.0171597633136095,0.698224852071006,0.749704142011834,3
0.759171597633136,0.78698224852071,0.884023668639053,0.462130177514793,0.0372781065088757,0.753254437869822,0.790532544378698,0.201775147928994,0.766272189349112,0.832544378698225,0.753846153846154,0.789349112426035,0.720118343195266,0.331360946745562,0.453254437869823,0.811834319526627,0.464497041420118,0.463905325443787,0
0.705917159763314,0.610059171597633,0.655029585798817,0.706508875739645,0.611834319526627,0.16508875739645,0.720118343195266,0.273372781065089,0.707100591715976,0.536094674556213,0.735502958579882,0.725443786982249,0.510650887573964,0.615976331360947,0.223668639053254,0.90887573964497,0.782840236686391,0.524260355029586,2
0.237278106508876,0.305325443786982,0.415384615384615,0.481065088757396,0.82603550295858,0.342603550295858,0.277514792899408,0.68284023668639,0.344378698224852,0.307692307692308,0.358579881656805,0.309467455621302,0.275739644970414,0.544378698224852,0.610650887573964,0.574556213017752,0.464497041420118,0.408284023668639,2
0.0769230769230769,0.259763313609467,0.0224852071005917,0.0195266272189349,0.0615384615384615,0.16508875739645,0.0994082840236686,0.93905325443787,0.126627218934911,0.307692307692308,0.0420118343195266,0.0781065088757396,0.315384615384615,0.962721893491124,0.674556213017751,0.322485207100592,0.00118343195266272,0.0550295857988166,3
0.137278106508876,0.157396449704142,0.0875739644970414,0.142603550295858,0.144378698224852,0.342603550295858,0.0372781065088757,0.962721893491124,0.0248520710059172,0.114792899408284,0.0171597633136095,0.0349112426035503,0.201183431952663,0.0881656804733728,0.988165680473373,0.367455621301775,0.817751479289941,0.749704142011834,0
0.984023668639053,0.855621301775148,0.966863905325444,0.896449704142012,0.491715976331361,0.883431952662722,0.797633136094675,0.201775147928994,0.766272189349112,0.871005917159763,0.753846153846154,0.797041420118343,0.875147928994083,0.0881656804733728,0.992899408284024,0.101775147928994,0.85207100591716,0.898816568047337,1
0.832544378698225,0.968047337278107,0.785207100591716,0.651479289940828,0.374556213017751,0.883431952662722,0.876923076923077,0.132544378698225,0.850295857988166,0.951479289940828,0.77396449704142,0.870414201183432,0.908284023668639,0.728402366863905,0.936094674556213,0.496449704142012,0.325443786982249,0.363313609467456,0
0.475739644970414,0.210059171597633,0.415384615384615,0.609467455621302,0.944378698224852,0.16508875739645,0.409467455621302,0.518934911242604,0.344378698224852,0.135502958579882,0.507692307692308,0.439644970414201,0.190532544378698,0.544378698224852,0.53491124260355,0.614792899408284,0.817751479289941,0.7,2
0.27396449704142,0.305325443786982,0.506508875739645,0.300591715976331,0.550887573964497,0.50887573964497,0.242603550295858,0.68284023668639,0.344378698224852,0.423668639053254,0.29112426035503,0.24792899408284,0.362130177514793,0.459763313609467,0.369822485207101,0.68284023668639,0.464497041420118,0.524260355029586,3
0.0988165680473373,0.157396449704142,0.0615384615384615,0.12603550295858,0.2,0.0568047337278106,0.0994082840236686,0.873372781065089,0.126627218934911,0.114792899408284,0.0715976331360947,0.114201183431953,0.175739644970414,0.728402366863905,0.674556213017751,0.185798816568047,0.27396449704142,0.204733727810651,0
0.329585798816568,0.483431952662722,0.506508875739645,0.706508875739645,0.78698224852071,0.16508875739645,0.573372781065089,0.41301775147929,0.554437869822485,0.382248520710059,0.592899408284024,0.577514792899408,0.59112426035503,0.171005917159763,0.888165680473373,0.496449704142012,0.782840236686391,0.647337278106509,0
0.517159763313609,0.659763313609467,0.584023668639053,0.848520710059172,0.944378698224852,0.342603550295858,0.646153846153846,0.326627218934911,0.650887573964497,0.635502958579882,0.603550295857988,0.656804733727811,0.777514792899408,0.388757396449704,0.610650887573964,0.756804733727811,0.907100591715976,0.749704142011834,2
0.859171597633136,0.820710059171598,0.815384615384615,0.856804733727811,0.550887573964497,0.753254437869822,0.748520710059172,0.244378698224852,0.766272189349112,0.774556213017751,0.688165680473373,0.749704142011834,0.801183431952663,0.0881656804733728,0.223668639053254,0.231360946745562,0.817751479289941,0.868639053254438,0
0.0366863905325444,0.418343195266272,0.194082840236686,0.310059171597633,0.679289940828402,0.342603550295858,0.343195266272189,0.68284023668639,0.344378698224852,0.423668639053254,0.450295857988166,0.32603550295858,0.452662721893491,0.84792899408284,0.138461538461538,0.101775147928994,0.154437869822485,0.13905325443787,2
0.27396449704142,0.547337278106509,0.543195266272189,0.37810650887574,0.2,0.50887573964497,0.449112426035503,0.518934911242604,0.344378698224852,0.589349112426035,0.52189349112426,0.473372781065089,0.437869822485207,0.331360946745562,0.294674556213018,0.0171597633136095,0.464497041420118,0.32603550295858,1
0.832544378698225,0.78698224852071,0.911834319526627,0.562721893491124,0.2,0.883431952662722,0.819526627218935,0.201775147928994,0.850295857988166,0.816568047337278,0.811834319526627,0.812426035502959,0.928402366863905,0.615976331360947,0.674556213017751,0.410059171597633,0.392307692307692,0.463905325443787,1
0.0769230769230769,0.610059171597633,0.194082840236686,0.225443786982249,0.374556213017751,0.16508875739645,0.343195266272189,0.597041420118343,0.344378698224852,0.504733727810651,0.378698224852071,0.372189349112426,0.608284023668639,0.674556213017751,0.453254437869823,0.142603550295858,0.27396449704142,0.266863905325444,2
0.0118343195266272,0.157396449704142,0.0349112426035503,0.0532544378698225,0.144378698224852,0.0568047337278106,0.199408284023669,0.82603550295858,0.344378698224852,0.0810650887573964,0.0970414201183432,0.189349112426035,0.214792899408284,0.869822485207101,0.369822485207101,0.101775147928994,0.0733727810650888,0.0550295857988166,1
0.670414201183432,0.939644970414201,0.855029585798817,0.769822485207101,0.611834319526627,0.883431952662722,0.867455621301775,0.132544378698225,0.850295857988166,0.937869822485207,0.77396449704142,0.855029585798817,0.908284023668639,0.728402366863905,0.453254437869823,0.882840236686391,0.27396449704142,0.363313609467456,0
0.0769230769230769,0.210059171597633,0.220710059171598,0.118343195266272,0.1,0.0568047337278106,0.13491124260355,0.849112426035503,0.126627218934911,0.135502958579882,0.110650887573964,0.143786982248521,0.373372781065089,0.331360946745562,0.954437869822485,0.274556213017751,0.392307692307692,0.241420118343195,0
0.705917159763314,0.157396449704142,0.315976331360947,0.716568047337278,0.898816568047337,0.0568047337278106,0.597041420118343,0.369822485207101,0.554437869822485,0.135502958579882,0.592899408284024,0.610650887573964,0.143786982248521,0.388757396449704,0.138461538461538,0.142603550295858,0.950295857988166,0.797633136094675,2
0.389940828402367,0.699408284023669,0.443786982248521,0.159763313609467,0.2,0.753254437869822,0.50414201183432,0.597041420118343,0.554437869822485,0.832544378698225,0.29112426035503,0.459171597633136,0.675739644970414,0.814201183431953,0.138461538461538,0.142603550295858,0.154437869822485,0.266863905325444,3
0.137278106508876,0.418343195266272,0.149704142011834,0.0798816568047337,0.144378698224852,0.342603550295858,0.343195266272189,0.68284023668639,0.344378698224852,0.504733727810651,0.378698224852071,0.301183431952663,0.492307692307692,0.910650887573965,0.369822485207101,0.650887573964497,0.0733727810650888,0.0550295857988166,2
0.0366863905325444,0.547337278106509,0.194082840236686,0.367455621301775,0.898816568047337,0.988757396449704,0.381065088757396,0.68284023668639,0.344378698224852,0.536094674556213,0.57396449704142,0.366863905325444,0.656213017751479,0.985798816568047,0.138461538461538,0.451479289940828,0.0733727810650888,0.13905325443787,2
0.389940828402367,0.699408284023669,0.609467455621302,0.393491124260355,0.679289940828402,0.883431952662722,0.56094674556213,0.518934911242604,0.554437869822485,0.871005917159763,0.450295857988166,0.544970414201183,0.656213017751479,0.674556213017751,0.294674556213018,0.68284023668639,0.27396449704142,0.408284023668639,3
0.859171597633136,0.855621301775148,0.966863905325444,0.840828402366864,0.679289940828402,0.883431952662722,0.924260355029586,0.132544378698225,0.937869822485207,0.937869822485207,0.869230769230769,0.910059171597633,0.793491124260355,0.459763313609467,0.914201183431953,0.956804733727811,0.536686390532544,0.835502958579882,1
0.601183431952663,0.418343195266272,0.730177514792899,0.819526627218935,0.742603550295858,0.753254437869822,0.710059171597633,0.300591715976331,0.707100591715976,0.382248520710059,0.753846153846154,0.708284023668639,0.409467455621302,0.459763313609467,0.53491124260355,0.918343195266272,0.597041420118343,0.524260355029586,0
0.517159763313609,0.354437869822485,0.756213017751479,0.716568047337278,0.611834319526627,0.631360946745562,0.68698224852071,0.326627218934911,0.707100591715976,0.268639053254438,0.681065088757396,0.679289940828402,0.492307692307692,0.388757396449704,0.77810650887574,0.811834319526627,0.536686390532544,0.524260355029586,1
0.237278106508876,0.157396449704142,0.289940828402367,0.0798816568047337,0.0615384615384615,0.50887573964497,0.155029585798817,0.849112426035503,0.126627218934911,0.0603550295857988,0.130769230769231,0.148520710059172,0.214792899408284,0.728402366863905,0.0449704142011834,0.410059171597633,0.117751479289941,0.163905325443787,1
0.859171597633136,0.968047337278107,0.730177514792899,0.982840236686391,0.978698224852071,0.883431952662722,0.924260355029586,0.0597633136094675,0.937869822485207,0.937869822485207,0.826627218934911,0.928994082840237,0.897041420118343,0.615976331360947,0.53491124260355,0.68284023668639,0.325443786982249,0.408284023668639,0
0.601183431952663,0.305325443786982,0.543195266272189,0.526627218934911,0.742603550295858,0.631360946745562,0.230177514792899,0.76094674556213,0.344378698224852,0.467455621301775,0.181065088757396,0.233136094674556,0.168047337278107,0.0881656804733728,0.369822485207101,0.367455621301775,0.930177514792899,0.947337278106509,3
0.885207100591716,0.897041420118343,0.911834319526627,0.911834319526627,0.82603550295858,0.753254437869822,0.757396449704142,0.244378698224852,0.766272189349112,0.816568047337278,0.725443786982249,0.755029585798817,0.856804733727811,0.281065088757396,0.77810650887574,0.781656804733728,0.597041420118343,0.585798816568047,0
0.906508875739645,0.939644970414201,0.730177514792899,0.756804733727811,0.439644970414201,0.96508875739645,0.936686390532544,0.0597633136094675,0.937869822485207,0.951479289940828,0.853254437869822,0.932544378698225,0.856804733727811,0.544378698224852,0.729585798816568,0.574556213017752,0.325443786982249,0.463905325443787,0
0.192307692307692,0.210059171597633,0.584023668639053,0.318934911242604,0.259763313609467,0.50887573964497,0.484023668639053,0.518934911242604,0.554437869822485,0.174556213017751,0.568639053254438,0.476923076923077,0.315384615384615,0.674556213017751,0.0449704142011834,0.863905325443787,0.192899408284024,0.241420118343195,0
0.601183431952663,0.734319526627219,0.698224852071006,0.725443786982249,0.550887573964497,0.753254437869822,0.663313609467456,0.348520710059172,0.650887573964497,0.660355029585799,0.650887573964497,0.657988165680473,0.452662721893491,0.0881656804733728,0.223668639053254,0.0171597633136095,0.907100591715976,0.926627218934911,0
0.733727810650888,0.985207100591716,0.785207100591716,0.585798816568047,0.1,0.984615384615385,0.959171597633136,0.0597633136094675,0.937869822485207,1,0.826627218934911,0.946745562130177,0.843786982248521,0.544378698224852,0.369822485207101,0.322485207100592,0.27396449704142,0.585798816568047,0
0.329585798816568,0.354437869822485,0.149704142011834,0.0970414201183432,0.0615384615384615,0.342603550295858,0.0905325443786982,0.898816568047337,0.126627218934911,0.423668639053254,0.169822485207101,0.0970414201183432,0.373372781065089,0.615976331360947,0.77810650887574,0.71301775147929,0.464497041420118,0.266863905325444,3
0.601183431952663,0.734319526627219,0.543195266272189,0.225443786982249,0.2,0.883431952662722,0.533727810650888,0.518934911242604,0.554437869822485,0.795266272189349,0.403550295857988,0.50414201183432,0.633136094674556,0.728402366863905,0.610650887573964,0.451479289940828,0.154437869822485,0.266863905325444,3
0.670414201183432,0.104733727810651,0.254437869822485,0.555621301775148,0.78698224852071,0.342603550295858,0.381065088757396,0.518934911242604,0.344378698224852,0.0994082840236686,0.243786982248521,0.420710059171598,0.0195266272189349,0.128994082840237,0.0449704142011834,0.68284023668639,0.969230769230769,0.963313609467456,2
0.759171597633136,0.659763313609467,0.254437869822485,0.651479289940828,0.924852071005917,0.342603550295858,0.573372781065089,0.41301775147929,0.554437869822485,0.649704142011834,0.507692307692308,0.587573964497041,0.47396449704142,0.281065088757396,0.729585798816568,0.274556213017751,0.950295857988166,0.898816568047337,2
0.948520710059172,0.734319526627219,0.985798816568047,0.840828402366864,0.491715976331361,0.883431952662722,0.833136094674556,0.132544378698225,0.850295857988166,0.743195266272189,0.912426035502959,0.830177514792899,0.867455621301775,0.459763313609467,0.954437869822485,0.496449704142012,0.597041420118343,0.647337278106509,1
0.475739644970414,0.610059171597633,0.563313609467456,0.367455621301775,0.2,0.16508875739645,0.546745562130178,0.437869822485207,0.554437869822485,0.565680473372781,0.568639053254438,0.555029585798817,0.618343195266272,0.459763313609467,0.77810650887574,0.231360946745562,0.325443786982249,0.266863905325444,1
0.0556213017751479,0.0556213017751479,0.0112426035502959,0.0195266272189349,0.0615384615384615,0.0159763313609467,0.13491124260355,0.873372781065089,0.126627218934911,0.0443786982248521,0.0816568047337278,0.13491124260355,0.201183431952663,0.962721893491124,0.936094674556213,0.185798816568047,0.117751479289941,0.0165680473372781,1
0.984023668639053,0.996449704142012,0.911834319526627,0.631360946745562,0.0224852071005917,0.16508875739645,1,0.00532544378698225,1,0.962130177514793,0.995266272189349,1,0.990532544378698,0.941420118343195,0.369822485207101,0.367455621301775,0.117751479289941,0.0550295857988166,2
0.237278106508876,0.547337278106509,0.149704142011834,0.225443786982249,0.311242603550296,0.50887573964497,0.183431952662722,0.80414201183432,0.126627218934911,0.565680473372781,0.263313609467456,0.186390532544379,0.523076923076923,0.615976331360947,0.294674556213018,0.540236686390533,0.464497041420118,0.463905325443787,3
0.564497041420118,0.610059171597633,0.443786982248521,0.513609467455621,0.439644970414201,0.50887573964497,0.52189349112426,0.467455621301775,0.554437869822485,0.565680473372781,0.53491124260355,0.537869822485207,0.59585798816568,0.22603550295858,0.855029585798817,0.101775147928994,0.746745562130178,0.647337278106509,1
0.601183431952663,0.418343195266272,0.415384615384615,0.26094674556213,0.259763313609467,0.753254437869822,0.381065088757396,0.597041420118343,0.344378698224852,0.589349112426035,0.403550295857988,0.385798816568047,0.341420118343195,0.459763313609467,0.223668639053254,0.863905325443787,0.392307692307692,0.7,3
0.389940828402367,0.483431952662722,0.315976331360947,0.393491124260355,0.679289940828402,0.50887573964497,0.155029585798817,0.82603550295858,0.126627218934911,0.423668639053254,0.141420118343195,0.165680473372781,0.452662721893491,0.128994082840237,0.729585798816568,0.185798816568047,0.85207100591716,0.835502958579882,3
0.517159763313609,0.00710059171597633,0.149704142011834,0.238461538461538,0.2,0.342603550295858,0.0816568047337278,0.898816568047337,0.126627218934911,0.00473372781065089,0.0863905325443787,0.0863905325443787,0.00591715976331361,0.0266272189349112,0.453254437869823,0.944970414201183,0.969230769230769,0.947337278106509,0
0.517159763313609,0.210059171597633,0.640828402366864,0.631360946745562,0.679289940828402,0.50887573964497,0.615976331360947,0.41301775147929,0.554437869822485,0.197041420118343,0.650887573964497,0.604142011834319,0.247337278106509,0.544378698224852,0.610650887573964,0.897041420118343,0.464497041420118,0.408284023668639,1
0.329585798816568,0.610059171597633,0.584023668639053,0.462130177514793,0.78698224852071,0.883431952662722,0.533727810650888,0.518934911242604,0.554437869822485,0.743195266272189,0.403550295857988,0.520710059171598,0.537278106508876,0.544378698224852,0.138461538461538,0.781656804733728,0.325443786982249,0.524260355029586,3
0.906508875739645,0.897041420118343,0.815384615384615,0.951479289940828,0.82603550295858,0.96508875739645,0.948520710059172,0.0597633136094675,0.937869822485207,0.951479289940828,0.896449704142012,0.940828402366864,0.766863905325444,0.388757396449704,0.294674556213018,0.185798816568047,0.392307692307692,0.749704142011834,1
0.192307692307692,0.0556213017751479,0.471597633136095,0.291715976331361,0.311242603550296,0.342603550295858,0.13491124260355,0.873372781065089,0.126627218934911,0.0195266272189349,0.110650887573964,0.138461538461538,0.238461538461538,0.171005917159763,0.0449704142011834,0.897041420118343,0.597041420118343,0.408284023668639,1
0.137278106508876,0.0556213017751479,0.149704142011834,0.0798816568047337,0.144378698224852,0.0568047337278106,0.029585798816568,0.972189349112426,0.0248520710059172,0.0810650887573964,0.0313609467455621,0.0289940828402367,0.093491124260355,0.615976331360947,0.138461538461538,0.73491124260355,0.325443786982249,0.241420118343195,3
