x0,x1,x2,x3,x4,x5,x6,x7,x8,x9,vowel_y
0.337714863498483,0.114256825075834,0.441860465116279,0.954499494438827,0.569261880687563,0.931243680485339,0.199191102123357,0.601617795753286,0.160768452982811,0.0915065722952477,0
0.442871587462083,0.128412537917088,0.422649140546006,0.822042467138524,0.524772497472194,0.974721941354904,0.212841253791709,0.58948432760364,0.300808897876643,0.286147623862487,1
0.879676440849343,0.207280080889788,0.0611729019211325,0.353387259858443,0.27906976744186,0.917087967644085,0.108190091001011,0.682507583417594,0.193124368048534,0.564206268958544,2
0.861476238624874,0.474721941354904,0.0728008088978766,0.723458038422649,0.138018200202224,0.773508594539939,0.11324570273003,0.440849342770475,0.654701718907988,0.0970677451971689,3
0.752275025278059,0.51567239635996,0.324570273003033,0.740141557128413,0.0232558139534884,0.608190091001011,0.812942366026289,0.215369059656218,0.825075834175935,0.342264914054601,4
0.651668351870576,0.507077856420627,0.38675429726997,0.656218402426694,0.0273003033367037,0.663801820020222,0.691102123356926,0.16582406471183,0.805864509605662,0.366531850353893,5
0.390798786653185,0.695652173913043,0.567239635995956,0.736097067745197,0.00303336703741153,0.686552072800809,0.76845298281092,0.546006066734075,0.870576339737108,0.365015166835187,6
0.234074823053589,0.649140546006067,0.808897876643074,0.94994944388271,0.00808897876643074,0.531850353892821,0.170879676440849,0.88169868554095,0.936299292214358,0.413549039433771,7
0.25783619817998,0.575328614762386,0.274014155712841,0.601617795753286,0.298281092012133,0.943377148634985,0.135490394337715,0.856420626895854,0.594034378159757,0.317997977755308,8
0.334681496461072,0.478260869565217,0.109201213346815,0.896865520728008,0.697168857431749,0.922143579373104,0.157229524772497,0.70273003033367,0.732558139534884,0.0829120323559151,9
0.554095045500506,0.448938321536906,0.174418604651163,0.62891809908999,0.228513650151668,0.874620829120324,0.110212335692619,0.687563195146613,0.690596562184024,0.0879676440849343,10
0.333670374115268,0.106673407482305,0.479271991911021,0.935288169868554,0.544994944388271,0.956016177957533,0.218907987866532,0.607684529828109,0.196663296258847,0.0930232558139535,0
0.474216380182002,0.117290192113246,0.311425682507583,0.82103134479272,0.533872598584429,0.971688574317492,0.195146612740142,0.737613751263903,0.213852376137513,0.387765419615773,1
0.876643073811931,0.225480283114257,0.0485338725985844,0.340242669362993,0.280080889787664,0.92618806875632,0.0889787664307381,0.715369059656218,0.146612740141557,0.57381193124368,2
0.853387259858443,0.464105156723964,0.070778564206269,0.71587462082912,0.177957532861476,0.635995955510617,0.256825075834176,0.305864509605662,0.756319514661274,0.111223458038423,3
0.777047522750253,0.590495449949444,0.226996966632963,0.69464105156724,0.0293225480283114,0.746713852376138,0.662285136501517,0.278058645096057,0.840748230535895,0.193124368048534,4
0.661274014155713,0.53943377148635,0.398887765419616,0.644084934277047,0.019211324570273,0.70778564206269,0.711324570273003,0.161779575328615,0.819009100101112,0.301314459049545,5
0.358948432760364,0.666329625884732,0.618806875631951,0.767947421638018,0.00404448938321537,0.544994944388271,0.782608695652174,0.513650151668352,0.88675429726997,0.445399393326593,6
0.229524772497472,0.62639029322548,0.81041456016178,0.951466127401416,0.00505561172901921,0.509100101112235,0.172901921132457,0.900910010111223,0.941860465116279,0.423154701718908,7
0.286147623862487,0.528816986855409,0.151668351870576,0.571284125379171,0.311425682507583,0.906471183013145,0.367542972699697,0.600606673407482,0.877654196157735,0.226491405460061,8
0.325581395348837,0.477249747219414,0.100606673407482,0.915065722952477,0.685035389282103,0.9211324570273,0.161779575328615,0.735085945399393,0.667340748230536,0.127401415571284,9
0.600606673407482,0.420626895854398,0.159757330637007,0.640040444893832,0.201718907987867,0.849342770475228,0.116784630940344,0.841759352881699,0.664812942366026,0.0808897876643074,10
0.326592517694641,0.101112234580384,0.455005055611729,0.958038422649141,0.557128412537917,0.944893832153691,0.215369059656218,0.629423660262892,0.272497472194136,0.0819009100101112,0
0.493427704752275,0.112234580384226,0.253791708796764,0.776541961577351,0.50252780586451,0.972699696663296,0.309908998988878,0.722952477249747,0.384732052578362,0.321536905965622,1
0.880687563195147,0.24469160768453,0.0343781597573306,0.391304347826087,0.362992922143579,0.916076845298281,0.0819009100101112,0.711830131445905,0.174418604651163,0.503033367037412,2
0.849342770475228,0.44994944388271,0.0697674418604651,0.728008088978766,0.16582406471183,0.710313447927199,0.145601617795753,0.426693629929221,0.716885743174924,0.0783619817997978,3
0.737108190091001,0.592517694641052,0.186046511627907,0.683013144590495,0.0475227502527806,0.782608695652174,0.420121334681496,0.374620829120324,0.772497472194135,0.160768452982811,4
0.639029322548028,0.581395348837209,0.338725985844287,0.597573306370071,0.0303336703741153,0.642568250758342,0.838220424671385,0.117795753286148,0.797775530839232,0.337714863498483,5
0.339737108190091,0.62639029322548,0.588978766430738,0.723458038422649,0.0141557128412538,0.203741152679474,0.932254802831143,0.467644084934277,0.850353892821031,0.586450960566228,6
0.207280080889788,0.656723963599596,0.803336703741153,0.919110212335693,0.00202224469160768,0.518705763397371,0.226996966632963,0.886248736097068,0.935288169868554,0.460060667340748,7
0.307381193124368,0.481294236602629,0.158746208291203,0.580384226491405,0.251769464105157,0.9474216380182,0.224469160768453,0.850859453993933,0.777553083923155,0.369059656218402,8
0.302325581395349,0.485844287158746,0.107178968655207,0.901415571284125,0.691607684529828,0.935793731041456,0.133468149646107,0.709302325581395,0.591506572295248,0.262891809908999,9
0.648634984833165,0.413549039433771,0.17644084934277,0.635995955510617,0.183518705763397,0.875631951466127,0.0990899898887765,0.868554095045501,0.570273003033367,0.129929221435794,10
0.342770475227503,0.0970677451971689,0.417593528816987,0.946410515672396,0.557128412537917,0.941354903943377,0.268958543983822,0.622851365015167,0.329625884732053,0.0798786653185035,0
0.531344792719919,0.103134479271992,0.203235591506572,0.739130434782609,0.474216380182002,0.982810920121335,0.316481294236603,0.763397371081901,0.454499494438827,0.418604651162791,1
0.886248736097068,0.249241658240647,0.0242669362992922,0.491405460060667,0.385237613751264,0.892821031344793,0.109201213346815,0.730030333670374,0.16582406471183,0.494438827098079,2
0.859959555106168,0.488372093023256,0.0525783619817998,0.718907987866532,0.215369059656218,0.758341759352882,0.123356926188069,0.422649140546006,0.664812942366026,0.0915065722952477,3
0.693124368048534,0.556622851365015,0.171890798786653,0.689079878665319,0.107178968655207,0.809403437815976,0.267441860465116,0.409504550050556,0.698685540950455,0.180990899898888,4
0.563700707785642,0.620323559150657,0.293225480283114,0.555106167846309,0.0566228513650152,0.494944388270981,0.919110212335693,0.0879676440849343,0.718907987866532,0.500505561172902,5
0.368048533872599,0.579878665318504,0.560161779575329,0.738119312436805,0.00910010111223458,0.360970677451972,0.889787664307381,0.493427704752275,0.895854398382204,0.516683518705763,6
0.166329625884732,0.641051567239636,0.815975733063701,0.889787664307381,0.0242669362992922,0.110212335692619,0.696157735085945,0.44994944388271,0.974721941354904,0.648129423660263,7
0.34732052578362,0.39737108190091,0.17644084934277,0.611223458038423,0.262891809908999,0.932254802831143,0.201213346814965,0.908998988877654,0.803842264914055,0.351870576339737,8
0.319514661274014,0.464105156723964,0.0571284125379171,0.905965621840243,0.728513650151668,0.879676440849343,0.305864509605662,0.537411526794742,0.796764408493428,0.141557128412538,9
0.714863498483316,0.422143579373104,0.133468149646107,0.593023255813954,0.17644084934277,0.888776541961577,0.103134479271992,0.889282103134479,0.499494438827098,0.254297269969666,10
0.352881698685541,0.0950455005055612,0.377148634984833,0.936299292214358,0.564711830131446,0.939332659251769,0.365015166835187,0.57381193124368,0.384732052578362,0.0556117290192113,0
0.546511627906977,0.108190091001011,0.161274014155713,0.700202224469161,0.456016177957533,0.978766430738119,0.327098078867543,0.772497472194135,0.438827098078868,0.479271991911021,1
0.865520728008089,0.208291203235591,0.0303336703741153,0.508594539939333,0.383215369059656,0.890293225480283,0.096056622851365,0.745197168857432,0.156723963599596,0.516683518705763,2
0.856420626895854,0.48938321536906,0.0364004044489383,0.741152679474216,0.21840242669363,0.76592517694641,0.10010111223458,0.484833164812942,0.541961577350859,0.112234580384226,3
0.624873609706775,0.512639029322548,0.18149646107179,0.679474216380182,0.200202224469161,0.787664307381193,0.317492416582406,0.278058645096057,0.682507583417594,0.256319514661274,4
0.519716885743175,0.660262891809909,0.251769464105157,0.514155712841254,0.096056622851365,0.491405460060667,0.916076845298281,0.089989888776542,0.659757330637007,0.568756319514661,5
0.39737108190091,0.564206268958544,0.481294236602629,0.697674418604651,0.0070778564206269,0.537411526794742,0.845298281092012,0.529322548028311,0.903943377148635,0.471688574317492,6
0.119312436804853,0.682507583417594,0.786653185035389,0.81041456016178,0.00101112234580384,0.522244691607684,0.438321536905966,0.783619817997978,0.945399393326593,0.41051567239636,7
0.375631951466127,0.331142568250758,0.147623862487361,0.611223458038423,0.250252780586451,0.923154701718908,0.203235591506572,0.925176946410516,0.786653185035389,0.491405460060667,8
0.320525783619818,0.458038422649141,0.0278058645096057,0.908998988877654,0.71840242669363,0.876643073811931,0.322042467138524,0.616784630940344,0.808897876643074,0.0571284125379171,9
0.753791708796764,0.394337714863499,0.136501516683519,0.584934277047523,0.123356926188069,0.84732052578362,0.122345803842265,0.891304347826087,0.609706774519717,0.243174924165824,10
0.348837209302326,0.0889787664307381,0.332153690596562,0.955510616784631,0.581395348837209,0.935793731041456,0.39737108190091,0.571284125379171,0.362992922143579,0.0343781597573306,0
0.491405460060667,0.12639029322548,0.187057633973711,0.683013144590495,0.453993933265925,0.984833164812942,0.313953488372093,0.709302325581395,0.345298281092012,0.487866531850354,1
0.855409504550051,0.199191102123357,0.044994944388271,0.509605662285136,0.393832153690597,0.901921132457027,0.0950455005055612,0.781092012133468,0.15520728008089,0.541961577350859,2
0.838220424671385,0.444893832153691,0.0652173913043478,0.767947421638018,0.233569261880688,0.710313447927199,0.112234580384226,0.507077856420627,0.521739130434783,0.12639029322548,3
0.502022244691608,0.498988877654196,0.18149646107179,0.701718907987867,0.256319514661274,0.824064711830131,0.217391304347826,0.31850353892821,0.562689585439838,0.23154701718908,4
0.528816986855409,0.665318503538928,0.240647118301314,0.525278058645096,0.0596562184024267,0.666329625884732,0.773508594539939,0.104145601617796,0.737613751263903,0.501516683518706,5
0.393326592517695,0.603640040444894,0.346309403437816,0.617795753286148,0.0131445904954499,0.616784630940344,0.826086956521739,0.511627906976744,0.890293225480283,0.439332659251769,6
0.110212335692619,0.679474216380182,0.781092012133468,0.763397371081901,0,0.501011122345804,0.588978766430738,0.787158746208291,0.933771486349848,0.423154701718908,7
0.372598584428716,0.299292214357937,0.145601617795753,0.654701718907988,0.281092012133468,0.950455005055612,0.193124368048534,0.961071789686552,0.524772497472194,0.594034378159757,8
0.253791708796764,0.493427704752275,0.044994944388271,0.910010111223458,0.685035389282103,0.91304347826087,0.142568250758342,0.816986855409505,0.647623862487361,0.0353892821031345,9
0.724974721941355,0.371587462082912,0.154196157735086,0.630940343781598,0.133973710819009,0.828614762386249,0.111223458038423,0.872598584428716,0.631445904954499,0.145096056622851,10
0.153690596562184,0.0849342770475228,0.887259858442872,0.494944388270981,0.980788675429727,0.88422649140546,0.930738119312437,0.327098078867543,0.20525783619818,0.170374115267947,0
0.984833164812942,0.0546006066734075,0.239130434782609,0.101112234580384,0.405965621840243,0.801820020222447,0.928210313447927,0.787158746208291,0.930738119312437,0.60262891809909,1
0.941354903943377,0.119817997977755,0.26845298281092,0.124368048533873,0.706774519716886,0.599595551061679,0.617290192113246,0.551061678463094,0.549039433771486,0.441860465116279,2
0.914054600606673,0.402932254802831,0.0571284125379171,0.467644084934277,0.588473205257836,0.147623862487361,0.508594539939333,0.493427704752275,0.577856420626896,0.28159757330637,3
0.731041456016178,0.669362992922144,0.767947421638018,0.319514661274014,0.135490394337715,0.326592517694641,0.391304347826087,0.467644084934277,0.910010111223458,0.355409504550051,4
0.845298281092012,0.31041456016178,0.871587462082912,0.240141557128413,0.517189079878665,0.128412537917088,0.399393326592518,0.151668351870576,0.981799797775531,0.597573306370071,5
0.502022244691608,0.876643073811931,0.246208291203236,0.0990899898887765,0.559150657229525,0.0434782608695652,0.609706774519717,0.659757330637007,0.925176946410516,0.458038422649141,6
0.234074823053589,0.888776541961577,0.900910010111223,0.076845298281092,0.11577350859454,0.194135490394338,0.750758341759353,0.713346814964611,0.661779575328615,0.833164812942366,7
0.131445904954499,0.800808897876643,0.81850353892821,0.44994944388271,0.174924165824065,0.5525783619818,0.561172901921132,0.442366026289181,0.933771486349848,0.895854398382204,8
0.0616784630940344,0.618806875631951,0.743174924165824,0.531850353892821,0.381193124368049,0.831142568250758,0.673913043478261,0.445399393326593,0.779575328614762,0.880687563195147,9
0.520728008088979,0.329625884732053,0.785642062689585,0.17896865520728,0.487360970677452,0.690596562184024,0.517694641051567,0.262386248736097,0.752275025278059,0.509605662285136,10
0.104145601617796,0.0808897876643074,0.935793731041456,0.587462082912032,0.975733063700708,0.839231547017189,0.942366026289181,0.347826086956522,0.186046511627907,0.17644084934277,0
0.959555106167846,0.0626895854398382,0.217391304347826,0.135490394337715,0.492416582406471,0.857431749241658,0.925176946410516,0.764408493427705,0.836198179979778,0.497977755308392,1
0.953488372093023,0.123862487360971,0.263902932254803,0.120323559150657,0.663801820020222,0.621334681496461,0.620323559150657,0.625884732052578,0.556117290192113,0.393326592517695,2
0.916076845298281,0.349848331648129,0.110212335692619,0.329625884732053,0.580384226491405,0.233569261880688,0.441354903943377,0.503538928210313,0.651162790697674,0.33164812942366,3
0.722952477249747,0.734580384226491,0.67896865520728,0.266936299292214,0.158746208291203,0.453993933265925,0.365015166835187,0.542972699696663,0.828109201213347,0.290192113245703,4
0.820525783619818,0.340748230535895,0.879676440849343,0.127906976744186,0.560161779575329,0.0990899898887765,0.482810920121335,0.204246713852376,0.976744186046512,0.575328614762386,5
0.499494438827098,0.832153690596562,0.430738119312437,0.26592517694641,0.28412537917088,0.103640040444894,0.276541961577351,0.562689585439838,0.988877654196158,0.37108190091001,6
0.243680485338726,0.920626895854398,0.872598584428716,0.051567239635996,0.12891809908999,0.282103134479272,0.848331648129424,0.773508594539939,0.580384226491405,0.799797775530839,7
0.1051567239636,0.810920121334681,0.827098078867543,0.296258847320526,0.230535894843276,0.479271991911021,0.574823053589484,0.49747219413549,0.848331648129424,0.851870576339737,8
0.0525783619817998,0.684529828109201,0.773508594539939,0.596562184024267,0.237613751263903,0.88422649140546,0.597573306370071,0.327098078867543,0.872598584428716,0.711324570273003,9
0.555106167846309,0.286653185035389,0.869565217391304,0.224469160768453,0.342264914054601,0.721941354903943,0.79221435793731,0.225480283114257,0.561172901921132,0.620829120323559,10
0.070778564206269,0.106673407482305,0.954499494438827,0.685540950455005,0.955510616784631,0.840242669362993,0.927199191102123,0.182507583417594,0.15267947421638,0.195146612740142,0
0.937310414560162,0.0647118301314459,0.232558139534884,0.168857431749242,0.582406471183013,0.893832153690597,0.903943377148635,0.753286147623862,0.776541961577351,0.401921132457027,1
0.911021233569262,0.109201213346815,0.26845298281092,0.164812942366026,0.622345803842265,0.713852376137513,0.599595551061679,0.56572295247725,0.485338725985844,0.375126390293225,2
0.928210313447927,0.351870576339737,0.115267947421638,0.27906976744186,0.551061678463094,0.280586450960566,0.487866531850354,0.437815975733064,0.697168857431749,0.312942366026289,3
0.707280080889788,0.777047522750253,0.594539939332659,0.300303336703741,0.179474216380182,0.429726996966633,0.340242669362993,0.595551061678463,0.78159757330637,0.259858442871587,4
0.771991911021234,0.267947421638018,0.889787664307381,0.271991911021234,0.314964610717897,0.145096056622851,0.620323559150657,0.140546006066734,0.96056622851365,0.619817997977755,5
0.53690596562184,0.837209302325581,0.529828109201213,0.240141557128413,0.182002022244692,0.32355915065723,0.273003033367037,0.549039433771486,0.984833164812942,0.403943377148635,6
0.26592517694641,0.951466127401416,0.806875631951466,0.0556117290192113,0.133973710819009,0.343781597573306,0.948432760364004,0.824064711830131,0.509100101112235,0.766936299292214,7
0.0950455005055612,0.782608695652174,0.878665318503539,0.380687563195147,0.122345803842265,0.422143579373104,0.585945399393327,0.456016177957533,0.76845298281092,0.838220424671385,8
0.0495449949443883,0.699696663296259,0.793225480283114,0.624873609706775,0.188068756319515,0.902932254802831,0.5262891809909,0.349848331648129,0.817492416582406,0.709807886754297,9
0.617290192113246,0.371587462082912,0.771486349848332,0.11830131445905,0.412537917087968,0.811931243680485,0.808897876643074,0.204246713852376,0.462082912032356,0.571284125379171,10
0.0677451971688574,0.089989888776542,0.98685540950455,0.752275025278059,0.930232558139535,0.772497472194135,0.828614762386249,0.159757330637007,0.0637007077856421,0.264914054600607,0
0.931749241658241,0.0556117290192113,0.254802831142568,0.208291203235591,0.575328614762386,0.908998988877654,0.857431749241658,0.769969666329626,0.722952477249747,0.442871587462083,1
0.920121334681496,0.104145601617796,0.213852376137513,0.174924165824065,0.595045500505561,0.703741152679474,0.561172901921132,0.587967644084934,0.521739130434783,0.459049544994944,2
0.929221435793731,0.391304347826087,0.0889787664307381,0.274014155712841,0.598584428715875,0.296258847320526,0.447927199191102,0.404448938321537,0.686046511627907,0.293225480283114,3
0.693124368048534,0.808897876643074,0.506572295247725,0.245197168857432,0.185035389282103,0.496966632962588,0.413549039433771,0.529322548028311,0.774519716885743,0.194135490394338,4
0.83164812942366,0.296258847320526,0.852376137512639,0.261880687563195,0.286147623862487,0.228513650151668,0.431243680485339,0.197168857431749,0.969666329625885,0.629929221435794,5
0.517694641051567,0.813447927199191,0.64206268958544,0.276036400404449,0.180990899898888,0.249241658240647,0.302831142568251,0.51567239635996,0.987360970677452,0.534378159757331,6
0.238119312436805,0.90798786653185,0.885237613751264,0.0717896865520728,0.110212335692619,0.13953488372093,0.917087967644085,0.876137512639029,0.480283114256825,0.777553083923155,7
0.112234580384226,0.819009100101112,0.890798786653185,0.526794742163802,0.051567239635996,0.498483316481294,0.606673407482305,0.439838220424671,0.766936299292214,0.789180990899899,8
0.032355915065723,0.734580384226491,0.804853387259858,0.607178968655207,0.242669362992922,0.788675429726997,0.680485338725986,0.27098078867543,0.865015166835187,0.724469160768453,9
0.601617795753286,0.441860465116279,0.635995955510617,0.167846309403438,0.420626895854398,0.868554095045501,0.494438827098079,0.246713852376138,0.70778564206269,0.234580384226491,10
0.100606673407482,0.0485338725985844,0.981799797775531,0.772497472194135,0.932254802831143,0.606673407482305,0.632457027300303,0.193629929221436,0.0364004044489383,0.310920121334681,0
0.892821031344793,0.0657229524772497,0.275025278058645,0.263902932254803,0.70525783619818,0.918099089989889,0.811931243680485,0.795247724974722,0.682507583417594,0.344287158746208,1
0.943882709807887,0.115267947421638,0.242669362992922,0.0920121334681496,0.603640040444894,0.658240647118301,0.556117290192113,0.663296258847321,0.527300303336704,0.469160768452983,2
0.910010111223458,0.386248736097068,0.0788675429726997,0.235591506572295,0.638018200202224,0.337209302325581,0.42618806875632,0.364004044489383,0.663296258847321,0.356926188068756,3
0.686552072800809,0.86046511627907,0.249747219413549,0.180485338725986,0.239635995955511,0.612234580384227,0.451466127401416,0.432760364004044,0.721941354903943,0.0869565217391304,4
0.841253791708797,0.379170879676441,0.798786653185035,0.247724974721941,0.435288169868554,0.210313447927199,0.320525783619818,0.32355915065723,0.980788675429727,0.570273003033367,5
0.512639029322548,0.79726996966633,0.68958543983822,0.299292214357937,0.208291203235591,0.146612740141557,0.300303336703741,0.450960566228514,0.994944388270981,0.550556117290192,6
0.208796764408493,0.92618806875632,0.922143579373104,0.0935288169868554,0.119312436804853,0.076845298281092,0.788675429726997,0.829625884732053,0.596562184024267,0.83417593528817,7
0.132962588473205,0.882709807886754,0.854398382204247,0.482305358948433,0.0621840242669363,0.574317492416582,0.856420626895854,0.377148634984833,0.829120323559151,0.660768452982811,8
0.0232558139534884,0.828109201213347,0.788675429726997,0.500505561172902,0.351870576339737,0.684529828109201,0.716885743174924,0.35793731041456,0.749241658240647,0.776541961577351,9
0.522750252780586,0.417087967644085,0.730030333670374,0.213346814964611,0.399393326592518,0.810920121334681,0.40798786653185,0.265419615773509,0.746208291203236,0.234580384226491,10
0.134479271991911,0.0273003033367037,0.961577350859454,0.748736097067745,0.895854398382204,0.714863498483316,0.814459049544995,0.139029322548028,0.0070778564206269,0.278564206268959,0
0.820525783619818,0.0819009100101112,0.354903943377149,0.410010111223458,0.858442871587462,0.933265925176946,0.814459049544995,0.745197168857432,0.700707785642063,0.234580384226491,1
0.958543983822042,0.10010111223458,0.335187057633974,0.0652173913043478,0.472194135490394,0.651162790697674,0.652173913043478,0.691607684529828,0.634479271991911,0.521739130434783,2
0.891809908998989,0.365015166835187,0.0465116279069767,0.253286147623862,0.601617795753286,0.358442871587462,0.46309403437816,0.370070778564206,0.610717896865521,0.420121334681496,3
0.673407482305359,0.858442871587462,0.171890798786653,0.138523761375126,0.348837209302326,0.369059656218402,0.738624873609707,0.354398382204247,0.753286147623862,0.0758341759352882,4
0.799797775530839,0.457027300303337,0.70525783619818,0.208291203235591,0.47623862487361,0.214863498483316,0.327098078867543,0.425682507583418,0.975733063700708,0.428210313447927,5
0.528816986855409,0.846309403437816,0.551061678463094,0.17644084934277,0.256319514661274,0.111223458038423,0.543478260869565,0.464105156723964,0.989888776541962,0.384732052578362,6
0.22093023255814,0.967644084934277,0.896865520728008,0.0667340748230536,0.148634984833165,0.101617795753286,0.708291203235591,0.831142568250758,0.680485338725986,0.890798786653185,7
0.141557128412538,0.918099089989889,0.582912032355915,0.262891809908999,0.288675429726997,0.751263902932255,0.858948432760364,0.400404448938322,0.838220424671385,0.599595551061679,8
0.0182002022244692,0.880182002022245,0.774519716885743,0.321536905965622,0.340748230535895,0.76592517694641,0.779069767441861,0.472699696663296,0.408493427704752,0.749747219413549,9
0.533872598584429,0.430738119312437,0.623356926188069,0.162285136501517,0.676946410515672,0.573306370070779,0.33417593528817,0.434782608695652,0.793731041456016,0.219413549039434,10
0.992922143579373,0.0394337714863498,0,0.646107178968655,0.468149646107179,0.994944388270981,0.767441860465116,0.89989888776542,0.0293225480283114,0.149646107178969,0
0.996966632962588,0.131445904954499,0.0121334681496461,0.431749241658241,0.346814964610718,0.976744186046512,0.564206268958544,0.974721941354904,0.278564206268959,0.57381193124368,1
0.948938321536906,0.182002022244692,0.0849342770475228,0.745702730030334,0.483316481294237,0.948432760364004,0.337714863498483,0.905965621840243,0.256319514661274,0.555106167846309,2
0.951466127401416,0.467138523761375,0.216380182002022,0.742669362992922,0.246713852376138,0.756319514661274,0.46056622851365,0.854398382204247,0.409504550050556,0.591001011122346,3
0.825075834175935,0.579878665318504,0.685540950455005,0.835692618806876,0.096056622851365,0.409504550050556,0.196157735085945,0.957532861476239,0.666329625884732,0.696663296258847,4
0.878665318503539,0.519716885743175,0.575328614762386,0.848331648129424,0.169362992922144,0.475227502527806,0.226996966632963,0.943882709807887,0.447927199191102,0.655712841253792,5
0.749241658240647,0.674418604651163,0.743174924165824,0.89989888776542,0.0379170879676441,0.229524772497472,0.130434782608696,0.988877654196158,0.716885743174924,0.797775530839232,6
0.280080889787664,0.945399393326593,0.714357937310415,0.890798786653185,0.0333670374115268,0.032355915065723,0.106673407482305,0.975733063700708,0.831142568250758,0.529322548028311,7
0.541456016177958,0.404954499494439,0.428210313447927,0.88169868554095,0.111223458038423,0.11324570273003,0.750758341759353,0.725985844287159,0.941860465116279,0.780586450960566,8
0.217896865520728,0.639029322548028,0.465116279069767,0.704752275025278,0.125884732052578,0.584428715874621,0.944388270980789,0.478260869565217,1,0.672396359959555,9
0.581395348837209,0.468149646107179,0.30535894843276,0.837209302325581,0.190091001011122,0.859453993933266,0.313953488372093,0.948432760364004,0.623862487360971,0.280080889787664,10
0.987866531850354,0.0353892821031345,0.00101112234580384,0.706268958543984,0.517189079878665,0.995955510616785,0.741658240647118,0.84732052578362,0.00202224469160768,0.238624873609707,0
0.997977755308392,0.133468149646107,0.00808897876643074,0.438827098078868,0.323053589484328,0.977755308392316,0.514661274014156,0.976744186046512,0.260869565217391,0.607684529828109,1
0.973205257836198,0.197168857431749,0.051567239635996,0.686552072800809,0.393832153690597,0.928210313447927,0.34732052578362,0.918099089989889,0.308897876643074,0.561172901921132,2
0.957532861476239,0.438827098078868,0.219919110212336,0.755813953488372,0.217391304347826,0.752275025278059,0.351870576339737,0.863498483316481,0.451971688574317,0.596562184024267,3
0.850353892821031,0.546006066734075,0.691102123356926,0.859453993933266,0.0793731041456016,0.383215369059656,0.149646107178969,0.973205257836198,0.67644084934277,0.756319514661274,4
0.874620829120324,0.549544994944388,0.590495449949444,0.816986855409505,0.146612740141557,0.554095045500506,0.287158746208291,0.9474216380182,0.436299292214358,0.67644084934277,5
0.732052578361982,0.594539939332659,0.758341759352882,0.932760364004044,0.0697674418604651,0.167846309403438,0.0970677451971689,0.971688574317492,0.769464105156724,0.817492416582406,6
0.271991911021234,0.953488372093023,0.70273003033367,0.869565217391304,0.0283114256825076,0.0520728008088979,0.232558139534884,0.932254802831143,0.888776541961577,0.524772497472194,7
0.440849342770475,0.378159757330637,0.511627906976744,0.990394337714864,0.225480283114257,0.138018200202224,0.5262891809909,0.591001011122346,0.880687563195147,0.753286147623862,8
0.129423660262892,0.620323559150657,0.594539939332659,0.778564206268959,0.159757330637007,0.51314459049545,0.887765419615773,0.430232558139535,0.998988877654196,0.604145601617796,9
0.646107178968655,0.331142568250758,0.349848331648129,0.904954499494439,0.210313447927199,0.802831142568251,0.174924165824065,0.926693629929221,0.782608695652174,0.303842264914055,10
0.981799797775531,0.0333670374115268,0.00303336703741153,0.751263902932255,0.531850353892821,1,0.796764408493428,0.762386248736097,0.00606673407482305,0.115267947421638,0
1,0.138523761375126,0.0096056622851365,0.436299292214358,0.295753286147624,0.967644084934277,0.505561172901921,0.983822042467139,0.294236602628918,0.641051567239636,1
0.98685540950455,0.198179979777553,0.0394337714863498,0.712841253791709,0.415065722952477,0.912032355915066,0.349848331648129,0.914054600606673,0.350859453993933,0.562689585439838,2
0.965621840242669,0.42618806875632,0.219919110212336,0.764914054600607,0.19211324570273,0.719413549039434,0.298281092012133,0.867542972699697,0.529828109201213,0.61577350859454,3
0.867542972699697,0.536400404448938,0.716380182002022,0.888776541961577,0.0879676440849343,0.347826086956522,0.124368048533873,0.969666329625885,0.693124368048534,0.748230535894843,4
0.8948432760364,0.517694641051567,0.564711830131446,0.814459049544995,0.143579373104146,0.504044489383215,0.293731041456016,0.940343781597573,0.518200202224469,0.724469160768453,5
0.718907987866532,0.446916076845298,0.740141557128413,0.988372093023256,0.161779575328615,0.150657229524773,0.0444893832153691,0.939332659251769,0.765419615773509,0.861476238624874,6
0.269464105156724,0.943377148634985,0.68149646107179,0.872093023255814,0.0121334681496461,0.0738119312436805,0.53690596562184,0.87360970677452,0.91304347826087,0.51061678463094,7
0.392315470171891,0.43680485338726,0.508594539939333,0.995955510616785,0.147623862487361,0.351870576339737,0.478766430738119,0.637007077856421,0.89989888776542,0.58948432760364,8
0.0940343781597573,0.680485338725986,0.684024266936299,0.824570273003033,0.254802831142568,0.327603640040445,0.914560161779575,0.29221435793731,0.996966632962588,0.682507583417594,9
0.703235591506572,0.306370070778564,0.287158746208291,0.8948432760364,0.227502527805864,0.758341759352882,0.191607684529828,0.865520728008089,0.852881698685541,0.155712841253792,10
0.979777553083923,0.032355915065723,0.00505561172901921,0.744186046511628,0.546511627906977,0.997977755308392,0.832659251769464,0.853387259858443,0.0121334681496461,0.153690596562184,0
0.998988877654196,0.132457027300303,0.0161779575328615,0.463599595551062,0.294236602628918,0.966632962588473,0.521739130434783,0.985844287158746,0.296258847320526,0.632962588473205,1
0.990899898887765,0.193629929221436,0.0374115267947422,0.700202224469161,0.43680485338726,0.8948432760364,0.42618806875632,0.9211324570273,0.419615773508595,0.613751263902932,2
0.973205257836198,0.410010111223458,0.239130434782609,0.761375126390293,0.210313447927199,0.685540950455005,0.338725985844287,0.816986855409505,0.608695652173913,0.663296258847321,3
0.871587462082912,0.519716885743175,0.724469160768453,0.925176946410516,0.11324570273003,0.304347826086957,0.0778564206268959,0.966632962588473,0.703741152679474,0.795247724974722,4
0.933771486349848,0.459049544994944,0.524772497472194,0.849848331648129,0.14206268958544,0.509100101112235,0.250758341759353,0.924165824064712,0.550556117290192,0.73154701718908,5
0.743174924165824,0.424165824064712,0.716380182002022,0.990394337714864,0.13953488372093,0.183518705763397,0.0561172901921132,0.963599595551062,0.791708796764409,0.85793731041456,6
0.293225480283114,0.867542972699697,0.66835187057634,0.872093023255814,0.0151668351870576,0.0616784630940344,0.701718907987867,0.880687563195147,0.946916076845298,0.606167846309403,7
0.370070778564206,0.504550050556117,0.531850353892821,0.981799797775531,0.0869565217391304,0.657229524772498,0.351870576339737,0.799797775530839,0.952982810920121,0.223963599595551,8
0.0915065722952477,0.686552072800809,0.709302325581395,0.863498483316481,0.320020222446916,0.317997977755308,0.875631951466127,0.238624873609707,0.997977755308392,0.735085945399393,9
0.766430738119312,0.321536905965622,0.272497472194136,0.811931243680485,0.144590495449949,0.820020222446916,0.246713852376138,0.903943377148635,0.856420626895854,0.10262891809909,10
0.983822042467139,0.0293225480283114,0.00404448938321537,0.697674418604651,0.51061678463094,0.998988877654196,0.849848331648129,0.911021233569262,0.019211324570273,0.151668351870576,0
0.994944388270981,0.11324570273003,0.0151668351870576,0.551567239635996,0.41051567239636,0.980788675429727,0.504550050556117,0.992922143579373,0.332153690596562,0.591001011122346,1
0.988877654196158,0.186046511627907,0.0434782608695652,0.711830131445905,0.439332659251769,0.927199191102123,0.453488372093023,0.938321536905966,0.445904954499494,0.604145601617796,2
0.976744186046512,0.393326592517695,0.234074823053589,0.775530839231547,0.224469160768453,0.675935288169869,0.362992922143579,0.785642062689585,0.596562184024267,0.686552072800809,3
0.870576339737108,0.473205257836198,0.694135490394338,0.952477249747219,0.127401415571284,0.328614762386249,0.0920121334681496,0.941354903943377,0.771486349848332,0.757330637007078,4
0.938321536905966,0.431749241658241,0.442871587462083,0.857431749241658,0.150657229524773,0.582406471183013,0.286147623862487,0.93427704752275,0.528816986855409,0.695652173913043,5
0.762386248736097,0.479777553083923,0.711324570273003,0.965621840242669,0.108190091001011,0.205763397371082,0.0980788675429727,0.987866531850354,0.754297269969666,0.874115267947422,6
0.315975733063701,0.830131445904954,0.664307381193124,0.914054600606673,0.00606673407482305,0.154701718907988,0.489888776541962,0.967644084934277,0.854398382204247,0.746713852376138,7
0.374115267947422,0.51061678463094,0.530839231547017,0.941354903943377,0.11830131445905,0.737613751263903,0.498483316481294,0.783619817997978,0.966632962588473,0.184024266936299,8
0.0874620829120324,0.636501516683519,0.714357937310415,0.877654196157735,0.330131445904955,0.267947421638018,0.901921132457027,0.236602628918099,0.995955510616785,0.754297269969666,9
0.780586450960566,0.357431749241658,0.276036400404449,0.777553083923155,0.109201213346815,0.854903943377149,0.276541961577351,0.922649140546006,0.802831142568251,0.10262891809909,10
0.991911021233569,0.0374115267947422,0.00202224469160768,0.662285136501517,0.459049544994944,0.996966632962588,0.866026289180991,0.962588473205258,0.0313447927199191,0.162285136501517,0
0.980788675429727,0.0980788675429727,0.019211324570273,0.659251769464105,0.53690596562184,0.988877654196158,0.485844287158746,0.993933265925177,0.374115267947422,0.538928210313448,1
0.975733063700708,0.154701718907988,0.0596562184024267,0.771486349848332,0.532861476238625,0.957532861476239,0.418099089989889,0.931243680485339,0.428210313447927,0.630940343781598,2
0.970677451971689,0.357431749241658,0.213852376137513,0.786653185035389,0.236602628918099,0.710313447927199,0.377148634984833,0.76845298281092,0.568250758341759,0.655712841253792,3
0.863498483316481,0.424165824064712,0.680485338725986,0.968655207280081,0.173913043478261,0.341759352881699,0.101112234580384,0.917087967644085,0.75783619817998,0.716885743174924,4
0.943882709807887,0.392315470171891,0.362992922143579,0.826086956521739,0.167340748230536,0.600606673407482,0.456521739130435,0.871587462082912,0.557128412537917,0.719919110212336,5
0.815975733063701,0.507077856420627,0.688068756319515,0.9211324570273,0.106167846309403,0.196157735085945,0.12639029322548,0.989888776541962,0.731041456016178,0.885743174924166,6
0.32355915065723,0.844287158746208,0.672396359959555,0.901415571284125,0.0101112234580384,0.0626895854398382,0.511627906976744,0.901921132457027,0.924165824064712,0.697674418604651,7
0.41051567239636,0.441860465116279,0.456016177957533,0.895854398382204,0.149646107178969,0.816481294236603,0.374620829120324,0.945399393326593,0.92618806875632,0.273003033367037,8
0.089989888776542,0.61577350859454,0.66582406471183,0.806370070778564,0.30788675429727,0.226491405460061,0.945399393326593,0.314459049544995,0.993933265925177,0.783114256825076,9
0.785642062689585,0.375126390293225,0.258341759352882,0.797775530839232,0.120323559150657,0.806370070778564,0.274519716885743,0.943882709807887,0.748230535894843,0.162285136501517,10
0.967644084934277,0.0232558139534884,0.0419615773508595,0.402426693629929,0.60262891809909,0.919110212335693,0.890798786653185,0.942366026289181,0.766936299292214,0.303842264914055,0
0.961577350859454,0.0940343781597573,0.155712841253792,0.163801820020222,0.528816986855409,0.833164812942366,0.738624873609707,0.837714863498483,0.788675429726997,0.322548028311426,1
0.933771486349848,0.231041456016178,0.208291203235591,0.337714863498483,0.902932254802831,0.288675429726997,0.801314459049545,0.525783619817998,0.442366026289181,0.17644084934277,2
0.896865520728008,0.455005055611729,0.598584428715875,0.166329625884732,0.754297269969666,0.203741152679474,0.571789686552073,0.235085945399393,0.737613751263903,0.24469160768453,3
0.774014155712841,0.721941354903943,0.797775530839232,0.202224469160768,0.212335692618807,0.189079878665319,0.32355915065723,0.870576339737108,0.714863498483316,0.220424671385238,4
0.807381193124368,0.525278058645096,0.779575328614762,0.320525783619818,0.373104145601618,0.175429726996967,0.531344792719919,0.643073811931244,0.82103134479272,0.315975733063701,5
0.48432760364004,0.547522750252781,0.94994944388271,0.648634984833165,0.0839231547017189,0.149646107178969,0.0283114256825076,0.757330637007078,0.992922143579373,0.691102123356926,6
0.366026289180991,0.364004044489383,0.967644084934277,0.966632962588473,0.0778564206268959,0.239130434782609,0.00101112234580384,0.850859453993933,0.9737108190091,0.970677451971689,7
0.451971688574317,0.445904954499494,0.829625884732053,0.340242669362993,0.0712841253791709,0.630940343781598,0.210313447927199,0.910010111223458,0.912032355915066,0.774014155712841,8
0.349848331648129,0.170879676440849,0.675935288169869,0.447927199191102,0.361981799797776,0.842264914054601,0.468655207280081,0.800808897876643,0.930738119312437,0.840242669362993,9
0.822042467138524,0.184024266936299,0.796764408493428,0.400910010111223,0.28412537917088,0.533872598584429,0.218907987866532,0.70273003033367,0.885237613751264,0.634984833164813,10
0.971688574317492,0.0222446916076845,0.0278058645096057,0.411526794742164,0.611729019211325,0.920121334681496,0.893326592517695,0.950455005055612,0.75783619817998,0.303842264914055,0
0.978766430738119,0.0910010111223458,0.184024266936299,0.149646107178969,0.450960566228514,0.83417593528817,0.758341759352882,0.83417593528817,0.824064711830131,0.358948432760364,1
0.942366026289181,0.216380182002022,0.27906976744186,0.338725985844287,0.865015166835187,0.501011122345804,0.704246713852376,0.533367037411527,0.581395348837209,0.129929221435794,2
0.905965621840243,0.479777553083923,0.491911021233569,0.267947421638018,0.735085945399393,0.180990899898888,0.564206268958544,0.296258847320526,0.75530839231547,0.135995955510617,3
0.76845298281092,0.647623862487361,0.883720930232558,0.280586450960566,0.132457027300303,0.210313447927199,0.283114256825076,0.874620829120324,0.741658240647118,0.296258847320526,4
0.826086956521739,0.498988877654196,0.836198179979778,0.342770475227503,0.323053589484328,0.239130434782609,0.51314459049545,0.651668351870576,0.897876643073812,0.238624873609707,5
0.47118301314459,0.451971688574317,0.972194135490394,0.742669362992922,0.08948432760364,0.141051567239636,0.019211324570273,0.678463094034378,0.990899898887765,0.775530839231547,6
0.367037411526795,0.322548028311426,0.970677451971689,0.983822042467139,0.0667340748230536,0.186552072800809,0.00303336703741153,0.720930232558139,0.967644084934277,0.985844287158746,7
0.482305358948433,0.325581395348837,0.882709807886754,0.494944388270981,0.0849342770475228,0.559150657229525,0.173913043478261,0.882709807886754,0.937310414560162,0.912032355915066,8
0.291203235591507,0.209302325581395,0.696157735085945,0.437815975733064,0.404448938321537,0.853387259858443,0.444893832153691,0.837714863498483,0.922143579373104,0.793731041456016,9
0.82355915065723,0.202224469160768,0.81041456016178,0.387259858442872,0.235591506572295,0.566228513650152,0.296258847320526,0.70525783619818,0.883720930232558,0.653185035389282,10
0.96056622851365,0.0202224469160768,0.032355915065723,0.462082912032356,0.651162790697674,0.93427704752275,0.882709807886754,0.956521739130435,0.695146612740142,0.283619817997978,0
0.982810920121335,0.0859453993933266,0.195146612740142,0.145601617795753,0.452982810920121,0.843276036400404,0.794236602628918,0.777553083923155,0.832153690596562,0.36046511627907,1
0.950455005055612,0.206268958543984,0.241658240647118,0.372093023255814,0.817997977755308,0.560161779575329,0.633973710819009,0.620829120323559,0.501516683518706,0.179979777553084,2
0.900404448938321,0.452982810920121,0.520728008088979,0.21840242669363,0.803842264914055,0.1051567239636,0.556117290192113,0.343781597573306,0.723963599595551,0.158746208291203,3
0.779575328614762,0.471688574317492,0.940343781597573,0.398382204246714,0.096056622851365,0.10010111223458,0.222446916076845,0.843276036400404,0.760364004044489,0.514155712841254,4
0.837209302325581,0.418604651162791,0.867037411526795,0.410010111223458,0.232558139534884,0.261880687563195,0.401415571284125,0.822548028311426,0.863498483316481,0.259858442871587,5
0.488372093023256,0.319514661274014,0.977755308392316,0.806370070778564,0.221435793731041,0.125884732052578,0.00808897876643074,0.508594539939333,0.991911021233569,0.882709807886754,6
0.363498483316481,0.32355915065723,0.974721941354904,0.980788675429727,0.0677451971688574,0.129929221435794,0.00606673407482305,0.635995955510617,0.970677451971689,0.948432760364004,7
0.492416582406471,0.245702730030334,0.905965621840243,0.603640040444894,0.0910010111223458,0.568250758341759,0.220424671385238,0.825581395348837,0.893832153690597,0.954499494438827,8
0.173407482305359,0.249241658240647,0.759352881698686,0.51061678463094,0.473205257836198,0.862487360970677,0.370070778564206,0.803842264914055,0.914054600606673,0.72901921132457,9
0.803842264914055,0.189079878665319,0.828109201213347,0.421638018200202,0.198179979777553,0.589989888776542,0.385237613751264,0.654196157735086,0.868554095045501,0.677451971688574,10
0.939332659251769,0.0161779575328615,0.0495449949443883,0.536400404448938,0.692618806875632,0.949443882709808,0.882709807886754,0.955510616784631,0.639029322548028,0.275025278058645,0
0.977755308392316,0.0829120323559151,0.188574317492417,0.150657229524773,0.46309403437816,0.846309403437816,0.799797775530839,0.807381193124368,0.837209302325581,0.353387259858443,1
0.946410515672396,0.185035389282103,0.21840242669363,0.38422649140546,0.773508594539939,0.575834175935288,0.593023255813954,0.634479271991911,0.433771486349848,0.287158746208291,2
0.884732052578362,0.435793731041456,0.518200202224469,0.172901921132457,0.849848331648129,0.0859453993933266,0.507077856420627,0.346814964610718,0.716885743174924,0.123356926188069,3
0.805864509605662,0.360970677451972,0.955510616784631,0.485338725985844,0.0940343781597573,0.0596562184024267,0.199191102123357,0.788675429726997,0.778564206268959,0.612740141557128,4
0.848331648129424,0.358948432760364,0.858442871587462,0.403943377148635,0.250252780586451,0.160768452982811,0.422143579373104,0.781092012133468,0.948432760364004,0.229524772497472,5
0.531344792719919,0.234580384226491,0.966632962588473,0.844287158746208,0.350353892821031,0.171890798786653,0.00404448938321537,0.368554095045501,0.987360970677452,0.941354903943377,6
0.360970677451972,0.320525783619818,0.963599595551062,0.971688574317492,0.0985844287158746,0.151668351870576,0,0.675429726996967,0.978766430738119,0.974721941354904,7
0.495955510616785,0.240141557128413,0.895854398382204,0.57633973710819,0.0586450960566229,0.652173913043478,0.376137512639029,0.845298281092012,0.844287158746208,0.915571284125379,8
0.0980788675429727,0.278058645096057,0.799797775530839,0.562184024266936,0.494438827098079,0.854903943377149,0.282103134479272,0.745197168857432,0.911021233569262,0.652173913043478,9
0.748230535894843,0.196157735085945,0.833164812942366,0.431749241658241,0.222952477249747,0.618806875631951,0.360970677451972,0.650151668351871,0.851365015166835,0.638523761375126,10
0.915065722952477,0.0151668351870576,0.0667340748230536,0.575328614762386,0.693629929221436,0.952477249747219,0.912032355915066,0.949443882709808,0.601112234580384,0.261880687563195,0
0.974721941354904,0.0753286147623863,0.179979777553084,0.166329625884732,0.465116279069767,0.845298281092012,0.788675429726997,0.805864509605662,0.842264914054601,0.36046511627907,1
0.927199191102123,0.168857431749242,0.265419615773509,0.425682507583418,0.779069767441861,0.621334681496461,0.602123356926188,0.638018200202224,0.403437815975733,0.28159757330637,2
0.890798786653185,0.353892821031345,0.543983822042467,0.303842264914055,0.591001011122346,0.299292214357937,0.383720930232558,0.272497472194136,0.839231547017189,0.0940343781597573,3
0.791708796764409,0.377148634984833,0.952477249747219,0.446410515672396,0.0743174924165824,0.0556117290192113,0.278058645096057,0.809403437815976,0.741658240647118,0.617290192113246,4
0.858442871587462,0.277047522750253,0.874620829120324,0.456521739130435,0.276036400404449,0.17896865520728,0.328614762386249,0.758341759352882,0.964610717896865,0.333164812942366,5
0.608695652173913,0.167846309403438,0.948432760364004,0.867037411526795,0.386248736097068,0.172901921132457,0.0111223458038423,0.320525783619818,0.982810920121335,0.971688574317492,6
0.378159757330637,0.303842264914055,0.962588473205258,0.9737108190091,0.0637007077856421,0.132962588473205,0.00202224469160768,0.673913043478261,0.983822042467139,0.962588473205258,7
0.500505561172902,0.200202224469161,0.888776541961577,0.611223458038423,0.0505561172901921,0.682002022244692,0.49747219413549,0.832659251769464,0.800303336703741,0.89989888776542,8
0.0849342770475228,0.282103134479272,0.81850353892821,0.572295247724975,0.444893832153691,0.867542972699697,0.289180990899899,0.74216380182002,0.898887765419616,0.633973710819009,9
0.703235591506572,0.213346814964611,0.849342770475228,0.436299292214358,0.25783619817998,0.642568250758342,0.38169868554095,0.679474216380182,0.822042467138524,0.611729019211325,10
0.889787664307381,0.0121334681496461,0.0738119312436805,0.605662285136502,0.699696663296259,0.959555106167846,0.924165824064712,0.952477249747219,0.574823053589484,0.25783619817998,0
0.968655207280081,0.0616784630940344,0.190091001011122,0.180485338725986,0.460060667340748,0.838220424671385,0.775025278058645,0.82103134479272,0.833164812942366,0.345803842264914,1
0.9211324570273,0.169868554095046,0.229524772497472,0.416076845298281,0.763397371081901,0.618806875631951,0.66582406471183,0.707280080889788,0.413549039433771,0.21840242669363,2
0.887765419615773,0.339737108190091,0.489888776541962,0.370070778564206,0.478766430738119,0.473205257836198,0.184024266936299,0.484833164812942,0.712841253791709,0.132962588473205,3
0.771991911021234,0.380687563195147,0.944388270980789,0.466127401415571,0.0819009100101112,0.0364004044489383,0.284630940343782,0.835187057633974,0.728008088978766,0.627401415571284,4
0.843276036400404,0.183013144590495,0.876643073811931,0.52376137512639,0.302831142568251,0.302831142568251,0.29221435793731,0.789686552072801,0.939332659251769,0.439332659251769,5
0.660262891809909,0.150657229524773,0.937310414560162,0.840748230535895,0.274014155712841,0.118806875631951,0.0399393326592518,0.443882709807887,0.985844287158746,0.920626895854398,6
0.390798786653185,0.271991911021234,0.96056622851365,0.985844287158746,0.0490394337714863,0.109201213346815,0.0070778564206269,0.66582406471183,0.979777553083923,0.964610717896865,7
0.466632962588473,0.164812942366026,0.880687563195147,0.653185035389282,0.0546006066734075,0.779575328614762,0.669868554095046,0.811425682507583,0.673407482305359,0.787664307381193,8
0.0606673407482305,0.346309403437816,0.822042467138524,0.558139534883721,0.477249747219414,0.864004044489383,0.280080889787664,0.771486349848332,0.892315470171891,0.5262891809909,9
0.66835187057634,0.240141557128413,0.845298281092012,0.446410515672396,0.31041456016178,0.662285136501517,0.410010111223458,0.686046511627907,0.820020222446916,0.572295247724975,10
0.551061678463094,0,0.84732052578362,0.87360970677452,0.922649140546006,0.930232558139535,0.214357937310415,0.0778564206268959,0.226996966632963,0.796764408493428,0
0.508594539939333,0.1051567239636,0.877654196157735,0.845298281092012,0.966632962588473,0.405460060667341,0.0313447927199191,0.0586450960566229,0.289686552072801,0.671385237613751,1
0.747219413549039,0.116279069767442,0.839231547017189,0.815975733063701,0.826592517694641,0.0293225480283114,0.0935288169868554,0.179979777553084,0.51567239635996,0.741658240647118,2
0.966632962588473,0.219919110212336,0.703741152679474,0.204752275025278,0.571284125379171,0.0540950455005056,0.617290192113246,0.278058645096057,0.253791708796764,0.714357937310415,3
0.683013144590495,0.556622851365015,0.640040444893832,0.0697674418604651,0.288675429726997,0.186552072800809,0.976744186046512,0.409504550050556,0.407482305358948,0.532355915065723,4
0.796258847320526,0.407482305358948,0.463599595551062,0.0889787664307381,0.543983822042467,0.0813953488372093,0.994944388270981,0.378159757330637,0.193124368048534,0.792719919110212,5
0.377148634984833,0.65267947421638,0.985844287158746,0.405460060667341,0.138018200202224,0.0242669362992922,0.458543983822042,0.953488372093023,0.548028311425683,0.16835187057634,6
0.248736097067745,0.941354903943377,0.795753286147624,0.210819009100101,0.124368048533873,0.0111223458038423,0.673913043478261,0.990899898887765,0.540444893832154,0.495449949443883,7
0.162790697674419,0.728008088978766,0.760364004044489,0.137007077856421,0.785642062689585,0.667846309403438,0.777553083923155,0.534883720930233,0.34732052578362,0.0546006066734075,8
0.132962588473205,0.769464105156724,0.917087967644085,0.569767441860465,0.901415571284125,0.447927199191102,0.269969666329626,0.756319514661274,0.117290192113246,0.0990899898887765,9
0.625884732052578,0.214357937310415,0.726996966632963,0.1051567239636,0.721941354903943,0.314964610717897,0.825075834175935,0.741152679474216,0.149140546006067,0.485338725985844,10
0.494438827098079,0.00101112234580384,0.863498483316481,0.843276036400404,0.93427704752275,0.938321536905966,0.164307381193124,0.0652173913043478,0.369059656218402,0.830131445904954,0
0.478260869565217,0.125379170879676,0.946410515672396,0.808392315470172,0.94994944388271,0.364004044489383,0.0232558139534884,0.0535894843276036,0.38675429726997,0.673407482305359,1
0.717896865520728,0.137512639029323,0.844287158746208,0.783619817997978,0.880687563195147,0.038422649140546,0.0793731041456016,0.101112234580384,0.545500505561173,0.764408493427705,2
0.964610717896865,0.210313447927199,0.653185035389282,0.285136501516684,0.530333670374115,0.0606673407482305,0.659757330637007,0.275025278058645,0.297775530839232,0.700202224469161,3
0.647118301314459,0.567239635995956,0.579878665318504,0.0910010111223458,0.316481294236603,0.333164812942366,0.96056622851365,0.367037411526795,0.391304347826087,0.451466127401416,4
0.817492416582406,0.362992922143579,0.434782608695652,0.0829120323559151,0.587462082912032,0.127401415571284,0.992922143579373,0.341759352881699,0.319514661274014,0.674418604651163,5
0.414560161779575,0.673407482305359,0.979777553083923,0.33164812942366,0.121334681496461,0.0424671385237614,0.574823053589484,0.98685540950455,0.498483316481294,0.16835187057634,6
0.226996966632963,0.966632962588473,0.814964610717897,0.156723963599596,0.0859453993933266,0.0571284125379171,0.677957532861476,0.928210313447927,0.675429726996967,0.568756319514661,7
0.167846309403438,0.75530839231547,0.677451971688574,0.159251769464105,0.839231547017189,0.575834175935288,0.806370070778564,0.579373104145602,0.236602628918099,0.0748230535894843,8
0.121840242669363,0.722952477249747,0.901921132457027,0.546006066734075,0.948432760364004,0.395854398382204,0.458543983822042,0.766936299292214,0.160768452982811,0.0596562184024267,9
0.61577350859454,0.215369059656218,0.67896865520728,0.140546006066734,0.700707785642063,0.290192113245703,0.819514661274014,0.696663296258847,0.114256825075834,0.499494438827098,10
0.4211324570273,0.00404448938321537,0.89989888776542,0.882709807886754,0.919110212335693,0.906471183013145,0.0808897876643074,0.0465116279069767,0.509100101112235,0.824570273003033,0
0.505561172901921,0.0930232558139535,0.969666329625885,0.787664307381193,0.94994944388271,0.427704752275025,0.0399393326592518,0.0667340748230536,0.39737108190091,0.587462082912032,1
0.71587462082912,0.135995955510617,0.81850353892821,0.863498483316481,0.835692618806876,0.0262891809908999,0.144084934277048,0.0677451971688574,0.524772497472194,0.768958543983822,2
0.956521739130435,0.187057633973711,0.763397371081901,0.254802831142568,0.566228513650152,0.0303336703741153,0.583923154701719,0.337714863498483,0.312436804853387,0.720930232558139,3
0.612740141557128,0.612740141557128,0.516683518705763,0.0798786653185035,0.38422649140546,0.522244691607684,0.958543983822042,0.229524772497472,0.395348837209302,0.373104145601618,4
0.770475227502528,0.343781597573306,0.367542972699697,0.171890798786653,0.612740141557128,0.274014155712841,0.954499494438827,0.240647118301314,0.246208291203236,0.664812942366026,5
0.404954499494439,0.740647118301314,0.984833164812942,0.29726996966633,0.11577350859454,0.0667340748230536,0.535389282103135,0.977755308392316,0.459049544994944,0.325075834175935,6
0.171890798786653,0.965621840242669,0.753286147623862,0.107178968655207,0.104145601617796,0.169868554095046,0.869565217391304,0.886248736097068,0.713852376137513,0.487866531850354,7
0.170879676440849,0.711830131445905,0.750758341759353,0.208291203235591,0.73154701718908,0.496966632962588,0.841759352881699,0.632457027300303,0.348837209302326,0.0677451971688574,8
0.100606673407482,0.654196157735086,0.920121334681496,0.420626895854398,0.939332659251769,0.479271991911021,0.422143579373104,0.776036400404449,0.138523761375126,0.0161779575328615,9
0.560161779575329,0.243174924165824,0.675935288169869,0.147623862487361,0.70778564206269,0.271991911021234,0.801314459049545,0.624368048533873,0.110212335692619,0.503033367037412,10
0.387765419615773,0.00808897876643074,0.9211324570273,0.863498483316481,0.898887765419616,0.900404448938321,0.0758341759352882,0.0475227502527806,0.488372093023256,0.805864509605662,0
0.542972699696663,0.0687563195146613,0.976744186046512,0.773508594539939,0.952477249747219,0.458038422649141,0.0637007077856421,0.0803842264914055,0.332153690596562,0.505055611729019,1
0.658240647118301,0.135995955510617,0.840748230535895,0.918099089989889,0.782608695652174,0.00910010111223458,0.0844287158746208,0.176946410515672,0.579373104145602,0.778564206268959,2
0.962588473205258,0.193629929221436,0.757330637007078,0.256825075834176,0.62891809908999,0.0252780586450961,0.74469160768453,0.253791708796764,0.293225480283114,0.69464105156724,3
0.605662285136502,0.596056622851365,0.556117290192113,0.184529828109201,0.213346814964611,0.577350859453994,0.961577350859454,0.28412537917088,0.224974721941355,0.481799797775531,4
0.657229524772498,0.31850353892821,0.413549039433771,0.283114256825076,0.73154701718908,0.412032355915066,0.885743174924166,0.260869565217391,0.11830131445905,0.631951466127401,5
0.355409504550051,0.840748230535895,0.956521739130435,0.196663296258847,0.102123356926188,0.0657229524772497,0.531344792719919,0.965621840242669,0.288169868554095,0.44994944388271,6
0.114256825075834,0.963599595551062,0.776036400404449,0.214357937310415,0.112234580384226,0.106673407482305,0.876643073811931,0.896359959555106,0.744186046511628,0.466127401415571,7
0.158746208291203,0.70778564206269,0.80788675429727,0.210819009100101,0.723963599595551,0.445904954499494,0.798786653185035,0.575834175935288,0.39737108190091,0.0687563195146613,8
0.0778564206268959,0.71587462082912,0.924165824064712,0.37108190091001,0.915065722952477,0.569261880687563,0.361981799797776,0.752275025278059,0.185035389282103,0.0131445904954499,9
0.582406471183013,0.243174924165824,0.682507583417594,0.234580384226491,0.703741152679474,0.163801820020222,0.854398382204247,0.593528816986855,0.0869565217391304,0.512133468149646,10
0.317997977755308,0.0141557128412538,0.930232558139535,0.801820020222447,0.905965621840243,0.91051567239636,0.0561172901921132,0.0252780586450961,0.457027300303337,0.854398382204247,0
0.458038422649141,0.0990899898887765,0.982810920121335,0.760364004044489,0.945399393326593,0.231041456016178,0.0414560161779575,0.119817997977755,0.260869565217391,0.594034378159757,1
0.465116279069767,0.247219413549039,0.923154701718908,0.833164812942366,0.665318503538928,0.00101112234580384,0.106673407482305,0.322548028311426,0.739130434782609,0.73154701718908,2
0.963599595551062,0.20525783619818,0.694135490394338,0.373104145601618,0.599595551061679,0.0187057633973711,0.831142568250758,0.239635995955511,0.314459049544995,0.650657229524772,3
0.577350859453994,0.560161779575329,0.637512639029323,0.24216380182002,0.214357937310415,0.435793731041456,0.985844287158746,0.354398382204247,0.144590495449949,0.521739130434783,4
0.571284125379171,0.283114256825076,0.557128412537917,0.444893832153691,0.713852376137513,0.517189079878665,0.830131445904954,0.294236602628918,0.0748230535894843,0.555106167846309,5
0.321536905965622,0.936299292214358,0.784630940343782,0.0758341759352882,0.203741152679474,0.148634984833165,0.86046511627907,0.670879676440849,0.234074823053589,0.39737108190091,6
0.117795753286148,0.961577350859454,0.823053589484328,0.258341759352882,0.0712841253791709,0.0965621840242669,0.734580384226491,0.848837209302326,0.747219413549039,0.497977755308392,7
0.145601617795753,0.732558139534884,0.867037411526795,0.221941354903943,0.722952477249747,0.393832153690597,0.67644084934277,0.483316481294237,0.393326592517695,0.0647118301314459,8
0.0652173913043478,0.815470171890799,0.925176946410516,0.335692618806876,0.928715874620829,0.581395348837209,0.455005055611729,0.814459049544995,0.249747219413549,0.0273003033367037,9
0.655712841253792,0.236602628918099,0.684024266936299,0.24216380182002,0.710819009100101,0.176946410515672,0.834681496461072,0.587967644084934,0.0647118301314459,0.5788675429727,10
0.315975733063701,0.0171890798786653,0.933771486349848,0.782608695652174,0.908998988877654,0.903943377148635,0.0485338725985844,0.0161779575328615,0.462082912032356,0.88675429726997,0
0.375631951466127,0.148634984833165,0.929221435793731,0.83417593528817,0.917087967644085,0.0212335692618807,0.0495449949443883,0.162790697674419,0.28412537917088,0.770475227502528,1
0.453993933265925,0.219919110212336,0.908998988877654,0.855409504550051,0.793731041456016,0.00606673407482305,0.0844287158746208,0.251769464105157,0.62891809908999,0.686552072800809,2
0.954499494438827,0.223458038422649,0.725985844287159,0.355915065722952,0.606167846309403,0.0171890798786653,0.693629929221436,0.324570273003033,0.254802831142568,0.682507583417594,3
0.603134479271992,0.567239635995956,0.621840242669363,0.114256825075834,0.335692618806876,0.399393326592518,0.970677451971689,0.421638018200202,0.219413549039434,0.462588473205258,4
0.464105156723964,0.241658240647118,0.654196157735086,0.619817997977755,0.632962588473205,0.486349848331648,0.853387259858443,0.237613751263903,0.129423660262892,0.52376137512639,5
0.329625884732053,0.869565217391304,0.731041456016178,0.169868554095046,0.259352881698686,0.188068756319515,0.938321536905966,0.521233569261881,0.327098078867543,0.159757330637007,6
0.115267947421638,0.933265925176946,0.831142568250758,0.27098078867543,0.0743174924165824,0.0414560161779575,0.602123356926188,0.898887765419616,0.734580384226491,0.490394337714864,7
0.163801820020222,0.702224469160768,0.783619817997978,0.322548028311426,0.776541961577351,0.393832153690597,0.769969666329626,0.527805864509606,0.281092012133468,0.0424671385237614,8
0.0591506572295248,0.82103134479272,0.980788675429727,0.276036400404449,0.87360970677452,0.677451971688574,0.399393326592518,0.829625884732053,0.404448938321537,0.019211324570273,9
0.696663296258847,0.228513650151668,0.766430738119312,0.308392315470172,0.719919110212336,0.0829120323559151,0.80788675429727,0.562689585439838,0.102123356926188,0.447927199191102,10
0.444893832153691,0.0343781597573306,0.53690596562184,0.709807886754297,0.9737108190091,0.730535894843276,0.993933265925177,0.00404448938321537,0.116279069767442,0.64206268958544,0
0.264914054600607,0.250758341759353,0.698685540950455,0.930232558139535,0.910010111223458,0.830131445904954,0.0475227502527806,0.0722952477249747,0.0819009100101112,0.621840242669363,1
0.726491405460061,0.176946410515672,0.234074823053589,0.801820020222447,0.811931243680485,0.663801820020222,0.157229524772497,0.196157735085945,0.236602628918099,0.758341759352882,2
0.797775530839232,0.327603640040445,0.280080889787664,0.516683518705763,0.466632962588473,0.129929221435794,0.659757330637007,0.0262891809908999,0.492416582406471,0.743174924165824,3
0.62891809908999,0.650151668351871,0.446916076845298,0.291203235591507,0.114256825075834,0.27906976744186,0.852376137512639,0.570273003033367,0.607684529828109,0.164812942366026,4
0.716885743174924,0.527805864509606,0.313953488372093,0.301314459049545,0.321536905965622,0.451971688574317,0.614256825075834,0.401415571284125,0.562689585439838,0.377654196157735,5
0.422649140546006,0.757330637007078,0.415571284125379,0.269464105156724,0.317492416582406,0.199696663296259,0.955510616784631,0.53943377148635,0.645096056622851,0.038422649140546,6
0.109201213346815,0.889787664307381,0.575328614762386,0.678463094034378,0.153185035389282,0.0520728008088979,0.905460060667341,0.568250758341759,0.932254802831143,0.539939332659252,7
0.301314459049545,0.737108190091001,0.0571284125379171,0.639029322548028,0.50252780586451,0.872598584428716,0.654196157735086,0.979777553083923,0.625379170879676,0.00505561172901921,8
0.0434782608695652,0.862992922143579,0.166835187057634,0.615267947421638,0.876643073811931,0.322548028311426,0.843276036400404,0.307381193124368,0.535894843276036,0.00303336703741153,9
0.56572295247725,0.414560161779575,0.333670374115268,0.713852376137513,0.5,0.702224469160768,0.644084934277047,0.796764408493428,0.550556117290192,0.0106167846309403,10
0.460060667340748,0.051567239635996,0.42366026289181,0.633973710819009,0.983822042467139,0.813953488372093,0.980788675429727,0,0.108695652173913,0.688574317492417,0
0.34732052578362,0.212335692618807,0.585439838220425,0.94994944388271,0.925682507583418,0.914054600606673,0.197168857431749,0.133973710819009,0.0485338725985844,0.521739130434783,1
0.712841253791709,0.175935288169869,0.30535894843276,0.814459049544995,0.825075834175935,0.700707785642063,0.237108190091001,0.209302325581395,0.133973710819009,0.75530839231547,2
0.786653185035389,0.317492416582406,0.330131445904955,0.530839231547017,0.391304347826087,0.193124368048534,0.521739130434783,0.032355915065723,0.518200202224469,0.668857431749242,3
0.64206268958544,0.600606673407482,0.485338725985844,0.359959555106168,0.10010111223458,0.136501516683519,0.902932254802831,0.581900910010111,0.653185035389282,0.205763397371082,4
0.758341759352882,0.474721941354904,0.445904954499494,0.276036400404449,0.299292214357937,0.526794742163802,0.556117290192113,0.417087967644085,0.652173913043478,0.362487360970677,5
0.432760364004044,0.780586450960566,0.299797775530839,0.287158746208291,0.365015166835187,0.319514661274014,0.982305358948433,0.490899898887765,0.500505561172902,0.0293225480283114,6
0.11324570273003,0.839231547017189,0.604145601617796,0.764914054600607,0.08948432760364,0.0333670374115268,0.87360970677452,0.585945399393327,0.961577350859454,0.544994944388271,7
0.24469160768453,0.688574317492417,0.265419615773509,0.615267947421638,0.407482305358948,0.804853387259858,0.388776541961577,0.991911021233569,0.775530839231547,0.00910010111223458,8
0.0424671385237614,0.870576339737108,0.19211324570273,0.613751263902932,0.868048533872599,0.236602628918099,0.891809908998989,0.308897876643074,0.592517694641052,0.00202224469160768,9
0.575328614762386,0.376137512639029,0.309403437815976,0.724974721941355,0.448432760364004,0.667846309403438,0.644084934277047,0.861476238624874,0.564711830131446,0.0328614762386249,10
0.434782608695652,0.0455005055611729,0.577350859453994,0.687563195146613,0.977755308392316,0.72901921132457,0.988877654196158,0.00101112234580384,0.0505561172901921,0.711324570273003,0
0.380182002022245,0.166329625884732,0.614256825075834,0.956521739130435,0.901415571284125,0.942366026289181,0.388776541961577,0.296258847320526,0.0101112234580384,0.588473205257836,1
0.644084934277047,0.201213346814965,0.403437815975733,0.842264914054601,0.838220424671385,0.656218402426694,0.204246713852376,0.174924165824065,0.0950455005055612,0.795247724974722,2
0.746208291203236,0.333670374115268,0.30535894843276,0.517694641051567,0.419615773508595,0.234580384226491,0.433771486349848,0.0374115267947422,0.4737108190091,0.62891809908999,3
0.648634984833165,0.629929221435794,0.435793731041456,0.328614762386249,0.130434782608696,0.153185035389282,0.9474216380182,0.481294236602629,0.616279069767442,0.18958543983822,4
0.796258847320526,0.433771486349848,0.47118301314459,0.290192113245703,0.277047522750253,0.539939332659252,0.570273003033367,0.459049544994944,0.672396359959555,0.273003033367037,5
0.475227502527806,0.754297269969666,0.36046511627907,0.191607684529828,0.456016177957533,0.370070778564206,0.978766430738119,0.592517694641052,0.506572295247725,0.0222446916076845,6
0.121840242669363,0.862992922143579,0.553083923154702,0.745702730030334,0.0490394337714863,0.0950455005055612,0.846309403437816,0.621840242669363,0.963599595551062,0.395348837209302,7
0.290192113245703,0.605662285136502,0.228513650151668,0.600606673407482,0.412537917087968,0.812942366026289,0.351870576339737,0.994944388270981,0.688068756319515,0.0106167846309403,8
0.0374115267947422,0.893832153690597,0.301314459049545,0.554095045500506,0.787664307381193,0.243174924165824,0.795753286147624,0.330131445904955,0.79474216380182,0,9
0.546511627906977,0.348837209302326,0.342770475227503,0.695652173913043,0.424671385237614,0.659251769464105,0.558139534883721,0.820020222446916,0.586450960566228,0.0455005055611729,10
0.351870576339737,0.0465116279069767,0.765419615773509,0.726996966632963,0.985844287158746,0.58695652173913,0.941354903943377,0.00505561172901921,0.0212335692618807,0.70273003033367,0
0.409504550050556,0.144590495449949,0.549039433771486,0.953488372093023,0.896865520728008,0.944893832153691,0.546006066734075,0.352881698685541,0.0131445904954499,0.507077856420627,1
0.521739130434783,0.236602628918099,0.459555106167846,0.867037411526795,0.832659251769464,0.598078867542973,0.151668351870576,0.142568250758342,0.0920121334681496,0.831142568250758,2
0.685540950455005,0.352881698685541,0.322548028311426,0.463599595551062,0.519716885743175,0.145096056622851,0.480283114256825,0.0151668351870576,0.512639029322548,0.666329625884732,3
0.655712841253792,0.677451971688574,0.379170879676441,0.206268958543984,0.203741152679474,0.273003033367037,0.950455005055612,0.389282103134479,0.641051567239636,0.120829120323559,4
0.789686552072801,0.367037411526795,0.510111223458038,0.389282103134479,0.266430738119312,0.549039433771486,0.47623862487361,0.597067745197169,0.619312436804853,0.17896865520728,5
0.506572295247725,0.748230535894843,0.313953488372093,0.129423660262892,0.496461071789687,0.524266936299292,0.966632962588473,0.561172901921132,0.58948432760364,0.0662285136501517,6
0.124368048533873,0.878665318503539,0.559150657229525,0.719919110212336,0.0364004044489383,0.214863498483316,0.868554095045501,0.649140546006067,0.962588473205258,0.298281092012133,7
0.288169868554095,0.554095045500506,0.248736097067745,0.669362992922144,0.461071789686552,0.717896865520728,0.446916076845298,0.959555106167846,0.812436804853387,0.0212335692618807,8
0.0293225480283114,0.932254802831143,0.415571284125379,0.426693629929221,0.841253791708797,0.0915065722952477,0.819514661274014,0.296258847320526,0.762386248736097,0.00404448938321537,9
0.568250758341759,0.334681496461072,0.302325581395349,0.70273003033367,0.390293225480283,0.585439838220425,0.686552072800809,0.736097067745197,0.678463094034378,0.0252780586450961,10
0.287158746208291,0.0566228513650152,0.803336703741153,0.753286147623862,0.982810920121335,0.557128412537917,0.920121334681496,0.00303336703741153,0.0495449949443883,0.608695652173913,0
0.419615773508595,0.13953488372093,0.499494438827098,0.93427704752275,0.906976744186046,0.937310414560162,0.581395348837209,0.42366026289181,0.00910010111223458,0.467138523761375,1
0.518705763397371,0.221435793731041,0.497977755308392,0.81850353892821,0.859453993933266,0.608190091001011,0.150657229524773,0.219919110212336,0.0465116279069767,0.851870576339737,2
0.654196157735086,0.347826086956522,0.37360970677452,0.520222446916077,0.469666329625885,0.155712841253792,0.456521739130435,0.0171890798786653,0.542972699696663,0.643073811931244,3
0.640040444893832,0.67644084934277,0.383215369059656,0.230535894843276,0.157735085945399,0.373104145601618,0.943377148634985,0.385743174924166,0.691607684529828,0.0783619817997978,4
0.730030333670374,0.301314459049545,0.519716885743175,0.51567239635996,0.333670374115268,0.567239635995956,0.348837209302326,0.811425682507583,0.421638018200202,0.216885743174924,5
0.466632962588473,0.76592517694641,0.308392315470172,0.187057633973711,0.492416582406471,0.637007077856421,0.962588473205258,0.342770475227503,0.637512639029323,0.117290192113246,6
0.127906976744186,0.855915065722953,0.607178968655207,0.731041456016178,0.0465116279069767,0.132962588473205,0.871587462082912,0.662285136501517,0.977755308392316,0.431243680485339,7
0.256319514661274,0.470171890798787,0.408493427704752,0.754297269969666,0.541961577350859,0.695652173913043,0.308392315470172,0.946410515672396,0.790192113245703,0.0505561172901921,8
0.0252780586450961,0.962588473205258,0.429726996966633,0.365015166835187,0.835692618806876,0.0758341759352882,0.764914054600607,0.340242669362993,0.688068756319515,0.0121334681496461,9
0.584428715874621,0.311425682507583,0.321536905965622,0.717896865520728,0.387259858442872,0.529322548028311,0.713852376137513,0.726996966632963,0.743174924165824,0.0171890798786653,10
0.258847320525784,0.0738119312436805,0.787664307381193,0.769464105156724,0.979271991911021,0.579373104145602,0.908998988877654,0.00202224469160768,0.0682507583417594,0.542972699696663,0
0.415571284125379,0.129423660262892,0.483316481294237,0.916582406471183,0.922649140546006,0.891809908998989,0.543478260869565,0.521233569261881,0.0111223458038423,0.307381193124368,1
0.598584428715875,0.179474216380182,0.395348837209302,0.803842264914055,0.862992922143579,0.661274014155713,0.241658240647118,0.25783619817998,0.0151668351870576,0.824570273003033,2
0.569261880687563,0.350859453993933,0.411021233569262,0.541961577350859,0.451971688574317,0.164812942366026,0.43680485338726,0.0313447927199191,0.513650151668352,0.660768452982811,3
0.634479271991911,0.675429726996967,0.355915065722952,0.259858442871587,0.102123356926188,0.434782608695652,0.940343781597573,0.430232558139535,0.661779575328615,0.0697674418604651,4
0.627906976744186,0.262891809908999,0.542972699696663,0.556117290192113,0.456016177957533,0.612234580384227,0.367542972699697,0.876137512639029,0.353892821031345,0.213852376137513,5
0.395348837209302,0.725985844287159,0.558139534883721,0.282103134479272,0.441860465116279,0.609706774519717,0.900404448938321,0.265419615773509,0.659757330637007,0.0950455005055612,6
0.164812942366026,0.883720930232558,0.425682507583418,0.595551061678463,0.0394337714863498,0.440849342770475,0.937310414560162,0.724974721941355,0.965621840242669,0.333164812942366,7
0.263902932254803,0.34479271991911,0.47118301314459,0.840748230535895,0.616784630940344,0.797775530839232,0.129423660262892,0.926693629929221,0.635995955510617,0.353387259858443,8
0.0212335692618807,0.968655207280081,0.266936299292214,0.470171890798787,0.796764408493428,0.0915065722952477,0.832659251769464,0.299292214357937,0.70525783619818,0.00101112234580384,9
0.580384226491405,0.308392315470172,0.327603640040445,0.706268958543984,0.392315470171891,0.514661274014156,0.725985844287159,0.697674418604651,0.745197168857432,0.0182002022244692,10
0.480283114256825,0.0131445904954499,0.526794742163802,0.750252780586451,0.994944388270981,0.777047522750253,0.657229524772498,0.0070778564206269,0.543983822042467,0.557128412537917,0
0.763397371081901,0.0475227502527806,0.328614762386249,0.62639029322548,0.992922143579373,0.719413549039434,0.415065722952477,0.3948432760364,0.151668351870576,0.726996966632963,1
0.868554095045501,0.153690596562184,0.491911021233569,0.757330637007078,0.789686552072801,0.175429726996967,0.089989888776542,0.127906976744186,0.481294236602629,0.801314459049545,2
0.936299292214358,0.614762386248736,0.439838220424671,0.353387259858443,0.584934277047523,0.0283114256825076,0.718907987866532,0.248230535894843,0.160768452982811,0.701718907987867,3
0.801820020222447,0.772497472194135,0.674418604651163,0.133468149646107,0.0535894843276036,0.306875631951466,0.57633973710819,0.859453993933266,0.125379170879676,0.401921132457027,4
0.844287158746208,0.788675429726997,0.650151668351871,0.0935288169868554,0.314964610717897,0.361981799797776,0.588978766430738,0.541961577350859,0.0829120323559151,0.640040444893832,5
0.695652173913043,0.656723963599596,0.931243680485339,0.399393326592518,0.0444893832153691,0.0637007077856421,0.244186046511628,0.984833164812942,0.603640040444894,0.150657229524773,6
0.117795753286148,0.87360970677452,0.735085945399393,0.00202224469160768,0.291203235591507,0.486349848331648,0.90798786653185,0.791708796764409,0.679474216380182,0.109201213346815,7
0.210313447927199,0.645096056622851,0.736097067745197,0.0465116279069767,0.816986855409505,0.333164812942366,0.968655207280081,0.973205257836198,0.0556117290192113,0.420121334681496,8
0.0161779575328615,0.760869565217391,0.898887765419616,0.30535894843276,0.86046511627907,0.0404448938321537,0.776541961577351,0.560161779575329,0.0525783619817998,0.468149646107179,9
0.78159757330637,0.307381193124368,0.724469160768453,0.201213346814965,0.614256825075834,0.28412537917088,0.442871587462083,0.690091001011122,0.0262891809908999,0.549039433771486,10
0.408493427704752,0.019211324570273,0.61577350859454,0.770475227502528,0.996966632962588,0.71587462082912,0.636501516683519,0.0101112234580384,0.44994944388271,0.627401415571284,0
0.728008088978766,0.0495449949443883,0.426693629929221,0.607178968655207,0.98685540950455,0.761880687563195,0.354903943377149,0.419110212335693,0.136501516683519,0.733569261880688,1
0.882709807886754,0.151668351870576,0.330131445904955,0.774519716885743,0.845298281092012,0.217391304347826,0.138018200202224,0.0566228513650152,0.432254802831143,0.817492416582406,2
0.924671385237614,0.60262891809909,0.502022244691608,0.412537917087968,0.578361981799798,0.0141557128412538,0.727502527805865,0.214357937310415,0.275530839231547,0.585439838220425,3
0.788675429726997,0.773508594539939,0.709302325581395,0.103134479271992,0.0353892821031345,0.385743174924166,0.540444893832154,0.839231547017189,0.147623862487361,0.330637007077856,4
0.840242669362993,0.790192113245703,0.567239635995956,0.194135490394338,0.275025278058645,0.371587462082912,0.722952477249747,0.461577350859454,0.0616784630940344,0.746713852376138,5
0.700202224469161,0.671385237613751,0.935793731041456,0.44994944388271,0.0434782608695652,0.0374115267947422,0.18149646107179,0.980788675429727,0.68958543983822,0.139029322548028,6
0.0930232558139535,0.910010111223458,0.554095045500506,0.0070778564206269,0.408493427704752,0.469160768452983,0.9211324570273,0.765419615773509,0.434782608695652,0.10010111223458,7
0.18958543983822,0.610212335692619,0.832153690596562,0.0399393326592518,0.773508594539939,0.390293225480283,0.923154701718908,0.981799797775531,0.0601617795753286,0.436299292214358,8
0.0131445904954499,0.706774519716886,0.918099089989889,0.217391304347826,0.892821031344793,0.101617795753286,0.802831142568251,0.659757330637007,0.0252780586450961,0.439332659251769,9
0.726491405460061,0.417087967644085,0.599595551061679,0.228513650151668,0.652173913043478,0.270475227502528,0.507077856420627,0.56572295247725,0.00303336703741153,0.692618806875632,10
0.356926188068756,0.0242669362992922,0.617290192113246,0.801820020222447,0.995955510616785,0.733063700707786,0.652173913043478,0.0111223458038423,0.39989888776542,0.686552072800809,0
0.637512639029323,0.0525783619817998,0.540444893832154,0.621840242669363,0.990899898887765,0.735085945399393,0.17896865520728,0.364004044489383,0.174418604651163,0.744186046511628,1
0.862487360970677,0.156723963599596,0.37108190091001,0.794236602628918,0.820525783619818,0.135490394337715,0.18149646107179,0.0444893832153691,0.534883720930233,0.80788675429727,2
0.908998988877654,0.598584428715875,0.477755308392315,0.496461071789687,0.507583417593529,0.0151668351870576,0.683013144590495,0.182507583417594,0.337714863498483,0.623862487360971,3
0.765419615773509,0.775025278058645,0.657735085945399,0.111223458038423,0.0262891809908999,0.406471183013145,0.593023255813954,0.858442871587462,0.128412537917088,0.370070778564206,4
0.827098078867543,0.69464105156724,0.655712841253792,0.32355915065723,0.206268958543984,0.30535894843276,0.754802831142568,0.448938321536906,0.0601617795753286,0.749747219413549,5
0.676946410515672,0.710819009100101,0.91304347826087,0.419615773508595,0.0404448938321537,0.0313447927199191,0.26592517694641,0.982810920121335,0.599089989888777,0.096056622851365,6
0.0889787664307381,0.948432760364004,0.288675429726997,0.0131445904954499,0.57633973710819,0.46309403437816,0.956521739130435,0.677451971688574,0.308897876643074,0.0849342770475228,7
0.151668351870576,0.601617795753286,0.835187057633974,0.0293225480283114,0.831142568250758,0.55005055611729,0.816481294236603,0.912032355915066,0.0404448938321537,0.566734074823054,8
0.00808897876643074,0.576845298281092,0.9474216380182,0.151668351870576,0.897876643073812,0.219413549039434,0.760869565217391,0.884732052578362,0.0227502527805865,0.40798786653185,9
0.667340748230536,0.522244691607684,0.443882709807887,0.332659251769464,0.647118301314459,0.198179979777553,0.659757330637007,0.361981799797776,0.00505561172901921,0.810920121334681,10
0.294236602628918,0.0308392315470172,0.673407482305359,0.789686552072801,0.998988877654196,0.795753286147624,0.699696663296259,0.0222446916076845,0.381193124368049,0.728008088978766,0
0.497977755308392,0.0697674418604651,0.62891809908999,0.672396359959555,0.987866531850354,0.60262891809909,0.131445904954499,0.304347826086957,0.188068756319515,0.786653185035389,1
0.769464105156724,0.172396359959555,0.444893832153691,0.823053589484328,0.676946410515672,0.124368048533873,0.169868554095046,0.0616784630940344,0.670374115267947,0.766936299292214,2
0.903943377148635,0.599595551061679,0.461071789686552,0.479777553083923,0.537917087967644,0.0222446916076845,0.577856420626896,0.157735085945399,0.286147623862487,0.664812942366026,3
0.750252780586451,0.749241658240647,0.630434782608696,0.162285136501517,0.0182002022244692,0.266430738119312,0.677957532861476,0.894337714863498,0.163801820020222,0.299797775530839,4
0.78412537917088,0.636501516683519,0.663296258847321,0.416076845298281,0.201718907987867,0.300303336703741,0.788675429726997,0.289180990899899,0.0667340748230536,0.772497472194135,5
0.617290192113246,0.718907987866532,0.837209302325581,0.341759352881699,0.0379170879676441,0.0778564206268959,0.517694641051567,0.970677451971689,0.29221435793731,0.113751263902932,6
0.0798786653185035,0.955510616784631,0.146612740141557,0.0212335692618807,0.67896865520728,0.483316481294237,0.977755308392316,0.606673407482305,0.221435793731041,0.0980788675429727,7
0.168857431749242,0.62891809908999,0.660768452982811,0.0434782608695652,0.937310414560162,0.570778564206269,0.709807886754297,0.695146612740142,0.0171890798786653,0.682507583417594,8
0.0070778564206269,0.623862487360971,0.975733063700708,0.108190091001011,0.885743174924166,0.263902932254803,0.617290192113246,0.804853387259858,0.0414560161779575,0.417087967644085,9
0.610717896865521,0.543983822042467,0.420626895854398,0.378159757330637,0.608695652173913,0.222446916076845,0.612234580384227,0.286147623862487,0.0182002022244692,0.823053589484328,10
0.108190091001011,0.0535894843276036,0.843276036400404,0.824570273003033,1,0.80788675429727,0.559150657229525,0.0652173913043478,0.48938321536906,0.741658240647118,0
0.487360970677452,0.0798786653185035,0.578361981799798,0.689079878665319,0.988877654196158,0.520222446916077,0.164307381193124,0.255813953488372,0.145601617795753,0.848331648129424,1
0.787664307381193,0.140546006066734,0.380182002022245,0.798786653185035,0.670879676440849,0.277047522750253,0.146612740141557,0.038422649140546,0.684529828109201,0.785642062689585,2
0.895854398382204,0.576845298281092,0.488372093023256,0.544994944388271,0.430232558139535,0.0495449949443883,0.481294236602629,0.173407482305359,0.222446916076845,0.703741152679474,3
0.734580384226491,0.738119312436805,0.625884732052578,0.173913043478261,0.0202224469160768,0.168857431749242,0.733063700707786,0.866531850353893,0.283114256825076,0.230535894843276,4
0.691102123356926,0.572295247724975,0.533872598584429,0.348837209302326,0.377654196157735,0.438827098078868,0.622851365015167,0.103134479271992,0.10010111223458,0.828614762386249,5
0.558139534883721,0.740647118301314,0.721941354903943,0.264914054600607,0.0556117290192113,0.159251769464105,0.797775530839232,0.91304347826087,0.112234580384226,0.177957532861476,6
0.0808897876643074,0.949443882709808,0.121334681496461,0.0273003033367037,0.748736097067745,0.529322548028311,0.990899898887765,0.530839231547017,0.187057633973711,0.11830131445905,7
0.194135490394338,0.587462082912032,0.620323559150657,0.0626895854398382,0.961577350859454,0.56319514661274,0.470677451971689,0.585945399393327,0.0227502527805865,0.691102123356926,8
0.00101112234580384,0.68958543983822,0.983822042467139,0.122345803842265,0.837209302325581,0.240647118301314,0.438321536905966,0.778564206268959,0.0455005055611729,0.457027300303337,9
0.626895854398382,0.534883720930233,0.290192113245703,0.376643073811931,0.659757330637007,0.358442871587462,0.453488372093023,0.217391304347826,0.051567239635996,0.789180990899899,10
0.0470171890798787,0.111223458038423,0.959555106167846,0.851365015166835,0.997977755308392,0.744186046511628,0.378665318503539,0.109201213346815,0.495449949443883,0.718907987866532,0
0.51567239635996,0.0728008088978766,0.555106167846309,0.673407482305359,0.984833164812942,0.461071789686552,0.255813953488372,0.269464105156724,0.124368048533873,0.859453993933266,1
0.813953488372093,0.0920121334681496,0.361981799797776,0.758341759352882,0.790697674418605,0.236602628918099,0.392821031344793,0.0182002022244692,0.4737108190091,0.866531850353893,2
0.886248736097068,0.551061678463094,0.522750252780586,0.557128412537917,0.415065722952477,0.0586450960566229,0.445904954499494,0.210313447927199,0.190596562184024,0.771486349848332,3
0.72901921132457,0.750758341759353,0.602123356926188,0.13953488372093,0.0222446916076845,0.180990899898888,0.734580384226491,0.828109201213347,0.35793731041456,0.249747219413549,4
0.5788675429727,0.537917087967644,0.284630940343782,0.368048533872599,0.675429726996967,0.441860465116279,0.369059656218402,0.0293225480283114,0.264914054600607,0.843276036400404,5
0.513650151668352,0.696663296258847,0.632457027300303,0.134479271991911,0.131445904954499,0.309403437815976,0.836703741152679,0.802325581395349,0.127401415571284,0.148634984833165,6
0.0824064711830131,0.924165824064712,0.27098078867543,0.0151668351870576,0.67896865520728,0.407482305358948,0.991911021233569,0.557633973710819,0.394337714863499,0.199696663296259,7
0.120323559150657,0.611729019211325,0.640040444893832,0.10010111223458,0.976744186046512,0.578361981799798,0.237108190091001,0.383215369059656,0.150657229524773,0.659251769464105,8
0,0.703741152679474,0.945399393326593,0.130940343781598,0.87360970677452,0.263902932254803,0.599595551061679,0.832659251769464,0.0273003033367037,0.409504550050556,9
0.684529828109201,0.460060667340748,0.406976744186047,0.311931243680485,0.648129423660263,0.400910010111223,0.593023255813954,0.336198179979778,0.0202224469160768,0.712841253791709,10
0.00910010111223458,0.622851365015167,0.997977755308392,0.972699696663296,0.527805864509606,0.0161779575328615,0.116784630940344,0.379170879676441,0.669362992922144,0.842264914054601,0
0.123356926188069,0.419615773508595,0.939332659251769,0.794236602628918,0.943882709807887,0.0131445904954499,0.0131445904954499,0.089989888776542,0.285136501516684,0.94994944388271,1
0.296764408493428,0.191102123356926,0.762386248736097,0.832153690596562,0.769464105156724,0.0101112234580384,0.132457027300303,0.106167846309403,0.440849342770475,0.973205257836198,2
0.38422649140546,0.293225480283114,0.47118301314459,0.400910010111223,0.430232558139535,0.212335692618807,0.70273003033367,0.611729019211325,0.321536905965622,0.844287158746208,3
0.666329625884732,0.658240647118301,0.138523761375126,0.198179979777553,0.259352881698686,0.456016177957533,0.996966632962588,0.0546006066734075,0.278564206268959,0.610717896865521,4
0.504550050556117,0.531850353892821,0.103134479271992,0.408493427704752,0.302831142568251,0.479271991911021,0.810920121334681,0.200202224469161,0.324570273003033,0.902932254802831,5
0.298281092012133,0.815470171890799,0.38675429726997,0.0864509605662285,0.304853387259858,0.256825075834176,0.949443882709808,0.840242669362993,0,0.649140546006067,6
0.0915065722952477,0.995955510616785,0.37360970677452,0.00101112234580384,0.554095045500506,0.534883720930233,0.66582406471183,0.920121334681496,0.0793731041456016,0.431243680485339,7
0.0758341759352882,0.975733063700708,0.572295247724975,0.00404448938321537,0.832659251769464,0.537411526794742,0.38675429726997,0.48685540950455,0.0566228513650152,0.582406471183013,8
0.019211324570273,0.991911021233569,0.504550050556117,0.070778564206269,0.571284125379171,0.0455005055611729,0.965621840242669,0.211324570273003,0.143579373104146,0.745197168857432,9
0.146612740141557,0.647623862487361,0.711324570273003,0.154196157735086,0.720930232558139,0.337209302325581,0.155712841253792,0.163801820020222,0.423154701718908,0.911021233569262,10
0.00505561172901921,0.65267947421638,0.998988877654196,0.962588473205258,0.518705763397371,0.0394337714863498,0.0586450960566229,0.431749241658241,0.732558139534884,0.78159757330637,0
0.0859453993933266,0.584428715874621,0.919110212335693,0.831142568250758,0.814964610717897,0,0.0252780586450961,0.0844287158746208,0.524772497472194,0.992922143579373,1
0.223963599595551,0.255813953488372,0.805864509605662,0.78159757330637,0.770475227502528,0.00505561172901921,0.128412537917088,0.137007077856421,0.532861476238625,0.976744186046512,2
0.332659251769464,0.295247724974722,0.497977755308392,0.406471183013145,0.5,0.224469160768453,0.62891809908999,0.61577350859454,0.327098078867543,0.826592517694641,3
0.573306370070779,0.634984833164813,0.157735085945399,0.226996966632963,0.193629929221436,0.483316481294237,0.998988877654196,0.0722952477249747,0.334681496461072,0.5262891809909,4
0.411526794742164,0.533367037411527,0.169868554095046,0.395854398382204,0.24469160768453,0.412032355915066,0.861476238624874,0.38422649140546,0.249747219413549,0.877654196157735,5
0.250758341759353,0.852376137512639,0.396865520728008,0.0485338725985844,0.366026289180991,0.346309403437816,0.900404448938321,0.877654196157735,0.00101112234580384,0.71587462082912,6
0.0697674418604651,0.993933265925177,0.204752275025278,0,0.739130434782609,0.76845298281092,0.548028311425683,0.825581395348837,0.0328614762386249,0.496461071789687,7
0.0728008088978766,0.972699696663296,0.357431749241658,0.0182002022244692,0.916076845298281,0.486349848331648,0.51314459049545,0.390798786653185,0.00404448938321537,0.57633973710819,8
0.0171890798786653,0.994944388270981,0.561172901921132,0.0141557128412538,0.597067745197169,0.0571284125379171,0.914560161779575,0.457027300303337,0.206774519716886,0.705763397371082,9
0.12639029322548,0.646107178968655,0.646612740141557,0.219413549039434,0.726491405460061,0.335692618806876,0.199191102123357,0.139029322548028,0.392315470171891,0.946410515672396,10
0.00303336703741153,0.608190091001011,0.996966632962588,0.978766430738119,0.342264914054601,0.0348837209302326,0.0717896865520728,0.39737108190091,0.785642062689585,0.752275025278059,0
0.0839231547017189,0.494438827098079,0.903437815975733,0.938321536905966,0.792719919110212,0.00202224469160768,0.0728008088978766,0.0303336703741153,0.411526794742164,1,1
0.177957532861476,0.254802831142568,0.81850353892821,0.755813953488372,0.849848331648129,0.00404448938321537,0.1051567239636,0.198179979777553,0.503538928210313,0.990899898887765,2
0.341759352881699,0.291203235591507,0.405460060667341,0.34479271991911,0.622345803842265,0.359959555106168,0.431243680485339,0.61830131445905,0.320525783619818,0.893326592517695,3
0.406471183013145,0.633973710819009,0.207280080889788,0.223458038422649,0.238624873609707,0.375631951466127,1,0.070778564206269,0.444388270980789,0.595551061678463,4
0.29221435793731,0.526794742163802,0.261375126390293,0.428715874620829,0.266430738119312,0.409504550050556,0.804853387259858,0.392315470171891,0.356926188068756,0.870070778564206,5
0.216380182002022,0.829120323559151,0.532861476238625,0.0252780586450961,0.402426693629929,0.425176946410516,0.794236602628918,0.862487360970677,0.0444893832153691,0.68958543983822,6
0.0652173913043478,0.992922143579373,0.0910010111223458,0.00505561172901921,0.871587462082912,0.732052578361982,0.608695652173913,0.644084934277047,0.0920121334681496,0.547522750252781,7
0.0687563195146613,0.970677451971689,0.281092012133468,0.0495449949443883,0.903943377148635,0.433265925176946,0.697674418604651,0.366026289180991,0.0374115267947422,0.483822042467139,8
0.0141557128412538,0.997977755308392,0.307381193124368,0.00303336703741153,0.750252780586451,0.123356926188069,0.887765419615773,0.399393326592518,0.180990899898888,0.856420626895854,9
0.135490394337715,0.558139534883721,0.474216380182002,0.333670374115268,0.857431749241658,0.367542972699697,0.261880687563195,0.119817997977755,0.377654196157735,0.868554095045501,10
0.00404448938321537,0.562184024266936,0.994944388270981,0.988372093023256,0.267947421638018,0.0121334681496461,0.120323559150657,0.338725985844287,0.835187057633974,0.707280080889788,0
0.0980788675429727,0.336198179979778,0.893832153690597,0.964610717896865,0.884732052578362,0.0070778564206269,0.0879676440849343,0.0424671385237614,0.277047522750253,0.993933265925177,1
0.136501516683519,0.274014155712841,0.767947421638018,0.779575328614762,0.853387259858443,0.0187057633973711,0.18958543983822,0.132457027300303,0.464105156723964,0.922143579373104,2
0.359959555106168,0.289180990899899,0.259858442871587,0.369059656218402,0.614256825075834,0.43680485338726,0.5262891809909,0.544489383215369,0.272497472194136,0.92618806875632,3
0.273508594539939,0.664307381193124,0.332153690596562,0.122345803842265,0.409504550050556,0.201718907987867,0.995955510616785,0.204246713852376,0.527300303336704,0.644084934277047,4
0.277047522750253,0.437815975733064,0.184024266936299,0.505055611729019,0.405965621840243,0.565217391304348,0.752780586450961,0.204246713852376,0.39737108190091,0.903943377148635,5
0.230535894843276,0.806875631951466,0.453993933265925,0.0121334681496461,0.564711830131446,0.610717896865521,0.715369059656218,0.766936299292214,0.0141557128412538,0.668857431749242,6
0.0728008088978766,0.990899898887765,0.0202224469160768,0.0303336703741153,0.941354903943377,0.706774519716886,0.705763397371082,0.505561172901921,0.107178968655207,0.555106167846309,7
0.0566228513650152,0.974721941354904,0.389787664307381,0.0227502527805865,0.890798786653185,0.46309403437816,0.583923154701719,0.415065722952477,0.0540950455005056,0.514155712841254,8
0.0101112234580384,0.996966632962588,0.433771486349848,0.019211324570273,0.607684529828109,0.131445904954499,0.720930232558139,0.259858442871587,0.586450960566228,0.650657229524772,9
0.150657229524773,0.492416582406471,0.398887765419616,0.346309403437816,0.919110212335693,0.343781597573306,0.284630940343782,0.233063700707786,0.359453993933266,0.779575328614762,10
0.00202224469160768,0.552072800808898,0.991911021233569,0.975733063700708,0.364004044489383,0.0202224469160768,0.038422649140546,0.316481294236603,0.901921132457027,0.684529828109201,0
0.0824064711830131,0.336198179979778,0.915065722952477,0.86046511627907,0.928715874620829,0.00808897876643074,0.051567239635996,0.117795753286148,0.252780586450961,0.983316481294237,1
0.0980788675429727,0.30535894843276,0.745197168857432,0.792719919110212,0.73154701718908,0.0889787664307381,0.260869565217391,0.0824064711830131,0.511122345803842,0.84732052578362,2
0.344287158746208,0.265419615773509,0.252780586450961,0.486349848331648,0.445904954499494,0.47623862487361,0.72901921132457,0.518705763397371,0.240141557128413,0.929221435793731,3
0.261880687563195,0.640040444893832,0.211324570273003,0.127906976744186,0.571284125379171,0.409504550050556,0.983822042467139,0.114256825075834,0.47118301314459,0.704752275025278,4
0.222446916076845,0.441860465116279,0.125379170879676,0.539939332659252,0.568250758341759,0.477249747219414,0.740141557128413,0.216380182002022,0.316481294236603,0.983316481294237,5
0.247219413549039,0.795753286147624,0.255813953488372,0.0505561172901921,0.591001011122346,0.474216380182002,0.911021233569262,0.710819009100101,0.00808897876643074,0.646107178968655,6
0.0748230535894843,0.989888776541962,0.0252780586450961,0.0171890798786653,0.87360970677452,0.675935288169869,0.803842264914055,0.632457027300303,0.142568250758342,0.537917087967644,7
0.0505561172901921,0.981799797775531,0.537917087967644,0.0101112234580384,0.815975733063701,0.439838220424671,0.465116279069767,0.507077856420627,0.0328614762386249,0.614762386248736,8
0.0111223458038423,1,0.0313447927199191,0.157735085945399,0.806875631951466,0.236602628918099,0.485844287158746,0.0455005055611729,0.588473205257836,0.768958543983822,9
0.130434782608696,0.469160768452983,0.463599595551062,0.294236602628918,0.940343781597573,0.374115267947422,0.228513650151668,0.276036400404449,0.469666329625885,0.693629929221436,10
0.00606673407482305,0.525278058645096,0.990899898887765,0.939332659251769,0.421638018200202,0.0232558139534884,0.0242669362992922,0.207280080889788,0.927704752275025,0.675429726996967,0
0.0591506572295248,0.429726996966633,0.927199191102123,0.791203235591507,0.888776541961577,0.00303336703741153,0.0647118301314459,0.17896865520728,0.34732052578362,0.969666329625885,1
0.0788675429726997,0.285136501516684,0.772497472194135,0.804853387259858,0.759352881698686,0.0465116279069767,0.374620829120324,0.167846309403438,0.418604651162791,0.845298281092012,2
0.344287158746208,0.231041456016178,0.194135490394338,0.599089989888777,0.28412537917088,0.603640040444894,0.834681496461072,0.405460060667341,0.405460060667341,0.870070778564206,3
0.350859453993933,0.591506572295248,0.076845298281092,0.215369059656218,0.505055611729019,0.639029322548028,0.9737108190091,0.0758341759352882,0.39989888776542,0.760869565217391,4
0.148129423660263,0.447927199191102,0.117290192113246,0.574317492416582,0.673407482305359,0.366026289180991,0.784630940343782,0.244186046511628,0.353892821031345,0.945399393326593,5
0.174924165824065,0.78412537917088,0.315975733063701,0.17644084934277,0.377654196157735,0.268958543983822,0.967644084934277,0.661274014155713,0.0161779575328615,0.708796764408493,6
0.0631951466127401,0.984833164812942,0.0819009100101112,0.00606673407482305,0.773508594539939,0.647118301314459,0.783619817997978,0.699696663296259,0.317492416582406,0.558139534883721,7
0.051567239635996,0.982810920121335,0.342770475227503,0.0242669362992922,0.925682507583418,0.494944388270981,0.253791708796764,0.359959555106168,0.0353892821031345,0.678463094034378,8
0.0121334681496461,0.998988877654196,0.0475227502527806,0.148634984833165,0.855409504550051,0.241658240647118,0.315470171890799,0.0697674418604651,0.518200202224469,0.722952477249747,9
0.107178968655207,0.48432760364004,0.546511627906977,0.193124368048534,0.946410515672396,0.367542972699697,0.153185035389282,0.336198179979778,0.643073811931244,0.730030333670374,10
0.993933265925177,0.0070778564206269,0.0131445904954499,0.629929221435794,0.623862487360971,0.817997977755308,0.970677451971689,0.935288169868554,0.503538928210313,0.29726996966633,0
0.745197168857432,0.0505561172901921,0.514661274014156,0.521739130434783,0.852376137512639,0.951466127401416,0.673913043478261,0.451971688574317,0.444388270980789,0.213852376137513,1
0.793225480283114,0.149646107178969,0.482305358948433,0.428715874620829,0.882709807886754,0.645096056622851,0.345298281092012,0.415065722952477,0.450960566228514,0.109201213346815,2
0.948938321536906,0.456016177957533,0.171890798786653,0.0424671385237614,0.609706774519717,0.205763397371082,0.299292214357937,0.428715874620829,0.697168857431749,0.432760364004044,3
0.721941354903943,0.849342770475228,0.528311425682508,0.347826086956522,0.17644084934277,0.270475227502528,0.420121334681496,0.933265925176946,0.817492416582406,0.295247724974722,4
0.790697674418605,0.314459049544995,0.875631951466127,0.588978766430738,0.271486349848332,0.414560161779575,0.141051567239636,0.715369059656218,0.957532861476239,0.474721941354904,5
0.680485338725986,0.265419615773509,0.933771486349848,0.879170879676441,0.220424671385238,0.285642062689585,0.0161779575328615,0.435793731041456,0.887765419615773,0.9474216380182,6
0.27906976744186,0.902932254802831,0.838220424671385,0.104145601617796,0.0111223458038423,0.425176946410516,0.240647118301314,0.961071789686552,0.958543983822042,0.806875631951466,7
0.266936299292214,0.29726996966633,0.94994944388271,0.716885743174924,0.117290192113246,0.541961577350859,0.057633973710819,0.356926188068756,0.840748230535895,0.980788675429727,8
0.0151668351870576,0.385237613751264,0.9737108190091,0.785642062689585,0.31850353892821,0.526794742163802,0.147623862487361,0.145601617795753,0.545500505561173,0.991911021233569,9
0.635995955510617,0.157735085945399,0.718907987866532,0.386248736097068,0.287158746208291,0.792719919110212,0.27906976744186,0.852376137512639,0.972699696663296,0.733569261880688,10
0.995955510616785,0.00606673407482305,0.00606673407482305,0.666329625884732,0.657735085945399,0.832153690596562,0.979777553083923,0.978766430738119,0.656218402426694,0.338725985844287,0
0.79474216380182,0.076845298281092,0.346309403437816,0.452982810920121,0.83417593528817,0.946410515672396,0.711324570273003,0.695146612740142,0.657735085945399,0.216885743174924,1
0.739130434782609,0.155712841253792,0.610212335692619,0.502022244691608,0.868048533872599,0.68958543983822,0.187057633973711,0.280586450960566,0.448938321536906,0.124368048533873,2
0.955510616784631,0.422143579373104,0.231041456016178,0.0596562184024267,0.508594539939333,0.302831142568251,0.267441860465116,0.564206268958544,0.728008088978766,0.478260869565217,3
0.710313447927199,0.842264914054601,0.52376137512639,0.42366026289181,0.167340748230536,0.143073811931244,0.424671385237614,0.915065722952477,0.859453993933266,0.342264914054601,4
0.757330637007078,0.412537917087968,0.849342770475228,0.47623862487361,0.245702730030334,0.455005055611729,0.31850353892821,0.728513650151668,0.940343781597573,0.336703741152679,5
0.689079878665319,0.25783619817998,0.942366026289181,0.932760364004044,0.229524772497472,0.317997977755308,0.0182002022244692,0.455005055611729,0.865015166835187,0.959555106167846,6
0.27098078867543,0.884732052578362,0.857431749241658,0.220424671385238,0.0161779575328615,0.249241658240647,0.208291203235591,0.958543983822042,0.918099089989889,0.910010111223458,7
0.239635995955511,0.597573306370071,0.943377148634985,0.579373104145602,0.154701718907988,0.535894843276036,0.0626895854398382,0.464105156723964,0.869565217391304,0.88169868554095,8
0.0242669362992922,0.266936299292214,0.965621840242669,0.912032355915066,0.343781597573306,0.530839231547017,0.16582406471183,0.127906976744186,0.412537917087968,0.998988877654196,9
0.5788675429727,0.134479271991911,0.737108190091001,0.461071789686552,0.30788675429727,0.789686552072801,0.252780586450961,0.812942366026289,0.956016177957533,0.737613751263903,10
0.9474216380182,0.00202224469160768,0.0404448938321537,0.808392315470172,0.813953488372093,0.850353892821031,0.987866531850354,0.954499494438827,0.462082912032356,0.263902932254803,0
0.935288169868554,0.0839231547017189,0.164307381193124,0.295247724974722,0.627906976744186,0.924165824064712,0.736097067745197,0.919110212335693,0.862487360970677,0.455005055611729,1
0.719919110212336,0.123862487360971,0.75530839231547,0.533872598584429,0.779069767441861,0.783619817997978,0.17644084934277,0.249747219413549,0.446916076845298,0.289180990899899,2
0.952477249747219,0.288169868554095,0.357431749241658,0.0748230535894843,0.478766430738119,0.314964610717897,0.185035389282103,0.686046511627907,0.783619817997978,0.470171890798787,3
0.678463094034378,0.79474216380182,0.697674418604651,0.453993933265925,0.179474216380182,0.185035389282103,0.288169868554095,0.887765419615773,0.943882709807887,0.381193124368049,4
0.74216380182002,0.388776541961577,0.862487360970677,0.442871587462083,0.14206268958544,0.596562184024267,0.540444893832154,0.647118301314459,0.849342770475228,0.328614762386249,5
0.740141557128413,0.203235591506572,0.932254802831143,0.96056622851365,0.260869565217391,0.346309403437816,0.0121334681496461,0.412537917087968,0.84732052578362,0.989888776541962,6
0.249747219413549,0.835187057633974,0.892315470171891,0.349848331648129,0.0313447927199191,0.108190091001011,0.13953488372093,0.90798786653185,0.915065722952477,0.938321536905966,7
0.275025278058645,0.485844287158746,0.989888776541962,0.729524772497472,0.125884732052578,0.505561172901921,0.23154701718908,0.477249747219414,0.763397371081901,0.951971688574317,8
0.0273003033367037,0.247219413549039,0.957532861476239,0.92618806875632,0.376137512639029,0.598078867542973,0.134479271991911,0.0920121334681496,0.42618806875632,0.995955510616785,9
0.587462082912032,0.121840242669363,0.696157735085945,0.440343781597573,0.326592517694641,0.710313447927199,0.239635995955511,0.754297269969666,0.929221435793731,0.774014155712841,10
0.708796764408493,0.00303336703741153,0.272497472194136,0.959555106167846,0.854398382204247,0.861476238624874,0.972699696663296,0.75530839231547,0.183013144590495,0.172901921132457,0
0.985844287158746,0.0778564206268959,0.199191102123357,0.212335692618807,0.336703741152679,0.895854398382204,0.617290192113246,0.922649140546006,0.906976744186046,0.645096056622851,1
0.755813953488372,0.147623862487361,0.652173913043478,0.537917087967644,0.799797775530839,0.816481294236603,0.230535894843276,0.452982810920121,0.477755308392315,0.269969666329626,2
0.945399393326593,0.217391304347826,0.396865520728008,0.0970677451971689,0.552072800808898,0.343781597573306,0.186046511627907,0.648129423660263,0.792719919110212,0.452982810920121,3
0.618806875631951,0.736097067745197,0.732052578361982,0.506572295247725,0.219413549039434,0.115267947421638,0.250758341759353,0.822548028311426,0.950455005055612,0.413549039433771,4
0.710313447927199,0.300303336703741,0.892315470171891,0.586450960566228,0.1051567239636,0.633973710819009,0.535389282103135,0.630940343781598,0.787664307381193,0.382709807886754,5
0.802831142568251,0.14206268958544,0.92618806875632,0.979777553083923,0.313447927199191,0.385743174924166,0.0171890798786653,0.327098078867543,0.806875631951466,0.997977755308392,6
0.205763397371082,0.822042467138524,0.864509605662285,0.380687563195147,0.0687563195146613,0.0687563195146613,0.0606673407482305,0.816986855409505,0.927704752275025,0.979777553083923,7
0.289180990899899,0.453993933265925,0.964610717896865,0.622851365015167,0.102123356926188,0.614256825075834,0.474721941354904,0.673913043478261,0.813953488372093,0.968655207280081,8
0.0399393326592518,0.19211324570273,0.953488372093023,0.984833164812942,0.368554095045501,0.572295247724975,0.171890798786653,0.0970677451971689,0.291203235591507,0.996966632962588,9
0.511627906976744,0.21840242669363,0.594539939332659,0.407482305358948,0.416582406471183,0.640546006066734,0.304347826086957,0.779575328614762,0.875126390293225,0.721941354903943,10
0.430232558139535,0.00910010111223458,0.584428715874621,0.922143579373104,0.904954499494439,0.825075834175935,0.878159757330637,0.470171890798787,0.170374115267947,0.170374115267947,0
0.969666329625885,0.057633973710819,0.282103134479272,0.309403437815976,0.358442871587462,0.925176946410516,0.596056622851365,0.916076845298281,0.846309403437816,0.598584428715875,1
0.940343781597573,0.14206268958544,0.365520728008089,0.395854398382204,0.659757330637007,0.82103134479272,0.34732052578362,0.769969666329626,0.70525783619818,0.355409504550051,2
0.912032355915066,0.195146612740142,0.440849342770475,0.154196157735086,0.672396359959555,0.398382204246714,0.168857431749242,0.603134479271992,0.734580384226491,0.377654196157735,3
0.549039433771486,0.687563195146613,0.778564206268959,0.529828109201213,0.264914054600607,0.0965621840242669,0.216380182002022,0.707280080889788,0.943882709807887,0.473205257836198,4
0.637512639029323,0.341759352881699,0.885237613751264,0.573306370070779,0.156723963599596,0.73407482305359,0.487866531850354,0.594539939332659,0.686046511627907,0.389787664307381,5
0.698179979777553,0.188068756319515,0.941354903943377,0.976744186046512,0.253791708796764,0.38169868554095,0.0141557128412538,0.403437815975733,0.882204246713852,0.987866531850354,6
0.203235591506572,0.885743174924166,0.824064711830131,0.325075834175935,0.0758341759352882,0.0647118301314459,0.0434782608695652,0.797775530839232,0.917087967644085,0.939838220424671,7
0.282103134479272,0.505561172901921,0.910010111223458,0.518705763397371,0.172901921132457,0.712841253791709,0.263902932254803,0.719919110212336,0.90798786653185,0.897876643073812,8
0.0485338725985844,0.177957532861476,0.958543983822042,0.997977755308392,0.36046511627907,0.395854398382204,0.188068756319515,0.150657229524773,0.182002022244692,0.988877654196158,9
0.426693629929221,0.461071789686552,0.34479271991911,0.477249747219414,0.644084934277047,0.65520728008089,0.596056622851365,0.749241658240647,0.801820020222447,0.380182002022245,10
0.447927199191102,0.0111223458038423,0.534883720930233,0.827098078867543,0.964610717896865,0.836703741152679,0.696157735085945,0.48685540950455,0.241658240647118,0.107178968655207,0
0.888776541961577,0.0712841253791709,0.401415571284125,0.424671385237614,0.512639029322548,0.953488372093023,0.62891809908999,0.906976744186046,0.83417593528817,0.493427704752275,1
0.989888776541962,0.127401415571284,0.411021233569262,0.28412537917088,0.490394337714864,0.786653185035389,0.355915065722952,0.751263902932255,0.875126390293225,0.547522750252781,2
0.857431749241658,0.204246713852376,0.466127401415571,0.260869565217391,0.741152679474216,0.38169868554095,0.102123356926188,0.501516683518706,0.641051567239636,0.348837209302326,3
0.58948432760364,0.593528816986855,0.811931243680485,0.594539939332659,0.240647118301314,0.199696663296259,0.136501516683519,0.747724974721941,0.952982810920121,0.434782608695652,4
0.675429726996967,0.346309403437816,0.813953488372093,0.433771486349848,0.189079878665319,0.865520728008089,0.496461071789687,0.63953488372093,0.677451971688574,0.433771486349848,5
0.525783619817998,0.380687563195147,0.968655207280081,0.880687563195147,0.136501516683519,0.297775530839232,0.0267947421638018,0.544489383215369,0.949443882709808,0.93680485338726,6
0.226996966632963,0.976744186046512,0.748230535894843,0.195146612740142,0.0920121334681496,0.0940343781597573,0.070778564206269,0.936299292214358,0.8948432760364,0.802831142568251,7
0.23154701718908,0.571284125379171,0.865520728008089,0.512639029322548,0.252780586450961,0.753286147623862,0.0935288169868554,0.733063700707786,0.852881698685541,0.707280080889788,8
0.0338725985844287,0.227502527805864,0.972194135490394,0.996966632962588,0.382204246713852,0.437815975733064,0.183013144590495,0.129929221435794,0.167846309403438,0.975733063700708,9
0.430232558139535,0.519716885743175,0.295247724974722,0.413549039433771,0.809908998988878,0.649140546006067,0.746208291203236,0.690091001011122,0.892315470171891,0.299797775530839,10
0.503538928210313,0.0677451971688574,0.16582406471183,0.903437815975733,0.766936299292214,0.968655207280081,0.64206268958544,0.682507583417594,0.108695652173913,0.191102123356926,0
0.46309403437816,0.226491405460061,0.375126390293225,0.874620829120324,0.641051567239636,0.727502527805865,0.378665318503539,0.578361981799798,0.119312436804853,0.199696663296259,1
0.893832153690597,0.190091001011122,0.0879676440849343,0.582406471183013,0.282103134479272,0.364004044489383,0.405460060667341,0.761375126390293,0.333670374115268,0.581395348837209,2
0.90798786653185,0.443882709807887,0.184024266936299,0.55005055611729,0.0793731041456016,0.452982810920121,0.684529828109201,0.280586450960566,0.511122345803842,0.249747219413549,3
0.679474216380182,0.77098078867543,0.0096056622851365,0.382204246713852,0.248736097067745,0.660262891809909,0.718907987866532,0.193629929221436,0.572295247724975,0.532355915065723,4
0.774014155712841,0.670374115267947,0.17896865520728,0.327603640040445,0.183518705763397,0.259858442871587,0.531344792719919,0.722952477249747,0.340748230535895,0.474721941354904,5
0.452982810920121,0.785642062689585,0.312436804853387,0.142568250758342,0.155712841253792,0.631951466127401,0.743174924165824,0.807381193124368,0.360970677451972,0.173913043478261,6
0.187057633973711,0.964610717896865,0.570273003033367,0.353387259858443,0.0647118301314459,0.252780586450961,0.764914054600607,0.604651162790698,0.938321536905966,0.519211324570273,7
0.154701718907988,0.779575328614762,0.364004044489383,0.313447927199191,0.268958543983822,0.851365015166835,0.359453993933266,0.53943377148635,0.725985844287159,0.210313447927199,8
0.0444893832153691,0.84732052578362,0.728008088978766,0.560161779575329,0.269969666329626,0.77098078867543,0.392821031344793,0.293225480283114,0.956016177957533,0.483822042467139,9
0.30535894843276,0.49747219413549,0.365520728008089,0.548028311425683,0.433265925176946,0.627906976744186,0.667340748230536,0.667340748230536,0.224974721941355,0.362487360970677,10
0.561172901921132,0.0637007077856421,0.129929221435794,0.861476238624874,0.751263902932255,0.983822042467139,0.648129423660263,0.802325581395349,0.070778564206269,0.249747219413549,0
0.437310414560162,0.232558139534884,0.392821031344793,0.865520728008089,0.619817997977755,0.739130434782609,0.466632962588473,0.519716885743175,0.212335692618807,0.0662285136501517,1
0.904954499494439,0.180990899898888,0.0778564206268959,0.583417593528817,0.290192113245703,0.330131445904955,0.410010111223458,0.809403437815976,0.372598584428716,0.559656218402427,2
0.917087967644085,0.432760364004044,0.221435793731041,0.559150657229525,0.0985844287158746,0.356420626895854,0.775025278058645,0.241658240647118,0.573306370070779,0.211830131445905,3
0.674418604651163,0.764408493427705,0.0182002022244692,0.388270980788675,0.169362992922144,0.780586450960566,0.546006066734075,0.266936299292214,0.540444893832154,0.508594539939333,4
0.778564206268959,0.661274014155713,0.224469160768453,0.350859453993933,0.193629929221436,0.251769464105157,0.434782608695652,0.795247724974722,0.243174924165824,0.544994944388271,5
0.477249747219414,0.809908998988878,0.164307381193124,0.137007077856421,0.234580384226491,0.670374115267947,0.762386248736097,0.684529828109201,0.336198179979778,0.15267947421638,6
0.195146612740142,0.971688574317492,0.48685540950455,0.343781597573306,0.0424671385237614,0.543983822042467,0.669868554095046,0.713346814964611,0.905460060667341,0.40798786653185,7
0.144084934277048,0.838220424671385,0.174418604651163,0.366026289180991,0.389282103134479,0.86046511627907,0.191607684529828,0.680485338725986,0.469666329625885,0.156723963599596,8
0.038422649140546,0.871587462082912,0.691102123356926,0.581395348837209,0.210313447927199,0.877654196157735,0.0758341759352882,0.634479271991911,0.804853387259858,0.405965621840243,9
0.313447927199191,0.487360970677452,0.437310414560162,0.503538928210313,0.458038422649141,0.679474216380182,0.646612740141557,0.64206268958544,0.269464105156724,0.335187057633974,10
0.584428715874621,0.0586450960566229,0.128412537917088,0.870576339737108,0.761375126390293,0.979777553083923,0.605662285136502,0.791708796764409,0.0717896865520728,0.251769464105157,0
0.387765419615773,0.260869565217391,0.438827098078868,0.830131445904954,0.635995955510617,0.754802831142568,0.441354903943377,0.52376137512639,0.220424671385238,0.051567239635996,1
0.922143579373104,0.179474216380182,0.0970677451971689,0.565217391304348,0.350353892821031,0.258847320525784,0.431243680485339,0.728513650151668,0.475733063700708,0.462588473205258,2
0.923154701718908,0.398382204246714,0.24469160768453,0.591506572295248,0.0621840242669363,0.385743174924166,0.715369059656218,0.312942366026289,0.594034378159757,0.187563195146613,3
0.662285136501517,0.753286147623862,0.0111223458038423,0.395854398382204,0.196157735085945,0.785136501516684,0.567745197168857,0.201213346814965,0.61324570273003,0.53690596562184,4
0.78412537917088,0.64206268958544,0.262891809908999,0.392821031344793,0.197168857431749,0.280586450960566,0.399393326592518,0.793731041456016,0.249747219413549,0.534378159757331,5
0.490394337714864,0.851365015166835,0.0717896865520728,0.110212335692619,0.425682507583418,0.724469160768453,0.649646107178969,0.619817997977755,0.198179979777553,0.247219413549039,6
0.183518705763397,0.969666329625885,0.507583417593529,0.314964610717897,0.0171890798786653,0.746713852376138,0.521739130434783,0.896359959555106,0.654701718907988,0.429726996966633,7
0.144084934277048,0.874620829120324,0.096056622851365,0.459049544994944,0.521739130434783,0.848331648129424,0.160768452982811,0.656218402426694,0.361981799797776,0.147623862487361,8
0.0364004044489383,0.900910010111223,0.699696663296259,0.584934277047523,0.170879676440849,0.88675429726997,0.0793731041456016,0.612740141557128,0.760364004044489,0.389787664307381,9
0.306370070778564,0.503538928210313,0.400404448938322,0.499494438827098,0.466632962588473,0.76592517694641,0.588978766430738,0.531850353892821,0.266936299292214,0.348837209302326,10
0.575328614762386,0.0606673407482305,0.142568250758342,0.875631951466127,0.758341759352882,0.987866531850354,0.579373104145602,0.743174924165824,0.0657229524772497,0.19211324570273,0
0.355409504550051,0.290192113245703,0.467138523761375,0.812942366026289,0.640040444893832,0.785136501516684,0.418099089989889,0.516683518705763,0.175935288169869,0.105662285136502,1
0.931749241658241,0.172396359959555,0.106167846309403,0.578361981799798,0.330131445904955,0.275530839231547,0.449443882709808,0.699696663296259,0.530839231547017,0.374115267947422,2
0.92618806875632,0.373104145601618,0.243680485338726,0.577350859453994,0.0657229524772497,0.255813953488372,0.809908998988878,0.308897876643074,0.616279069767442,0.196157735085945,3
0.670374115267947,0.739130434782609,0.0171890798786653,0.353387259858443,0.195146612740142,0.828614762386249,0.412537917087968,0.303336703741153,0.566228513650152,0.552072800808898,4
0.767441860465116,0.606673407482305,0.261375126390293,0.38422649140546,0.226491405460061,0.389282103134479,0.411526794742164,0.732052578361982,0.31041456016178,0.480283114256825,5
0.497977755308392,0.853387259858443,0.0626895854398382,0.188068756319515,0.396865520728008,0.58695652173913,0.760869565217391,0.668857431749242,0.162790697674419,0.223963599595551,6
0.175935288169869,0.9737108190091,0.513650151668352,0.298281092012133,0.0212335692618807,0.688574317492417,0.577856420626896,0.844287158746208,0.728008088978766,0.393326592517695,7
0.13953488372093,0.890798786653185,0.0869565217391304,0.511627906976744,0.620829120323559,0.761880687563195,0.357431749241658,0.409504550050556,0.634479271991911,0.0738119312436805,8
0.0303336703741153,0.880182002022245,0.749241658240647,0.588978766430738,0.199191102123357,0.741658240647118,0.449443882709808,0.245702730030334,0.908998988877654,0.477249747219414,9
0.304347826086957,0.511627906976744,0.418604651162791,0.507583417593529,0.46309403437816,0.806370070778564,0.519716885743175,0.496461071789687,0.297775530839232,0.384732052578362,10
0.535389282103135,0.0712841253791709,0.149140546006067,0.891809908998989,0.757330637007078,0.991911021233569,0.533872598584429,0.664307381193124,0.0839231547017189,0.113751263902932,0
0.308392315470172,0.326592517694641,0.489888776541962,0.838725985844287,0.634479271991911,0.774519716885743,0.372093023255814,0.5,0.089989888776542,0.232558139534884,1
0.924671385237614,0.158746208291203,0.0930232558139535,0.620829120323559,0.34479271991911,0.295247724974722,0.443882709807887,0.717896865520728,0.547017189079879,0.428210313447927,2
0.918604651162791,0.38422649140546,0.231041456016178,0.542972699696663,0.076845298281092,0.243174924165824,0.84732052578362,0.305864509605662,0.586450960566228,0.228513650151668,3
0.669362992922144,0.716885743174924,0.0293225480283114,0.302325581395349,0.186046511627907,0.754802831142568,0.664307381193124,0.333164812942366,0.596562184024267,0.464105156723964,4
0.713852376137513,0.574317492416582,0.206268958543984,0.361476238624874,0.312436804853387,0.422143579373104,0.466632962588473,0.672396359959555,0.383215369059656,0.424671385237614,5
0.485338725985844,0.836198179979778,0.0419615773508595,0.199191102123357,0.427704752275025,0.646107178968655,0.730030333670374,0.581900910010111,0.171890798786653,0.266936299292214,6
0.166329625884732,0.978766430738119,0.510111223458038,0.307381193124368,0.0252780586450961,0.589989888776542,0.431243680485339,0.878665318503539,0.814964610717897,0.455005055611729,7
0.125379170879676,0.91304347826087,0.0940343781597573,0.492416582406471,0.804853387259858,0.693629929221436,0.380182002022245,0.158746208291203,0.603640040444894,0.146612740141557,8
0.0262891809908999,0.895854398382204,0.738119312436805,0.566228513650152,0.273003033367037,0.594539939332659,0.564206268958544,0.184024266936299,0.916076845298281,0.544994944388271,9
0.303336703741153,0.569261880687563,0.348837209302326,0.514155712841254,0.546511627906977,0.803842264914055,0.50252780586451,0.433771486349848,0.223458038422649,0.391304347826087,10
0.510111223458038,0.0788675429726997,0.144590495449949,0.920121334681496,0.781092012133468,0.98685540950455,0.509605662285136,0.627906976744186,0.0738119312436805,0.105662285136502,0
0.252780586450961,0.434782608695652,0.473205257836198,0.838725985844287,0.685035389282103,0.654196157735086,0.470677451971689,0.380687563195147,0.0586450960566229,0.243174924165824,1
0.897876643073812,0.160768452982811,0.0808897876643074,0.648634984833165,0.292719919110212,0.415571284125379,0.495449949443883,0.737613751263903,0.503538928210313,0.461071789686552,2
0.906976744186046,0.359959555106168,0.237613751263903,0.534883720930233,0.0728008088978766,0.39737108190091,0.731041456016178,0.398382204246714,0.487360970677452,0.283619817997978,3
0.622851365015167,0.700707785642063,0.0637007077856421,0.317492416582406,0.140546006066734,0.819009100101112,0.489888776541962,0.469160768452983,0.482810920121335,0.377654196157735,4
0.607684529828109,0.604651162790698,0.124368048533873,0.458038422649141,0.46309403437816,0.51314459049545,0.517694641051567,0.547017189079879,0.247724974721941,0.443882709807887,5
0.472699696663296,0.79726996966633,0.0990899898887765,0.0844287158746208,0.418604651162791,0.822042467138524,0.552072800808898,0.522750252780586,0.210313447927199,0.328614762386249,6
0.169868554095046,0.979777553083923,0.469160768452983,0.251769464105157,0.0414560161779575,0.446916076845298,0.806370070778564,0.63953488372093,0.882204246713852,0.445399393326593,7
0.111223458038423,0.956521739130435,0.0571284125379171,0.651162790697674,0.812942366026289,0.633973710819009,0.114256825075834,0.164812942366026,0.428210313447927,0.241658240647118,8
0.0222446916076845,0.931243680485339,0.662285136501517,0.525278058645096,0.300303336703741,0.62891809908999,0.477249747219414,0.225480283114257,0.920121334681496,0.48938321536906,9
0.295247724974722,0.613751263902932,0.411021233569262,0.538928210313448,0.513650151668352,0.793731041456016,0.500505561172902,0.382204246713852,0.208291203235591,0.344287158746208,10
0.173407482305359,0.110212335692619,0.602123356926188,0.929221435793731,0.724974721941355,0.929221435793731,0.867542972699697,0.144590495449949,0.559150657229525,0.070778564206269,0
0.591506572295248,0.15267947421638,0.210313447927199,0.81850353892821,0.743174924165824,0.885743174924166,0.669868554095046,0.855409504550051,0.41051567239636,0.187563195146613,1
0.711830131445905,0.269464105156724,0.247724974721941,0.358948432760364,0.883720930232558,0.379170879676441,0.561172901921132,0.658240647118301,0.236602628918099,0.447927199191102,2
0.804853387259858,0.501516683518706,0.12639029322548,0.334681496461072,0.810920121334681,0.191102123356926,0.500505561172902,0.791708796764409,0.475733063700708,0.109201213346815,3
0.687563195146613,0.746208291203236,0.72901921132457,0.0778564206268959,0.354398382204247,0.669362992922144,0.546006066734075,0.750252780586451,0.730030333670374,0.0485338725985844,4
0.82355915065723,0.793225480283114,0.116279069767442,0.0950455005055612,0.844287158746208,0.653185035389282,0.462082912032356,0.503538928210313,0.760364004044489,0.119312436804853,5
0.584428715874621,0.914560161779575,0.586450960566228,0.0444893832153691,0.301314459049545,0.697168857431749,0.747219413549039,0.892821031344793,0.773508594539939,0.0202224469160768,6
0.15267947421638,0.957532861476239,0.846309403437816,0.233063700707786,0.164307381193124,0.19211324570273,0.225480283114257,1,0.706774519716886,0.320525783619818,7
0.254802831142568,0.866531850353893,0.246208291203236,0.522750252780586,0.481294236602629,0.246713852376138,0.895348837209302,0.964610717896865,0.784630940343782,0.39737108190091,8
0.0546006066734075,0.803842264914055,0.315975733063701,0.766430738119312,0.333670374115268,0.443377148634985,0.636501516683519,0.70525783619818,0.866531850353893,0.0586450960566229,9
0.37108190091001,0.410010111223458,0.320525783619818,0.471688574317492,0.748736097067745,0.334681496461072,0.849848331648129,0.819009100101112,0.0793731041456016,0.382709807886754,10
0.180990899898888,0.102123356926188,0.633973710819009,0.942366026289181,0.735085945399393,0.940343781597573,0.870576339737108,0.121840242669363,0.454499494438827,0.076845298281092,0
0.551061678463094,0.159757330637007,0.236097067745197,0.846309403437816,0.74469160768453,0.900404448938321,0.649646107178969,0.889282103134479,0.353892821031345,0.236602628918099,1
0.723963599595551,0.275025278058645,0.212335692618807,0.392821031344793,0.893832153690597,0.364004044489383,0.639029322548028,0.613751263902932,0.258847320525784,0.421638018200202,2
0.829120323559151,0.513650151668352,0.0748230535894843,0.469160768452983,0.697168857431749,0.134479271991911,0.624368048533873,0.774519716885743,0.389282103134479,0.166329625884732,3
0.683013144590495,0.778564206268959,0.659251769464105,0.0879676440849343,0.396865520728008,0.624873609706775,0.588978766430738,0.760364004044489,0.710313447927199,0.0465116279069767,4
0.807381193124368,0.756319514661274,0.250758341759353,0.0566228513650152,0.746208291203236,0.76592517694641,0.359453993933266,0.424671385237614,0.81041456016178,0.122345803842265,5
0.548028311425683,0.875631951466127,0.826086956521739,0.0606673407482305,0.153185035389282,0.699191102123357,0.79221435793731,0.836198179979778,0.860970677451972,0.0722952477249747,6
0.157735085945399,0.9474216380182,0.870576339737108,0.255813953488372,0.191102123356926,0.141051567239636,0.221435793731041,0.996966632962588,0.80788675429727,0.413549039433771,7
0.205763397371082,0.918099089989889,0.196157735085945,0.471688574317492,0.595045500505561,0.316481294236603,0.930738119312437,0.869565217391304,0.710313447927199,0.291708796764408,8
0.0556117290192113,0.820020222446916,0.258341759352882,0.657735085945399,0.50252780586451,0.33164812942366,0.827098078867543,0.629423660262892,0.875126390293225,0.203741152679474,9
0.31041456016178,0.354903943377149,0.540444893832154,0.488372093023256,0.75530839231547,0.245702730030334,0.700707785642063,0.897876643073812,0.172901921132457,0.335187057633974,10
0.247219413549039,0.0753286147623863,0.582912032355915,0.982810920121335,0.680990899898888,0.964610717896865,0.822042467138524,0.250758341759353,0.414560161779575,0.0303336703741153,0
0.538422649140546,0.166329625884732,0.226996966632963,0.835692618806876,0.756319514661274,0.898887765419616,0.723963599595551,0.879676440849343,0.416582406471183,0.139029322548028,1
0.744186046511628,0.286653185035389,0.162790697674419,0.483316481294237,0.878665318503539,0.356420626895854,0.752780586450961,0.548028311425683,0.302831142568251,0.405965621840243,2
0.854398382204247,0.522244691607684,0.0758341759352882,0.431749241658241,0.690596562184024,0.16582406471183,0.503538928210313,0.841759352881699,0.365520728008089,0.182002022244692,3
0.672396359959555,0.72901921132457,0.781092012133468,0.089989888776542,0.337714863498483,0.638018200202224,0.573306370070779,0.722952477249747,0.770475227502528,0.0631951466127401,4
0.817492416582406,0.731041456016178,0.352376137512639,0.0414560161779575,0.701718907987867,0.791203235591507,0.435793731041456,0.319514661274014,0.826086956521739,0.134479271991911,5
0.559150657229525,0.868554095045501,0.87360970677452,0.0652173913043478,0.0930232558139535,0.673407482305359,0.893326592517695,0.747724974721941,0.879170879676441,0.171890798786653,6
0.211324570273003,0.942366026289181,0.801820020222447,0.130940343781598,0.160768452982811,0.232558139534884,0.390293225480283,0.995955510616785,0.823053589484328,0.465116279069767,7
0.225480283114257,0.892821031344793,0.143579373104146,0.356926188068756,0.674418604651163,0.564206268958544,0.895348837209302,0.798786653185035,0.627401415571284,0.399393326592518,8
0.0535894843276036,0.817492416582406,0.286147623862487,0.569767441860465,0.486349848331648,0.551061678463094,0.748230535894843,0.599595551061679,0.905460060667341,0.240647118301314,9
0.285136501516684,0.342770475227503,0.610212335692619,0.553083923154702,0.728513650151668,0.24469160768453,0.552072800808898,0.891304347826087,0.234074823053589,0.348837209302326,10
0.322548028311426,0.0444893832153691,0.505561172901921,1,0.712841253791709,0.962588473205258,0.756825075834176,0.472699696663296,0.454499494438827,0.00808897876643074,0
0.553083923154702,0.161779575328615,0.201213346814965,0.788675429726997,0.762386248736097,0.890293225480283,0.764914054600607,0.864509605662285,0.48432760364004,0.0859453993933266,1
0.751263902932255,0.294236602628918,0.120323559150657,0.561172901921132,0.822548028311426,0.377148634984833,0.840242669362993,0.51061678463094,0.342770475227503,0.400404448938322,2
0.84732052578362,0.541456016177958,0.11324570273003,0.364004044489383,0.76845298281092,0.173913043478261,0.51061678463094,0.776036400404449,0.477755308392315,0.116279069767442,3
0.707280080889788,0.732558139534884,0.761375126390293,0.0728008088978766,0.325581395348837,0.69211324570273,0.640040444893832,0.668857431749242,0.751263902932255,0.0495449949443883,4
0.819009100101112,0.697674418604651,0.544994944388271,0.0283114256825076,0.583417593528817,0.844287158746208,0.55005055611729,0.272497472194136,0.830131445904954,0.185540950455005,5
0.588473205257836,0.840748230535895,0.904954499494439,0.0788675429726997,0.0525783619817998,0.580384226491405,0.929221435793731,0.682507583417594,0.902932254802831,0.259858442871587,6
0.251769464105157,0.958543983822042,0.717896865520728,0.0525783619817998,0.0829120323559151,0.488877654196158,0.500505561172902,0.998988877654196,0.682507583417594,0.426693629929221,7
0.245702730030334,0.758341759352882,0.352376137512639,0.278058645096057,0.593528816986855,0.231041456016178,0.759352881698686,0.937310414560162,0.81041456016178,0.516683518705763,8
0.0399393326592518,0.825581395348837,0.431749241658241,0.540950455005056,0.401415571284125,0.59201213346815,0.644084934277047,0.57381193124368,0.954499494438827,0.294236602628918,9
0.317997977755308,0.324570273003033,0.594539939332659,0.4737108190091,0.738119312436805,0.353892821031345,0.630940343781598,0.894337714863498,0.312436804853387,0.245702730030334,10
0.335692618806876,0.0414560161779575,0.494944388270981,0.998988877654196,0.689079878665319,0.975733063700708,0.737108190091001,0.459049544994944,0.355915065722952,0.0070778564206269,0
0.551061678463094,0.11830131445905,0.269969666329626,0.693629929221436,0.737108190091001,0.91051567239636,0.612234580384227,0.857431749241658,0.649140546006067,0.0404448938321537,1
0.664307381193124,0.303842264914055,0.188574317492417,0.618806875631951,0.856420626895854,0.403437815975733,0.74469160768453,0.48938321536906,0.256319514661274,0.35793731041456,2
0.833670374115268,0.533367037411527,0.198179979777553,0.233063700707786,0.843276036400404,0.253791708796764,0.373104145601618,0.739130434782609,0.621840242669363,0.0439838220424671,3
0.777047522750253,0.799292214357937,0.605662285136502,0.0399393326592518,0.36046511627907,0.730535894843276,0.756825075834176,0.610717896865521,0.764408493427705,0.0439838220424671,4
0.793225480283114,0.662790697674419,0.701213346814965,0.0313447927199191,0.492416582406471,0.869565217391304,0.754802831142568,0.235085945399393,0.798786653185035,0.198179979777553,5
0.599595551061679,0.723963599595551,0.951466127401416,0.102123356926188,0.0343781597573306,0.297775530839232,0.951466127401416,0.609201213346815,0.946916076845298,0.339737108190091,6
0.213346814964611,0.935288169868554,0.825075834175935,0.0637007077856421,0.0455005055611729,0.511627906976744,0.491405460060667,0.997977755308392,0.750252780586451,0.505055611729019,7
0.160262891809909,0.651162790697674,0.607178968655207,0.536400404448938,0.644084934277047,0.0677451971688574,0.336198179979778,0.902932254802831,0.875126390293225,0.668857431749242,8
0.0283114256825076,0.861476238624874,0.535894843276036,0.567745197168857,0.379170879676441,0.595551061678463,0.566228513650152,0.540950455005056,0.971688574317492,0.325075834175935,9
0.329625884732053,0.309403437815976,0.567239635995956,0.451971688574317,0.714863498483316,0.375631951466127,0.712841253791709,0.846309403437816,0.423154701718908,0.273003033367037,10
0.439838220424671,0.025783619817998,0.376137512639029,0.993933265925177,0.624873609706775,0.992922143579373,0.749241658240647,0.447927199191102,0.260869565217391,0.00606673407482305,0
0.575328614762386,0.0869565217391304,0.317997977755308,0.645096056622851,0.649646107178969,0.958543983822042,0.474721941354904,0.904954499494439,0.671385237613751,0.0262891809908999,1
0.544994944388271,0.302325581395349,0.369565217391304,0.528816986855409,0.891809908998989,0.468149646107179,0.51567239635996,0.479271991911021,0.231041456016178,0.319514661274014,2
0.814964610717897,0.536400404448938,0.200202224469161,0.237613751263903,0.842264914054601,0.340242669362993,0.342770475227503,0.692618806875632,0.583923154701719,0.0313447927199191,3
0.775530839231547,0.744186046511628,0.752275025278059,0.0343781597573306,0.20525783619818,0.722952477249747,0.878159757330637,0.490899898887765,0.827098078867543,0.08948432760364,4
0.704752275025278,0.555106167846309,0.83417593528817,0.057633973710819,0.484833164812942,0.826592517694641,0.819514661274014,0.285136501516684,0.812436804853387,0.154701718907988,5
0.563700707785642,0.616784630940344,0.978766430738119,0.0844287158746208,0.032355915065723,0.156723963599596,0.970677451971689,0.556117290192113,0.959555106167846,0.377654196157735,6
0.148129423660263,0.854398382204247,0.911021233569262,0.200202224469161,0.057633973710819,0.213346814964611,0.264914054600607,0.968655207280081,0.900910010111223,0.583923154701719,7
0.187057633973711,0.719919110212336,0.480283114256825,0.654701718907988,0.523255813953488,0.157735085945399,0.5262891809909,0.827098078867543,0.857431749241658,0.47623862487361,8
0.0202224469160768,0.891809908998989,0.55005055611729,0.543983822042467,0.488877654196158,0.459555106167846,0.727502527805865,0.557633973710819,0.968655207280081,0.507077856420627,9
0.327603640040445,0.269464105156724,0.552072800808898,0.520222446916077,0.70525783619818,0.260869565217391,0.655712841253792,0.814459049544995,0.5525783619818,0.328614762386249,10
0.808897876643074,0.0434782608695652,0.131951466127401,0.759352881698686,0.785642062689585,0.96056622851365,0.537917087967644,0.731041456016178,0.0303336703741153,0.278564206268959,0
0.623862487360971,0.173913043478261,0.347826086956522,0.784630940343782,0.861476238624874,0.809403437815976,0.531344792719919,0.5,0.12639029322548,0.208291203235591,1
0.902932254802831,0.276036400404449,0.224469160768453,0.376643073811931,0.924165824064712,0.371587462082912,0.844287158746208,0.517694641051567,0.131951466127401,0.209302325581395,2
0.883720930232558,0.361981799797776,0.630434782608696,0.116279069767442,0.66835187057634,0.201718907987867,0.636501516683519,0.263902932254803,0.647623862487361,0.340748230535895,3
0.764408493427705,0.496461071789687,0.66582406471183,0.367037411526795,0.309403437815976,0.293225480283114,0.237108190091001,0.419110212335693,0.855409504550051,0.268958543983822,4
0.842264914054601,0.406471183013145,0.657735085945399,0.481294236602629,0.441860465116279,0.294236602628918,0.158746208291203,0.524772497472194,0.815975733063701,0.276036400404449,5
0.567239635995956,0.786653185035389,0.291203235591507,0.38422649140546,0.358442871587462,0.070778564206269,0.839231547017189,0.481294236602629,0.885237613751264,0.417087967644085,6
0.276036400404449,0.912032355915066,0.0070778564206269,0.403943377148635,0.423154701718908,0.795753286147624,0.946410515672396,0.609201213346815,0.699696663296259,0.183013144590495,7
0.198179979777553,0.911021233569262,0.209302325581395,0.191607684529828,0.370070778564206,0.866531850353893,0.790697674418605,0.783619817997978,0.164812942366026,0.317997977755308,8
0.197168857431749,0.222446916076845,0.462082912032356,0.849848331648129,0.663801820020222,0.970677451971689,0.416582406471183,0.552072800808898,0.350859453993933,0.471688574317492,9
0.479271991911021,0.490899898887765,0.588978766430738,0.548028311425683,0.865015166835187,0.330131445904955,0.540444893832154,0.350859453993933,0.601112234580384,0.0475227502527806,10
0.836198179979778,0.038422649140546,0.111223458038423,0.748736097067745,0.791708796764409,0.961577350859454,0.580384226491405,0.70273003033367,0.0540950455005056,0.201213346814965,0
0.595551061678463,0.174924165824065,0.367542972699697,0.708796764408493,0.919110212335693,0.741658240647118,0.786653185035389,0.298281092012133,0.417593528816987,0.120829120323559,1
0.869565217391304,0.259352881698686,0.459555106167846,0.293225480283114,0.972699696663296,0.561678463094034,0.708291203235591,0.509605662285136,0.251769464105157,0.0606673407482305,2
0.877654196157735,0.355915065722952,0.643073811931244,0.15267947421638,0.661274014155713,0.170879676440849,0.624368048533873,0.321536905965622,0.627401415571284,0.393326592517695,3
0.753791708796764,0.495449949443883,0.688068756319515,0.379170879676441,0.352881698685541,0.220424671385238,0.311425682507583,0.373104145601618,0.879170879676441,0.254297269969666,4
0.835187057633974,0.396359959555106,0.671385237613751,0.489888776541962,0.431749241658241,0.266430738119312,0.258341759352882,0.474216380182002,0.867542972699697,0.267947421638018,5
0.510111223458038,0.78412537917088,0.394337714863499,0.258341759352882,0.433265925176946,0.106673407482305,0.841759352881699,0.481294236602629,0.923154701718908,0.285136501516684,6
0.240647118301314,0.944388270980789,0.0141557128412538,0.346309403437816,0.553083923154702,0.70525783619818,0.957532861476239,0.575834175935288,0.614762386248736,0.26592517694641,7
0.142568250758342,0.93427704752275,0.391304347826087,0.249747219413549,0.241658240647118,0.798786653185035,0.862487360970677,0.759352881698686,0.157735085945399,0.372093023255814,8
0.196157735085945,0.229524772497472,0.452477249747219,0.853387259858443,0.626895854398382,0.993933265925177,0.357431749241658,0.554600606673407,0.282103134479272,0.481799797775531,9
0.462082912032356,0.514661274014156,0.632457027300303,0.567745197168857,0.869565217391304,0.348837209302326,0.52376137512639,0.387259858442872,0.605662285136502,0.0364004044489383,10
0.833670374115268,0.0364004044489383,0.104145601617796,0.737108190091001,0.771486349848332,0.969666329625885,0.625884732052578,0.670879676440849,0.0475227502527806,0.211830131445905,0
0.604651162790698,0.163801820020222,0.317997977755308,0.680485338725986,0.913549039433772,0.699191102123357,0.851365015166835,0.315470171890799,0.466632962588473,0.221435793731041,1
0.851365015166835,0.256825075834176,0.48432760364004,0.330637007077856,0.974721941354904,0.593528816986855,0.688574317492417,0.464105156723964,0.264914054600607,0.0616784630940344,2
0.87360970677452,0.382204246713852,0.667340748230536,0.146612740141557,0.637007077856421,0.207280080889788,0.641051567239636,0.291203235591507,0.532861476238625,0.436299292214358,3
0.736097067745197,0.500505561172902,0.594539939332659,0.375126390293225,0.356926188068756,0.190091001011122,0.296258847320526,0.466127401415571,0.890293225480283,0.215369059656218,4
0.811931243680485,0.399393326592518,0.617290192113246,0.4737108190091,0.535894843276036,0.216380182002022,0.343781597573306,0.475733063700708,0.896865520728008,0.145096056622851,5
0.469160768452983,0.791708796764409,0.458038422649141,0.132457027300303,0.437815975733064,0.263902932254803,0.884732052578362,0.390798786653185,0.951466127401416,0.205763397371082,6
0.214863498483316,0.938321536905966,0.140040444893832,0.114256825075834,0.548028311425683,0.532861476238625,0.952477249747219,0.645096056622851,0.740141557128413,0.455005055611729,7
0.156218402426694,0.920626895854398,0.326086956521739,0.269464105156724,0.375126390293225,0.720930232558139,0.933265925176946,0.66582406471183,0.42618806875632,0.291708796764408,8
0.140546006066734,0.273003033367037,0.477755308392315,0.887765419615773,0.644084934277047,0.989888776541962,0.332153690596562,0.453993933265925,0.345298281092012,0.368048533872599,9
0.469160768452983,0.471688574317492,0.546511627906977,0.611223458038423,0.862992922143579,0.350353892821031,0.582406471183013,0.459049544994944,0.569261880687563,0.0232558139534884,10
0.812942366026289,0.0308392315470172,0.112234580384226,0.733063700707786,0.752275025278059,0.981799797775531,0.632457027300303,0.641051567239636,0.0429726996966633,0.222446916076845,0
0.597573306370071,0.145601617795753,0.385237613751264,0.677451971688574,0.89989888776542,0.650151668351871,0.887765419615773,0.327098078867543,0.555106167846309,0.227502527805864,1
0.859959555106168,0.263902932254803,0.352376137512639,0.390293225480283,0.965621840242669,0.540950455005056,0.781092012133468,0.475733063700708,0.17896865520728,0.0839231547017189,2
0.872598584428716,0.415571284125379,0.626895854398382,0.189079878665319,0.578361981799798,0.275530839231547,0.652173913043478,0.252780586450961,0.460060667340748,0.439332659251769,3
0.69464105156724,0.530333670374115,0.457027300303337,0.44994944388271,0.29726996966633,0.223458038422649,0.229524772497472,0.567239635995956,0.871587462082912,0.128412537917088,4
0.760364004044489,0.408493427704752,0.637512639029323,0.418604651162791,0.584934277047523,0.287158746208291,0.428210313447927,0.406471183013145,0.845298281092012,0.157735085945399,5
0.448938321536906,0.802831142568251,0.358948432760364,0.143579373104146,0.417593528816987,0.340242669362993,0.872598584428716,0.396359959555106,0.9211324570273,0.137512639029323,6
0.180990899898888,0.952477249747219,0.141557128412538,0.144590495449949,0.435288169868554,0.69211324570273,0.874620829120324,0.717896865520728,0.567239635995956,0.512133468149646,7
0.19211324570273,0.908998988877654,0.256825075834176,0.303842264914055,0.448432760364004,0.725985844287159,0.92618806875632,0.67644084934277,0.564711830131446,0.387765419615773,8
0.096056622851365,0.316481294236603,0.512639029322548,0.928210313447927,0.670879676440849,0.9737108190091,0.301314459049545,0.402426693629929,0.401415571284125,0.314459049544995,9
0.441860465116279,0.466127401415571,0.525783619817998,0.563700707785642,0.887765419615773,0.301314459049545,0.593023255813954,0.411526794742164,0.606673407482305,0.0374115267947422,10
0.81041456016178,0.0283114256825076,0.102123356926188,0.69211324570273,0.726491405460061,0.990899898887765,0.732052578361982,0.605662285136502,0.0859453993933266,0.104145601617796,0
0.630434782608696,0.119817997977755,0.447927199191102,0.660262891809909,0.90798786653185,0.633973710819009,0.898887765419616,0.33164812942366,0.641051567239636,0.207280080889788,1
0.846309403437816,0.261880687563195,0.337209302325581,0.414560161779575,0.959555106167846,0.526794742163802,0.816481294236603,0.498483316481294,0.176946410515672,0.101112234580384,2
0.875631951466127,0.42618806875632,0.620323559150657,0.243680485338726,0.557128412537917,0.32103134479272,0.621840242669363,0.256825075834176,0.491405460060667,0.403943377148635,3
0.689079878665319,0.547522750252781,0.415571284125379,0.475227502527806,0.247724974721941,0.306875631951466,0.154701718907988,0.699696663296259,0.795753286147624,0.125379170879676,4
0.691102123356926,0.402932254802831,0.719919110212336,0.35793731041456,0.662285136501517,0.380182002022245,0.554095045500506,0.282103134479272,0.780586450960566,0.166329625884732,5
0.438827098078868,0.817492416582406,0.156723963599596,0.155712841253792,0.47118301314459,0.492416582406471,0.858948432760364,0.3948432760364,0.860970677451972,0.0535894843276036,6
0.185035389282103,0.954499494438827,0.168857431749242,0.184529828109201,0.380182002022245,0.671890798786653,0.836703741152679,0.717896865520728,0.629929221435794,0.654196157735086,7
0.138523761375126,0.905965621840243,0.449443882709808,0.417593528816987,0.339737108190091,0.629929221435794,0.896865520728008,0.597067745197169,0.637512639029323,0.386248736097068,8
0.076845298281092,0.368048533872599,0.528311425682508,0.9474216380182,0.695652173913043,0.963599595551062,0.234580384226491,0.420626895854398,0.367542972699697,0.326592517694641,9
0.413549039433771,0.482305358948433,0.437310414560162,0.634984833164813,0.797775530839232,0.443377148634985,0.402932254802831,0.495449949443883,0.439838220424671,0.0414560161779575,10
0.830131445904954,0.025783619817998,0.0829120323559151,0.664812942366026,0.708796764408493,0.985844287158746,0.824064711830131,0.581900910010111,0.168857431749242,0.0394337714863498,0
0.620323559150657,0.121840242669363,0.411021233569262,0.70778564206269,0.913549039433772,0.648129423660263,0.863498483316481,0.334681496461072,0.625379170879676,0.185540950455005,1
0.83164812942366,0.236602628918099,0.388270980788675,0.467644084934277,0.956521739130435,0.444893832153691,0.823053589484328,0.488372093023256,0.196663296258847,0.163801820020222,2
0.88169868554095,0.404954499494439,0.648634984833165,0.248736097067745,0.567239635995956,0.309403437815976,0.626895854398382,0.254802831142568,0.507583417593529,0.364004044489383,3
0.701718907987867,0.559150657229525,0.424671385237614,0.434782608695652,0.261880687563195,0.291708796764408,0.179979777553084,0.646107178968655,0.858442871587462,0.142568250758342,4
0.650151668351871,0.400404448938322,0.764408493427705,0.374115267947422,0.747219413549039,0.433265925176946,0.68149646107179,0.269464105156724,0.693124368048534,0.143579373104146,5
0.437310414560162,0.811931243680485,0.131951466127401,0.122345803842265,0.597067745197169,0.46309403437816,0.910010111223458,0.351870576339737,0.800303336703741,0.08948432760364,6
0.19211324570273,0.940343781597573,0.236097067745197,0.216380182002022,0.373104145601618,0.524266936299292,0.882709807886754,0.553083923154702,0.790192113245703,0.668857431749242,7
0.127906976744186,0.831142568250758,0.378159757330637,0.532861476238625,0.324570273003033,0.737613751263903,0.879676440849343,0.537411526794742,0.650151668351871,0.303842264914055,8
0.0667340748230536,0.383215369059656,0.538928210313448,0.937310414560162,0.685035389282103,0.965621840242669,0.209302325581395,0.514661274014156,0.325581395348837,0.425682507583418,9
0.457027300303337,0.387259858442872,0.296258847320526,0.684529828109201,0.735085945399393,0.400910010111223,0.473205257836198,0.581900910010111,0.341759352881699,0.140546006066734,10
0.412537917087968,0.0182002022244692,0.840748230535895,0.991911021233569,0.911021233569262,0.749241658240647,0.0657229524772497,0.0353892821031345,0.420626895854398,0.88422649140546,0
0.404954499494439,0.233569261880688,0.777553083923155,0.858442871587462,0.954499494438827,0.283114256825076,0.0535894843276036,0.153690596562184,0.246208291203236,0.872093023255814,1
0.665318503538928,0.370070778564206,0.743174924165824,0.563700707785642,0.634479271991911,0.0505561172901921,0.167340748230536,0.37108190091001,0.621840242669363,0.841253791708797,2
0.898887765419616,0.596056622851365,0.648634984833165,0.182507583417594,0.523255813953488,0.183518705763397,0.332153690596562,0.199191102123357,0.518200202224469,0.717896865520728,3
0.864509605662285,0.887259858442872,0.161274014155713,0.0586450960566229,0.578361981799798,0.702224469160768,0.604651162790698,0.137007077856421,0.206774519716886,0.725985844287159,4
0.755813953488372,0.713852376137513,0.612234580384227,0.0738119312436805,0.56319514661274,0.471688574317492,0.365015166835187,0.360970677451972,0.231041456016178,0.618806875631951,5
0.705763397371082,0.923154701718908,0.503538928210313,0.00910010111223458,0.278058645096057,0.740141557128413,0.819514661274014,0.533367037411527,0.11324570273003,0.583923154701719,6
0.403437815975733,0.859453993933266,0.421638018200202,0.0202224469160768,0.373104145601618,0.904954499494439,0.98685540950455,0.554600606673407,0.582406471183013,0.0571284125379171,7
0.223963599595551,0.977755308392316,0.277047522750253,0.238624873609707,0.333670374115268,0.622851365015167,0.771991911021234,0.417087967644085,0.388270980788675,0.135995955510617,8
0.0728008088978766,0.857431749241658,0.712841253791709,0.336703741152679,0.488877654196158,0.403437815975733,0.319514661274014,0.848837209302326,0.240141557128413,0.0525783619817998,9
0.56572295247725,0.627906976744186,0.36046511627907,0.479777553083923,0.600606673407482,0.555106167846309,0.237108190091001,0.493427704752275,0.339737108190091,0.698685540950455,10
0.312436804853387,0.0424671385237614,0.853387259858443,0.893832153690597,0.970677451971689,0.870576339737108,0.0293225480283114,0.0283114256825076,0.603640040444894,0.815470171890799,0
0.450960566228514,0.162790697674419,0.686552072800809,0.916582406471183,0.958543983822042,0.312436804853387,0.125379170879676,0.191102123356926,0.238624873609707,0.879676440849343,1
0.734580384226491,0.313447927199191,0.73407482305359,0.671385237613751,0.66835187057634,0.0348837209302326,0.17644084934277,0.355915065722952,0.554095045500506,0.88422649140546,2
0.918604651162791,0.58948432760364,0.750758341759353,0.182507583417594,0.538928210313448,0.288675429726997,0.271486349848332,0.171385237613751,0.466632962588473,0.657735085945399,3
0.866531850353893,0.89989888776542,0.299797775530839,0.0262891809908999,0.505055611729019,0.614256825075834,0.655712841253792,0.168857431749242,0.200202224469161,0.606167846309403,4
0.799797775530839,0.672396359959555,0.562184024266936,0.112234580384226,0.618806875631951,0.481294236602629,0.492922143579373,0.374620829120324,0.300808897876643,0.486349848331648,5
0.676946410515672,0.914560161779575,0.564711830131446,0.00808897876643074,0.355915065722952,0.841253791708797,0.69464105156724,0.47118301314459,0.121334681496461,0.566734074823054,6
0.431749241658241,0.864509605662285,0.449443882709808,0.0161779575328615,0.306370070778564,0.880687563195147,0.982305358948433,0.526794742163802,0.617795753286148,0.131445904954499,7
0.241658240647118,0.937310414560162,0.452477249747219,0.326592517694641,0.469666329625885,0.250758341759353,0.828614762386249,0.503538928210313,0.695146612740142,0.451466127401416,8
0.0874620829120324,0.82355915065723,0.793225480283114,0.273003033367037,0.427704752275025,0.507583417593529,0.259858442871587,0.86046511627907,0.329625884732053,0.0328614762386249,9
0.526794742163802,0.705763397371082,0.319514661274014,0.527805864509606,0.685035389282103,0.517189079878665,0.20525783619818,0.393326592517695,0.315470171890799,0.680485338725986,10
0.314459049544995,0.0404448938321537,0.851365015166835,0.898887765419616,0.963599595551062,0.87360970677452,0.0353892821031345,0.0232558139534884,0.577856420626896,0.803842264914055,0
0.461071789686552,0.143579373104146,0.669362992922144,0.856420626895854,0.967644084934277,0.324570273003033,0.141051567239636,0.300808897876643,0.299292214357937,0.918099089989889,1
0.720930232558139,0.337714863498483,0.739130434782609,0.735085945399393,0.631951466127401,0.0879676440849343,0.11830131445905,0.287664307381193,0.574823053589484,0.855409504550051,2
0.930232558139535,0.583417593528817,0.800808897876643,0.229524772497472,0.586450960566228,0.180990899898888,0.42366026289181,0.244186046511628,0.429726996966633,0.529322548028311,3
0.852376137512639,0.928210313447927,0.150657229524773,0.0546006066734075,0.506572295247725,0.61577350859454,0.669868554095046,0.153690596562184,0.179979777553084,0.679474216380182,4
0.799797775530839,0.66835187057634,0.521739130434783,0.203235591506572,0.562184024266936,0.403437815975733,0.673913043478261,0.340242669362993,0.32355915065723,0.447927199191102,5
0.634479271991911,0.896865520728008,0.581395348837209,0.0111223458038423,0.345803842264914,0.858442871587462,0.706774519716886,0.438827098078868,0.0965621840242669,0.530839231547017,6
0.425682507583418,0.88169868554095,0.372093023255814,0.0227502527805865,0.292719919110212,0.814964610717897,0.963599595551062,0.446916076845298,0.505561172901921,0.202224469160768,7
0.273508594539939,0.855915065722953,0.597573306370071,0.31041456016178,0.561172901921132,0.117290192113246,0.866026289180991,0.461577350859454,0.843276036400404,0.637007077856421,8
0.103134479271992,0.775025278058645,0.861476238624874,0.325075834175935,0.37108190091001,0.466127401415571,0.244186046511628,0.883720930232558,0.468149646107179,0.0151668351870576,9
0.486349848331648,0.717896865520728,0.335187057633974,0.505055611729019,0.657735085945399,0.431243680485339,0.223458038422649,0.380687563195147,0.306370070778564,0.624873609706775,10
0.386248736097068,0.0212335692618807,0.829625884732053,0.945399393326593,0.9474216380182,0.852376137512639,0.0455005055611729,0.0141557128412538,0.560161779575329,0.760869565217391,0
0.495955510616785,0.146612740141557,0.655712841253792,0.795753286147624,0.969666329625885,0.350353892821031,0.0910010111223458,0.34479271991911,0.372598584428716,0.923154701718908,1
0.68149646107179,0.366026289180991,0.722952477249747,0.762386248736097,0.530333670374115,0.153185035389282,0.0829120323559151,0.141557128412538,0.632962588473205,0.893326592517695,2
0.91304347826087,0.644084934277047,0.741152679474216,0.159251769464105,0.646107178968655,0.143073811931244,0.296258847320526,0.267947421638018,0.532861476238625,0.577350859453994,3
0.839231547017189,0.950455005055612,0.1051567239636,0.117290192113246,0.475227502527806,0.736097067745197,0.683013144590495,0.123356926188069,0.104651162790698,0.863498483316481,4
0.761375126390293,0.683518705763397,0.604145601617796,0.361476238624874,0.443882709807887,0.388270980788675,0.663296258847321,0.364004044489383,0.38675429726997,0.540950455005056,5
0.620323559150657,0.906976744186046,0.342770475227503,0.0364004044489383,0.441860465116279,0.761880687563195,0.918099089989889,0.413549039433771,0.0682507583417594,0.647118301314459,6
0.42366026289181,0.872598584428716,0.392821031344793,0.0475227502527806,0.207280080889788,0.680485338725986,0.974721941354904,0.55005055611729,0.406471183013145,0.18958543983822,7
0.278058645096057,0.850353892821031,0.646612740141557,0.253286147623862,0.481294236602629,0.247724974721941,0.91304347826087,0.427704752275025,0.919110212335693,0.580384226491405,8
0.102123356926188,0.759352881698686,0.842264914054601,0.362992922143579,0.427704752275025,0.285642062689585,0.248736097067745,0.929221435793731,0.558139534883721,0.0141557128412538,9
0.459049544994944,0.691102123356926,0.38422649140546,0.455005055611729,0.606167846309403,0.42366026289181,0.271486349848332,0.445399393326593,0.364004044489383,0.592517694641052,10
0.651668351870576,0.0101112234580384,0.634984833164813,0.892821031344793,0.93427704752275,0.89737108190091,0.0738119312436805,0.00808897876643074,0.521739130434783,0.790697674418605,0
0.424671385237614,0.224469160768453,0.756319514661274,0.852376137512639,0.8948432760364,0.162285136501517,0.0697674418604651,0.248230535894843,0.430738119312437,0.924165824064712,1
0.659251769464105,0.395348837209302,0.746713852376138,0.780586450960566,0.509605662285136,0.114256825075834,0.207280080889788,0.112234580384226,0.583923154701719,0.905460060667341,2
0.901921132457027,0.692618806875632,0.573306370070779,0.226996966632963,0.711830131445905,0.116279069767442,0.18958543983822,0.258847320525784,0.621840242669363,0.617290192113246,3
0.828109201213347,0.959555106167846,0.100606673407482,0.141557128412538,0.44994944388271,0.777047522750253,0.68958543983822,0.149646107178969,0.0849342770475228,0.963599595551062,4
0.700202224469161,0.708796764408493,0.56319514661274,0.442871587462083,0.481294236602629,0.419615773508595,0.567745197168857,0.283114256825076,0.415571284125379,0.737613751263903,5
0.641051567239636,0.916076845298281,0.154196157735086,0.0677451971688574,0.57381193124368,0.724469160768453,0.953488372093023,0.287664307381193,0.111223458038423,0.740141557128413,6
0.4211324570273,0.901921132457027,0.406976744186047,0.0535894843276036,0.216380182002022,0.624873609706775,0.989888776541962,0.61830131445905,0.390293225480283,0.132962588473205,7
0.217896865520728,0.865520728008089,0.340242669362993,0.31850353892821,0.327603640040445,0.727502527805865,0.880687563195147,0.577350859453994,0.57633973710819,0.0631951466127401,8
0.0631951466127401,0.833164812942366,0.791203235591507,0.306370070778564,0.399393326592518,0.352881698685541,0.281092012133468,0.951466127401416,0.370576339737108,0.0242669362992922,9
0.455005055611729,0.714863498483316,0.496461071789687,0.493427704752275,0.539939332659252,0.391304347826087,0.291203235591507,0.535894843276036,0.350859453993933,0.5788675429727,10
0.782608695652174,0.00505561172901921,0.502022244691608,0.911021233569262,0.912032355915066,0.826592517694641,0.0687563195146613,0.0121334681496461,0.458038422649141,0.828614762386249,0
0.383215369059656,0.428715874620829,0.79474216380182,0.876643073811931,0.846814964610718,0.0869565217391304,0.0465116279069767,0.187057633973711,0.495449949443883,0.967644084934277,1
0.653185035389282,0.338725985844287,0.701213346814965,0.791203235591507,0.653690596562184,0.0839231547017189,0.336198179979778,0.0990899898887765,0.495449949443883,0.914054600606673,2
0.900404448938321,0.678463094034378,0.579878665318504,0.314964610717897,0.781092012133468,0.120323559150657,0.177957532861476,0.302325581395349,0.49747219413549,0.739130434782609,3
0.81041456016178,0.946410515672396,0.122345803842265,0.125379170879676,0.395348837209302,0.795753286147624,0.659757330637007,0.185540950455005,0.0965621840242669,0.930232558139535,4
0.643073811931244,0.726996966632963,0.500505561172902,0.49747219413549,0.534883720930233,0.25783619817998,0.646612740141557,0.155712841253792,0.432254802831143,0.819009100101112,5
0.663296258847321,0.939332659251769,0.0980788675429727,0.0687563195146613,0.666329625884732,0.671890798786653,0.939332659251769,0.219919110212336,0.135490394337715,0.714357937310415,6
0.418099089989889,0.96056622851365,0.224469160768453,0.0616784630940344,0.354398382204247,0.618806875631951,0.997977755308392,0.43680485338726,0.275530839231547,0.238624873609707,7
0.242669362992922,0.848331648129424,0.134984833164813,0.428715874620829,0.549039433771486,0.77098078867543,0.906976744186046,0.512639029322548,0.370576339737108,0.0722952477249747,8
0.057633973710819,0.887259858442872,0.770475227502528,0.236602628918099,0.368554095045501,0.44994944388271,0.340242669362993,0.930232558139535,0.336198179979778,0.0283114256825076,9
0.433771486349848,0.74216380182002,0.548028311425683,0.487360970677452,0.555106167846309,0.278058645096057,0.307381193124368,0.603134479271992,0.454499494438827,0.535894843276036,10
0.0414560161779575,0.28412537917088,0.993933265925177,0.944388270980789,0.822548028311426,0.0444893832153691,0.0677451971688574,0.225480283114257,0.514661274014156,0.958038422649141,0
0.17896865520728,0.509100101112235,0.90798786653185,0.81041456016178,0.805864509605662,0.0793731041456016,0.211324570273003,0.0343781597573306,0.376137512639029,0.86046511627907,1
0.514661274014156,0.328614762386249,0.70778564206269,0.828109201213347,0.33164812942366,0.0849342770475228,0.468655207280081,0.051567239635996,0.66835187057634,0.981799797775531,2
0.609706774519717,0.490899898887765,0.29726996966633,0.599089989888777,0.162790697674419,0.467138523761375,0.686552072800809,0.156723963599596,0.571284125379171,0.813447927199191,3
0.603134479271992,0.724974721941355,0.149140546006067,0.478260869565217,0.164307381193124,0.89737108190091,0.607684529828109,0.0859453993933266,0.402426693629929,0.832153690596562,4
0.528816986855409,0.462082912032356,0.284630940343782,0.608695652173913,0.753286147623862,0.561678463094034,0.40798786653185,0.131445904954499,0.213852376137513,0.932760364004044,5
0.446916076845298,0.897876643073812,0.0333670374115268,0.631951466127401,0.55005055611729,0.882204246713852,0.482810920121335,0.195146612740142,0.0394337714863498,0.600606673407482,6
0.299292214357937,0.985844287158746,0.0222446916076845,0.170879676440849,0.846814964610718,0.678463094034378,0.439838220424671,0.160768452982811,0.217391304347826,0.519211324570273,7
0.19211324570273,0.553083923154702,0.404448938321537,0.675429726996967,0.819009100101112,0.413549039433771,0.202224469160768,0.19211324570273,0.306370070778564,0.760869565217391,8
0.161779575328615,0.624873609706775,0.660768452982811,0.970171890798787,0.942366026289181,0.0485338725985844,0.127401415571284,0.0606673407482305,0.280080889787664,0.700202224469161,9
0.389282103134479,0.720930232558139,0.600606673407482,0.663296258847321,0.764408493427705,0.195146612740142,0.345298281092012,0.057633973710819,0.199191102123357,0.956016177957533,10
0.0455005055611729,0.238624873609707,0.995955510616785,0.961577350859454,0.824064711830131,0.0273003033367037,0.0758341759352882,0.368554095045501,0.482810920121335,0.901415571284125,0
0.199191102123357,0.570273003033367,0.859959555106168,0.796764408493428,0.875631951466127,0.121334681496461,0.115267947421638,0.0505561172901921,0.465116279069767,0.849848331648129,1
0.586450960566228,0.27906976744186,0.651162790697674,0.90798786653185,0.271486349848332,0.208291203235591,0.405460060667341,0.0131445904954499,0.720930232558139,0.973205257836198,2
0.556117290192113,0.450960566228514,0.293225480283114,0.593023255813954,0.145601617795753,0.504044489383215,0.679474216380182,0.212335692618807,0.5525783619818,0.839231547017189,3
0.613751263902932,0.730030333670374,0.140040444893832,0.48432760364004,0.151668351870576,0.915065722952477,0.528816986855409,0.0490394337714863,0.479271991911021,0.813447927199191,4
0.52376137512639,0.483316481294237,0.288675429726997,0.623862487360971,0.74469160768453,0.538928210313448,0.415065722952477,0.121840242669363,0.226996966632963,0.906976744186046,5
0.416582406471183,0.903943377148635,0.0232558139534884,0.651162790697674,0.57381193124368,0.887765419615773,0.38675429726997,0.0738119312436805,0.0626895854398382,0.565217391304348,6
0.283114256825076,0.988877654196158,0.0546006066734075,0.0808897876643074,0.685035389282103,0.687563195146613,0.603640040444894,0.221941354903943,0.287158746208291,0.39737108190091,7
0.160262891809909,0.610212335692619,0.541961577350859,0.604651162790698,0.795247724974722,0.416582406471183,0.119312436804853,0.233063700707786,0.359453993933266,0.751263902932255,8
0.18958543983822,0.667340748230536,0.645096056622851,0.98685540950455,0.96056622851365,0.0748230535894843,0.0546006066734075,0.102123356926188,0.203235591506572,0.662285136501517,9
0.399393326592518,0.709807886754297,0.571284125379171,0.670374115267947,0.829120323559151,0.166835187057634,0.330637007077856,0.0748230535894843,0.204246713852376,0.932760364004044,10
0.0338725985844287,0.29221435793731,1,0.879170879676441,0.801820020222447,0.0540950455005056,0.0596562184024267,0.348837209302326,0.537917087967644,0.915571284125379,0
0.202224469160768,0.585439838220425,0.859959555106168,0.747219413549039,0.938321536905966,0.089989888776542,0.0869565217391304,0.106167846309403,0.379170879676441,0.90798786653185,1
0.594034378159757,0.281092012133468,0.608695652173913,0.868554095045501,0.347826086956522,0.221435793731041,0.472194135490394,0.00606673407482305,0.674418604651163,0.98685540950455,2
0.538422649140546,0.374115267947422,0.402426693629929,0.657735085945399,0.0808897876643074,0.465116279069767,0.771991911021234,0.227502527805864,0.53690596562184,0.874115267947422,3
0.590495449949444,0.762386248736097,0.127401415571284,0.456521739130435,0.187057633973711,0.90798786653185,0.478766430738119,0.10010111223458,0.338725985844287,0.865015166835187,4
0.481294236602629,0.50252780586451,0.278058645096057,0.627906976744186,0.800808897876643,0.506572295247725,0.305864509605662,0.135490394337715,0.269464105156724,0.878665318503539,5
0.385237613751264,0.904954499494439,0.0262891809908999,0.616784630940344,0.541961577350859,0.864004044489383,0.569261880687563,0.0242669362992922,0.0758341759352882,0.562689585439838,6
0.262891809908999,0.98685540950455,0.0687563195146613,0.0819009100101112,0.541961577350859,0.775530839231547,0.464105156723964,0.310920121334681,0.329625884732053,0.27098078867543,7
0.180990899898888,0.659251769464105,0.575328614762386,0.62639029322548,0.785642062689585,0.418604651162791,0.144084934277048,0.180990899898888,0.304347826086957,0.736097067745197,8
0.201213346814965,0.643073811931244,0.614256825075834,0.992922143579373,0.981799797775531,0.118806875631951,0.0424671385237614,0.115267947421638,0.149140546006067,0.635995955510617,9
0.401415571284125,0.68149646107179,0.612234580384227,0.690596562184024,0.760364004044489,0.21840242669363,0.396359959555106,0.0556117290192113,0.153690596562184,0.943377148634985,10
0.0313447927199191,0.312436804853387,0.992922143579373,0.883720930232558,0.820525783619818,0.0813953488372093,0.0505561172901921,0.23154701718908,0.646107178968655,0.920626895854398,0
0.204246713852376,0.542972699696663,0.903437815975733,0.667846309403438,0.953488372093023,0.0930232558139535,0.0859453993933266,0.153690596562184,0.228513650151668,0.917087967644085,1
0.592517694641052,0.27098078867543,0.624873609706775,0.897876643073812,0.304853387259858,0.210313447927199,0.46056622851365,0.00910010111223458,0.631445904954499,0.978766430738119,2
0.535389282103135,0.332659251769464,0.428210313447927,0.710819009100101,0.0606673407482305,0.493427704752275,0.779069767441861,0.146612740141557,0.590495449949444,0.846309403437816,3
0.594034378159757,0.767947421638018,0.119312436804853,0.442871587462083,0.243680485338726,0.871587462082912,0.599595551061679,0.125884732052578,0.269464105156724,0.791708796764409,4
0.427704752275025,0.541456016177958,0.283114256825076,0.664812942366026,0.777553083923155,0.488877654196158,0.244186046511628,0.124368048533873,0.382204246713852,0.835692618806876,5
0.369059656218402,0.8948432760364,0.0353892821031345,0.548028311425683,0.616784630940344,0.778564206268959,0.704246713852376,0.0414560161779575,0.0980788675429727,0.492416582406471,6
0.260869565217391,0.980788675429727,0.0652173913043478,0.12639029322548,0.498483316481294,0.799797775530839,0.353892821031345,0.442366026289181,0.13953488372093,0.312942366026289,7
0.22093023255814,0.638018200202224,0.51567239635996,0.714863498483316,0.828109201213347,0.470171890798787,0.212841253791709,0.096056622851365,0.243174924165824,0.760869565217391,8
0.208796764408493,0.608190091001011,0.569261880687563,0.994944388270981,0.993933265925177,0.138018200202224,0.0374115267947422,0.0778564206268959,0.170374115267947,0.601617795753286,9
0.381193124368049,0.698685540950455,0.670374115267947,0.703741152679474,0.616784630940344,0.226491405460061,0.383720930232558,0.0364004044489383,0.201213346814965,0.925176946410516,10
0.0353892821031345,0.315470171890799,0.988877654196158,0.948432760364004,0.775530839231547,0.0697674418604651,0.0525783619817998,0.213346814964611,0.710313447927199,0.905460060667341,0
0.219413549039434,0.53943377148635,0.88169868554095,0.732052578361982,0.9211324570273,0.0717896865520728,0.162790697674419,0.110717896865521,0.21840242669363,0.93680485338726,1
0.596562184024267,0.251769464105157,0.623356926188069,0.943377148634985,0.222952477249747,0.354903943377149,0.206268958543984,0.0212335692618807,0.724974721941355,0.8948432760364,2
0.483316481294237,0.401415571284125,0.381193124368049,0.651162790697674,0.12891809908999,0.542972699696663,0.692618806875632,0.089989888776542,0.701718907987867,0.798786653185035,3
0.611729019211325,0.777047522750253,0.114256825075834,0.440343781597573,0.263902932254803,0.882204246713852,0.48432760364004,0.208291203235591,0.131951466127401,0.820525783619818,4
0.398382204246714,0.549544994944388,0.31041456016178,0.674418604651163,0.808897876643074,0.426693629929221,0.250758341759353,0.116279069767442,0.31850353892821,0.865015166835187,5
0.379170879676441,0.877654196157735,0.0212335692618807,0.60262891809909,0.802831142568251,0.644084934277047,0.610717896865521,0.0434782608695652,0.0889787664307381,0.625884732052578,6
0.267947421638018,0.983822042467139,0.0505561172901921,0.177957532861476,0.51567239635996,0.665318503538928,0.62891809908999,0.385743174924166,0.137512639029323,0.306370070778564,7
0.259858442871587,0.582406471183013,0.493427704752275,0.721941354903943,0.88675429726997,0.556117290192113,0.262891809908999,0.0778564206268959,0.122345803842265,0.822042467138524,8
0.176946410515672,0.662790697674419,0.640040444893832,0.974721941354904,0.989888776541962,0.159251769464105,0.0343781597573306,0.0626895854398382,0.123356926188069,0.550556117290192,9
0.353892821031345,0.760869565217391,0.644084934277047,0.647118301314459,0.649646107178969,0.122345803842265,0.274519716885743,0.0525783619817998,0.202224469160768,0.931243680485339,10
0.0470171890798787,0.280080889787664,0.987866531850354,0.977755308392316,0.765419615773509,0.0475227502527806,0.0667340748230536,0.242669362992922,0.61324570273003,0.919110212335693,0
0.238119312436805,0.509100101112235,0.849342770475228,0.820020222446916,0.877654196157735,0.0728008088978766,0.290192113245703,0.0404448938321537,0.302831142568251,0.96056622851365,1
0.570273003033367,0.259352881698686,0.627906976744186,0.924165824064712,0.295753286147624,0.312436804853387,0.254802831142568,0.0273003033367037,0.611729019211325,0.85793731041456,2
0.435793731041456,0.439838220424671,0.382204246713852,0.637007077856421,0.171890798786653,0.548028311425683,0.552072800808898,0.0940343781597573,0.657735085945399,0.820525783619818,3
0.632457027300303,0.76592517694641,0.15267947421638,0.395854398382204,0.23154701718908,0.836703741152679,0.724974721941355,0.262386248736097,0.0879676440849343,0.765419615773509,4
0.365015166835187,0.56319514661274,0.494944388270981,0.667846309403438,0.73154701718908,0.385743174924166,0.329625884732053,0.0687563195146613,0.177957532861476,0.944388270980789,5
0.363498483316481,0.898887765419616,0.0611729019211325,0.551567239635996,0.65520728008089,0.605662285136502,0.741658240647118,0.0803842264914055,0.0242669362992922,0.809908998988878,6
0.28412537917088,0.987866531850354,0.0677451971688574,0.221941354903943,0.496461071789687,0.547017189079879,0.769969666329626,0.274014155712841,0.130434782608696,0.413549039433771,7
0.256319514661274,0.573306370070779,0.450960566228514,0.720930232558139,0.943882709807887,0.5525783619818,0.258341759352882,0.0637007077856421,0.101112234580384,0.837209302325581,8
0.149646107178969,0.702224469160768,0.692618806875632,0.91304347826087,0.991911021233569,0.103640040444894,0.0616784630940344,0.0596562184024267,0.141557128412538,0.527805864509606,9
0.338725985844287,0.743174924165824,0.706774519716886,0.590495449949444,0.716380182002022,0.0980788675429727,0.233569261880688,0.129929221435794,0.103134479271992,0.939838220424671,10
0.187057633973711,0.211324570273003,0.938321536905966,0.854398382204247,0.798786653185035,0.254802831142568,0.0151668351870576,0.0980788675429727,0.472194135490394,0.942366026289181,0
0.281092012133468,0.578361981799798,0.855409504550051,0.88675429726997,0.951466127401416,0.457027300303337,0.104145601617796,0.0950455005055612,0.120323559150657,0.835692618806876,1
0.402426693629929,0.530333670374115,0.587462082912032,0.729524772497472,0.625884732052578,0.0793731041456016,0.167340748230536,0.407482305358948,0.264914054600607,0.961577350859454,2
0.759352881698686,0.567239635995956,0.089989888776542,0.67644084934277,0.412537917087968,0.309403437815976,0.312436804853387,0.166835187057634,0.619312436804853,0.994944388270981,3
0.507583417593529,0.845298281092012,0.0859453993933266,0.119312436804853,0.639029322548028,0.601617795753286,0.614256825075834,0.176946410515672,0.442366026289181,0.862487360970677,4
0.645096056622851,0.843276036400404,0.123356926188069,0.286147623862487,0.511627906976744,0.450960566228514,0.721941354903943,0.133973710819009,0.306370070778564,0.898887765419616,5
0.532861476238625,0.787664307381193,0.32355915065723,0.114256825075834,0.399393326592518,0.748230535894843,0.864509605662285,0.584428715874621,0.229524772497472,0.622851365015167,6
0.336703741152679,0.918099089989889,0.222446916076845,0.0353892821031345,0.689079878665319,0.835187057633974,0.964610717896865,0.591001011122346,0.538928210313448,0.310920121334681,7
0.214863498483316,0.804853387259858,0.868554095045501,0.160768452982811,0.66835187057634,0.640546006066734,0.244186046511628,0.572295247724975,0.274014155712841,0.174924165824065,8
0.200202224469161,0.587462082912032,0.70525783619818,0.73407482305359,0.93427704752275,0.583417593528817,0.0333670374115268,0.190091001011122,0.0990899898887765,0.247219413549039,9
0.400404448938322,0.632457027300303,0.326086956521739,0.498483316481294,0.88169868554095,0.291708796764408,0.309908998988878,0.312942366026289,0.0940343781597573,0.876643073811931,10
0.269464105156724,0.130434782608696,0.928210313447927,0.940343781597573,0.80788675429727,0.325581395348837,0.032355915065723,0.0490394337714863,0.295247724974722,0.958038422649141,0
0.309403437815976,0.427704752275025,0.812942366026289,0.885743174924166,0.979271991911021,0.697168857431749,0.194135490394338,0.173407482305359,0.0728008088978766,0.867542972699697,1
0.428715874620829,0.464105156723964,0.475227502527806,0.799797775530839,0.656218402426694,0.112234580384226,0.159757330637007,0.300808897876643,0.322548028311426,0.965621840242669,2
0.741152679474216,0.565217391304348,0.0920121334681496,0.697674418604651,0.328614762386249,0.420626895854398,0.247724974721941,0.188574317492417,0.719919110212336,0.928210313447927,3
0.524772497472194,0.827098078867543,0.0839231547017189,0.106167846309403,0.783619817997978,0.626895854398382,0.395348837209302,0.228513650151668,0.437815975733064,0.804853387259858,4
0.632457027300303,0.805864509605662,0.167846309403438,0.311931243680485,0.403437815975733,0.546006066734075,0.781092012133468,0.125884732052578,0.25783619817998,0.888776541961577,5
0.557128412537917,0.793225480283114,0.369565217391304,0.0864509605662285,0.388270980788675,0.758341759352882,0.935793731041456,0.569261880687563,0.210313447927199,0.553083923154702,6
0.340748230535895,0.922143579373104,0.202224469160768,0.0455005055611729,0.69464105156724,0.769464105156724,0.975733063700708,0.657229524772498,0.644084934277047,0.315975733063701,7
0.235591506572295,0.745197168857432,0.887259858442872,0.204752275025278,0.64206268958544,0.683518705763397,0.325581395348837,0.614762386248736,0.377654196157735,0.203741152679474,8
0.183518705763397,0.617795753286148,0.746713852376138,0.69211324570273,0.936299292214358,0.59201213346815,0.0303336703741153,0.221941354903943,0.0920121334681496,0.225480283114257,9
0.407482305358948,0.621840242669363,0.389787664307381,0.460060667340748,0.866531850353893,0.417593528816987,0.322042467138524,0.317492416582406,0.0697674418604651,0.889787664307381,10
0.329625884732053,0.096056622851365,0.912032355915066,0.963599595551062,0.830131445904954,0.431243680485339,0.0364004044489383,0.0202224469160768,0.193124368048534,0.94994944388271,0
0.324570273003033,0.369059656218402,0.782608695652174,0.906976744186046,0.971688574317492,0.761880687563195,0.341759352881699,0.147623862487361,0.0808897876643074,0.811931243680485,1
0.469160768452983,0.411526794742164,0.340242669362993,0.903437815975733,0.709807886754297,0.162285136501517,0.138018200202224,0.185540950455005,0.375126390293225,0.951971688574317,2
0.738119312436805,0.561172901921132,0.11830131445905,0.661274014155713,0.367037411526795,0.312436804853387,0.33417593528817,0.188574317492417,0.70273003033367,0.891809908998989,3
0.539939332659252,0.825581395348837,0.038422649140546,0.186046511627907,0.879676440849343,0.588473205257836,0.293731041456016,0.204246713852376,0.490394337714864,0.763397371081901,4
0.621840242669363,0.790192113245703,0.204752275025278,0.245197168857432,0.526794742163802,0.499494438827098,0.764914054600607,0.143579373104146,0.210313447927199,0.887765419615773,5
0.543983822042467,0.77098078867543,0.419615773508595,0.0970677451971689,0.320020222446916,0.69464105156724,0.93427704752275,0.693629929221436,0.312436804853387,0.559656218402427,6
0.33164812942366,0.927199191102123,0.215369059656218,0.0374115267947422,0.70273003033367,0.745197168857432,0.984833164812942,0.654196157735086,0.710313447927199,0.309403437815976,7
0.236602628918099,0.712841253791709,0.897876643073812,0.250758341759353,0.630434782608696,0.674418604651163,0.37108190091001,0.651668351870576,0.380182002022245,0.256319514661274,8
0.156218402426694,0.693629929221436,0.720930232558139,0.725985844287159,0.931243680485339,0.483316481294237,0.0202224469160768,0.230535894843276,0.076845298281092,0.32355915065723,9
0.418099089989889,0.632457027300303,0.47623862487361,0.489888776541962,0.766936299292214,0.378159757330637,0.540444893832154,0.333164812942366,0.0343781597573306,0.91304347826087,10
0.361981799797776,0.0879676440849343,0.906976744186046,0.958038422649141,0.848331648129424,0.51567239635996,0.0267947421638018,0.019211324570273,0.133973710819009,0.953488372093023,0
0.35793731041456,0.298281092012133,0.754297269969666,0.923154701718908,0.957532861476239,0.800808897876643,0.571789686552073,0.148634984833165,0.0778564206268959,0.783114256825076,1
0.47623862487361,0.388776541961577,0.337209302325581,0.927199191102123,0.630434782608696,0.32103134479272,0.121334681496461,0.0930232558139535,0.424671385237614,0.93427704752275,2
0.733063700707786,0.544994944388271,0.129929221435794,0.632962588473205,0.423154701718908,0.226491405460061,0.451466127401416,0.21840242669363,0.599089989888777,0.908998988877654,3
0.541456016177958,0.82355915065723,0.0535894843276036,0.225480283114257,0.74216380182002,0.604651162790698,0.585945399393327,0.110717896865521,0.436299292214358,0.784630940343782,4
0.606673407482305,0.763397371081901,0.193124368048534,0.246713852376138,0.653690596562184,0.520222446916077,0.718907987866532,0.106167846309403,0.21587462082912,0.901415571284125,5
0.516683518705763,0.78159757330637,0.352376137512639,0.0970677451971689,0.338725985844287,0.78159757330637,0.897876643073812,0.73407482305359,0.269464105156724,0.609706774519717,6
0.311425682507583,0.929221435793731,0.298281092012133,0.0333670374115268,0.604651162790698,0.823053589484328,0.959555106167846,0.624368048533873,0.736097067745197,0.308392315470172,7
0.232558139534884,0.704752275025278,0.8948432760364,0.280586450960566,0.680990899898888,0.624873609706775,0.394337714863499,0.688574317492417,0.289686552072801,0.252780586450961,8
0.137512639029323,0.750758341759353,0.733063700707786,0.68149646107179,0.927199191102123,0.448938321536906,0.0101112234580384,0.169868554095046,0.15520728008089,0.366531850353893,9
0.443882709807887,0.587462082912032,0.518200202224469,0.502022244691608,0.716380182002022,0.338725985844287,0.691102123356926,0.388270980788675,0.0283114256825076,0.872093023255814,10
0.396359959555106,0.0596562184024267,0.916076845298281,0.967644084934277,0.851365015166835,0.51061678463094,0.0212335692618807,0.0394337714863498,0.106167846309403,0.966632962588473,0
0.372598584428716,0.252780586450961,0.769464105156724,0.84732052578362,0.962588473205258,0.791203235591507,0.549039433771486,0.290192113245703,0.0429726996966633,0.801314459049545,1
0.445904954499494,0.390293225480283,0.48685540950455,0.931243680485339,0.525783619817998,0.392315470171891,0.153185035389282,0.0844287158746208,0.365520728008089,0.927199191102123,2
0.698179979777553,0.516683518705763,0.137512639029323,0.638018200202224,0.484833164812942,0.197168857431749,0.428210313447927,0.330131445904955,0.486349848331648,0.956016177957533,3
0.562184024266936,0.813447927199191,0.0798786653185035,0.23154701718908,0.591001011122346,0.70525783619818,0.698685540950455,0.0824064711830131,0.343781597573306,0.815470171890799,4
0.630434782608696,0.752275025278059,0.191102123356926,0.289180990899899,0.698685540950455,0.558139534883721,0.686552072800809,0.0869565217391304,0.189079878665319,0.875631951466127,5
0.48938321536906,0.80788675429727,0.197168857431749,0.109201213346815,0.439332659251769,0.856420626895854,0.855409504550051,0.559150657229525,0.190596562184024,0.638523761375126,6
0.300303336703741,0.930232558139535,0.303336703741153,0.032355915065723,0.496461071789687,0.954499494438827,0.935793731041456,0.626895854398382,0.367542972699697,0.288169868554095,7
0.228513650151668,0.691102123356926,0.856420626895854,0.288169868554095,0.740141557128413,0.682002022244692,0.405460060667341,0.654196157735086,0.262891809908999,0.197168857431749,8
0.116279069767442,0.767947421638018,0.776036400404449,0.643073811931244,0.889787664307381,0.459555106167846,0.00910010111223458,0.171385237613751,0.195146612740142,0.346814964610718,9
0.44994944388271,0.630940343781598,0.468149646107179,0.465116279069767,0.795247724974722,0.428715874620829,0.492922143579373,0.376137512639029,0.057633973710819,0.849848331648129,10
0.382204246713852,0.0667340748230536,0.914054600606673,0.970171890798787,0.840242669362993,0.490394337714864,0.0222446916076845,0.0333670374115268,0.115267947421638,0.977755308392316,0
0.345803842264914,0.253791708796764,0.82103134479272,0.829120323559151,0.968655207280081,0.743174924165824,0.402932254802831,0.358948432760364,0.038422649140546,0.808897876643074,1
0.394337714863499,0.47623862487361,0.591506572295248,0.884732052578362,0.610717896865521,0.125884732052578,0.148634984833165,0.176946410515672,0.232558139534884,0.935288169868554,2
0.671385237613751,0.52376137512639,0.134984833164813,0.641051567239636,0.520728008088979,0.177957532861476,0.38169868554095,0.310920121334681,0.493427704752275,0.984833164812942,3
0.572295247724975,0.801820020222447,0.108190091001011,0.196663296258847,0.591001011122346,0.716885743174924,0.785642062689585,0.11324570273003,0.24469160768453,0.826592517694641,4
0.614762386248736,0.747219413549039,0.177957532861476,0.316481294236603,0.71840242669363,0.570778564206269,0.636501516683519,0.108190091001011,0.158746208291203,0.896865520728008,5
0.472699696663296,0.83417593528817,0.0950455005055612,0.190091001011122,0.514661274014156,0.878665318503539,0.905460060667341,0.345803842264914,0.140546006066734,0.657735085945399,6
0.296764408493428,0.925176946410516,0.293225480283114,0.038422649140546,0.446916076845298,0.956016177957533,0.922143579373104,0.740141557128413,0.184024266936299,0.413549039433771,7
0.212335692618807,0.685540950455005,0.791203235591507,0.29221435793731,0.788675429726997,0.750252780586451,0.324570273003033,0.598584428715875,0.21587462082912,0.277047522750253,8
0.106167846309403,0.799292214357937,0.789686552072801,0.64206268958544,0.826592517694641,0.471688574317492,0.00505561172901921,0.223458038422649,0.166835187057634,0.350859453993933,9
0.456016177957533,0.65520728008089,0.432760364004044,0.422649140546006,0.870576339737108,0.50252780586451,0.302831142568251,0.372093023255814,0.104651162790698,0.853387259858443,10
